data_source_name,field_name,field_type,mainframe_data_type,generic_data_type,level,data_length,business_definition,logical_group,display_format,display_length,decimal_positions,signed_indicator,usage_clause,occurs_min,occurs_max,occurs_depending,redefines_field,root_record,field_position,synchronized,justified,blank_when_zero,value_clause,condition_values,condition_ranges,is_inline
COACCT01,WS-MQ-MSG-FLAG,FIELD,X(01),ALPHANUMERIC,1,1,Message queue flag indicator (VALUE 'N'),WS-MQ-MSG-FLAG,X,1,0,NO,DISPLAY,,,,,WS-MQ-MSG-FLAG,1,NO,,NO,'N',,,YES
COACCT01,NO-MORE-MSGS,CONDITION,N/A,DISPLAY,88,0,Condition: no more messages available in queue (VALUE 'Y'),WS-MQ-MSG-FLAG,N/A,0,0,NO,DISPLAY,,,,,WS-MQ-MSG-FLAG,1,NO,,NO,,'Y',,YES
COACCT01,WS-RESP-QUEUE-STS,FIELD,X(01),ALPHANUMERIC,1,1,Response queue status flag (VALUE 'N'),WS-RESP-QUEUE-STS,X,1,0,NO,DISPLAY,,,,,WS-RESP-QUEUE-STS,1,NO,,NO,'N',,,YES
COACCT01,RESP-QUEUE-OPEN,CONDITION,N/A,DISPLAY,88,0,Condition: response queue is open (VALUE 'Y'),WS-RESP-QUEUE-STS,N/A,0,0,NO,DISPLAY,,,,,WS-RESP-QUEUE-STS,1,NO,,NO,,'Y',,YES
COACCT01,WS-ERR-QUEUE-STS,FIELD,X(01),ALPHANUMERIC,1,1,Error queue status flag (VALUE 'N'),WS-ERR-QUEUE-STS,X,1,0,NO,DISPLAY,,,,,WS-ERR-QUEUE-STS,1,NO,,NO,'N',,,YES
COACCT01,ERR-QUEUE-OPEN,CONDITION,N/A,DISPLAY,88,0,Condition: error queue is open (VALUE 'Y'),WS-ERR-QUEUE-STS,N/A,0,0,NO,DISPLAY,,,,,WS-ERR-QUEUE-STS,1,NO,,NO,,'Y',,YES
COACCT01,WS-REPLY-QUEUE-STS,FIELD,X(01),ALPHANUMERIC,1,1,Reply queue status flag (VALUE 'N'),WS-REPLY-QUEUE-STS,X,1,0,NO,DISPLAY,,,,,WS-REPLY-QUEUE-STS,1,NO,,NO,'N',,,YES
COACCT01,REPLY-QUEUE-OPEN,CONDITION,N/A,DISPLAY,88,0,Condition: reply queue is open (VALUE 'Y'),WS-REPLY-QUEUE-STS,N/A,0,0,NO,DISPLAY,,,,,WS-REPLY-QUEUE-STS,1,NO,,NO,,'Y',,YES
COACCT01,WS-CICS-RESP-CDS,RECORD,N/A,GROUP,1,24,CICS response codes group,WS-CICS-RESP-CDS,N/A,0,0,NO,DISPLAY,,,,,WS-CICS-RESP-CDS,1,NO,,NO,,,,YES
COACCT01,WS-CICS-RESP1-CD,FIELD,S9(08) COMP,BINARY,5,4,"Primary CICS response code (USAGE COMP, VALUE ZERO)",WS-CICS-RESP-CDS,'+/-99999999,9,0,YES,COMP,,,,,WS-CICS-RESP-CDS,1,NO,,NO,ZERO,,,YES
COACCT01,WS-CICS-RESP2-CD,FIELD,S9(08) COMP,BINARY,5,4,"Secondary CICS response code (USAGE COMP, VALUE ZERO)",WS-CICS-RESP-CDS,'+/-99999999,9,0,YES,COMP,,,,,WS-CICS-RESP-CDS,5,NO,,NO,ZERO,,,YES
COACCT01,WS-CICS-RESP1-CD-D,FIELD,9(08),NUMERIC,5,8,Primary CICS response code display format (VALUE ZERO),WS-CICS-RESP-CDS,99999999,8,0,NO,DISPLAY,,,,,WS-CICS-RESP-CDS,9,NO,,NO,ZERO,,,YES
COACCT01,WS-CICS-RESP2-CD-D,FIELD,9(08),NUMERIC,5,8,Secondary CICS response code display format (VALUE ZERO),WS-CICS-RESP-CDS,99999999,8,0,NO,DISPLAY,,,,,WS-CICS-RESP-CDS,17,NO,,NO,ZERO,,,YES
COACCT01,WS-DATE-TIME,RECORD,N/A,GROUP,1,26,Date and time information group,WS-DATE-TIME,N/A,0,0,NO,DISPLAY,,,,,WS-DATE-TIME,1,NO,,NO,,,,YES
COACCT01,WS-ABS-TIME,FIELD,S9(15) COMP-3,PACKED,10,8,"Absolute time value in packed decimal format (USAGE COMP-3, VALUE ZERO)",WS-DATE-TIME,'+/-999999999999999,16,0,YES,COMP-3,,,,,WS-DATE-TIME,1,NO,,NO,ZERO,,,YES
COACCT01,WS-MMDDYYYY,FIELD,X(10),ALPHANUMERIC,10,10,Date in MM/DD/YYYY format (VALUE SPACES),WS-DATE-TIME,X(10),10,0,NO,DISPLAY,,,,,WS-DATE-TIME,9,NO,,NO,SPACES,,,YES
COACCT01,WS-TIME,FIELD,X(8),ALPHANUMERIC,10,8,Time in HH:MM:SS format (VALUE SPACES),WS-DATE-TIME,X(8),8,0,NO,DISPLAY,,,,,WS-DATE-TIME,19,NO,,NO,SPACES,,,YES
COACCT01,MQ-QUEUE,FIELD,X(48),ALPHANUMERIC,1,48,Message queue name (48 characters),MQ-QUEUE,X(48),48,0,NO,DISPLAY,,,,,MQ-QUEUE,1,NO,,NO,,,,YES
COACCT01,MQ-QUEUE-REPLY,FIELD,X(48),ALPHANUMERIC,1,48,Reply message queue name (48 characters),MQ-QUEUE-REPLY,X(48),48,0,NO,DISPLAY,,,,,MQ-QUEUE-REPLY,1,NO,,NO,,,,YES
COACCT01,MQ-HCONN,FIELD,S9(09) BINARY,BINARY,1,4,"Message queue connection handle (USAGE BINARY, VALUE 0)",MQ-HCONN,'+/-999999999,10,0,YES,BINARY,,,,,MQ-HCONN,1,NO,,NO,0,,,YES
COACCT01,MQ-CONDITION-CODE,FIELD,S9(09) BINARY,BINARY,1,4,"Message queue condition code (USAGE BINARY, VALUE 0)",MQ-CONDITION-CODE,'+/-999999999,10,0,YES,BINARY,,,,,MQ-CONDITION-CODE,1,NO,,NO,0,,,YES
COACCT01,MQ-REASON-CODE,FIELD,S9(09) BINARY,BINARY,1,4,"Message queue reason code (USAGE BINARY, VALUE 0)",MQ-REASON-CODE,'+/-999999999,10,0,YES,BINARY,,,,,MQ-REASON-CODE,1,NO,,NO,0,,,YES
COACCT01,MQ-HOBJ,FIELD,S9(09) BINARY,BINARY,1,4,"Message queue object handle (USAGE BINARY, VALUE 0)",MQ-HOBJ,'+/-999999999,10,0,YES,BINARY,,,,,MQ-HOBJ,1,NO,,NO,0,,,YES
COACCT01,MQ-OPTIONS,FIELD,S9(09) BINARY,BINARY,1,4,"Message queue operation options (USAGE BINARY, VALUE 0)",MQ-OPTIONS,'+/-999999999,10,0,YES,BINARY,,,,,MQ-OPTIONS,1,NO,,NO,0,,,YES
COACCT01,MQ-BUFFER-LENGTH,FIELD,S9(09) BINARY,BINARY,1,4,Length of message buffer in bytes (USAGE BINARY),MQ-BUFFER-LENGTH,'+/-999999999,10,0,YES,BINARY,,,,,MQ-BUFFER-LENGTH,1,NO,,NO,,,,YES
COACCT01,MQ-BUFFER,FIELD,X(1000),ALPHANUMERIC,1,1000,Message buffer storage area (1000 characters),MQ-BUFFER,X(1000),1000,0,NO,DISPLAY,,,,,MQ-BUFFER,1,NO,,NO,,,,YES
COACCT01,MQ-DATA-LENGTH,FIELD,S9(09) BINARY,BINARY,1,4,Actual length of message data (USAGE BINARY),MQ-DATA-LENGTH,'+/-999999999,10,0,YES,BINARY,,,,,MQ-DATA-LENGTH,1,NO,,NO,,,,YES
COACCT01,MQ-CORRELID,FIELD,X(24),ALPHANUMERIC,1,24,Message correlation identifier (24 characters),MQ-CORRELID,X(24),24,0,NO,DISPLAY,,,,,MQ-CORRELID,1,NO,,NO,,,,YES
COACCT01,MQ-MSG-ID,FIELD,X(24),ALPHANUMERIC,1,24,Message identifier (24 characters),MQ-MSG-ID,X(24),24,0,NO,DISPLAY,,,,,MQ-MSG-ID,1,NO,,NO,,,,YES
COACCT01,MQ-MSG-COUNT,FIELD,9(09),NUMERIC,1,9,Message count counter (9 digits),MQ-MSG-COUNT,999999999,9,0,NO,DISPLAY,,,,,MQ-MSG-COUNT,1,NO,,NO,,,,YES
COACCT01,SAVE-CORELID,FIELD,X(24),ALPHANUMERIC,1,24,Saved correlation identifier (24 characters),SAVE-CORELID,X(24),24,0,NO,DISPLAY,,,,,SAVE-CORELID,1,NO,,NO,,,,YES
COACCT01,SAVE-MSGID,FIELD,X(24),ALPHANUMERIC,1,24,Saved message identifier (24 characters),SAVE-MSGID,X(24),24,0,NO,DISPLAY,,,,,SAVE-MSGID,1,NO,,NO,,,,YES
COACCT01,SAVE-REPLY2Q,FIELD,X(48),ALPHANUMERIC,1,48,Saved reply queue name (48 characters),SAVE-REPLY2Q,X(48),48,0,NO,DISPLAY,,,,,SAVE-REPLY2Q,1,NO,,NO,,,,YES
COACCT01,MQ-ERR-DISPLAY,RECORD,N/A,GROUP,1,113,Message queue error display group,MQ-ERR-DISPLAY,N/A,0,0,NO,DISPLAY,,,,,MQ-ERR-DISPLAY,1,NO,,NO,,,,YES
COACCT01,MQ-ERROR-PARA,FIELD,X(25),ALPHANUMERIC,5,25,Error paragraph name or description (25 characters),MQ-ERR-DISPLAY,X(25),25,0,NO,DISPLAY,,,,,MQ-ERR-DISPLAY,1,NO,,NO,,,,YES
COACCT01,FILLER-1,FIELD,X(02),ALPHANUMERIC,5,2,"Reserved placeholder field used for data structure alignment, padding, or holding constant values",MQ-ERR-DISPLAY,X(2),2,0,NO,DISPLAY,,,,,MQ-ERR-DISPLAY,26,NO,,NO,SPACES,,,YES
COACCT01,MQ-APPL-RETURN-MESSAGE,FIELD,X(25),ALPHANUMERIC,5,25,Application return message text (25 characters),MQ-ERR-DISPLAY,X(25),25,0,NO,DISPLAY,,,,,MQ-ERR-DISPLAY,28,NO,,NO,,,,YES
COACCT01,FILLER-2,FIELD,X(02),ALPHANUMERIC,5,2,"Reserved placeholder field used for data structure alignment, padding, or holding constant values",MQ-ERR-DISPLAY,X(2),2,0,NO,DISPLAY,,,,,MQ-ERR-DISPLAY,53,NO,,NO,SPACES,,,YES
COACCT01,MQ-APPL-CONDITION-CODE,FIELD,9(02),NUMERIC,5,2,Application condition code (2 digits),MQ-ERR-DISPLAY,99,2,0,NO,DISPLAY,,,,,MQ-ERR-DISPLAY,55,NO,,NO,,,,YES
COACCT01,FILLER-3,FIELD,X(02),ALPHANUMERIC,5,2,"Reserved placeholder field used for data structure alignment, padding, or holding constant values",MQ-ERR-DISPLAY,X(2),2,0,NO,DISPLAY,,,,,MQ-ERR-DISPLAY,57,NO,,NO,SPACES,,,YES
COACCT01,MQ-APPL-REASON-CODE,FIELD,9(05),NUMERIC,5,5,Application reason code (5 digits),MQ-ERR-DISPLAY,99999,5,0,NO,DISPLAY,,,,,MQ-ERR-DISPLAY,59,NO,,NO,,,,YES
COACCT01,FILLER-4,FIELD,X(02),ALPHANUMERIC,5,2,"Reserved placeholder field used for data structure alignment, padding, or holding constant values",MQ-ERR-DISPLAY,X(2),2,0,NO,DISPLAY,,,,,MQ-ERR-DISPLAY,64,NO,,NO,SPACES,,,YES
COACCT01,MQ-APPL-QUEUE-NAME,FIELD,X(48),ALPHANUMERIC,5,48,Application queue name (48 characters),MQ-ERR-DISPLAY,X(48),48,0,NO,DISPLAY,,,,,MQ-ERR-DISPLAY,66,NO,,NO,,,,YES
COACCT01,MQ-GET-MESSAGE-OPTIONS,RECORD,N/A,GROUP,1,0,Message queue get message options structure,MQ-GET-MESSAGE-OPTIONS,N/A,0,0,NO,DISPLAY,,,,,MQ-GET-MESSAGE-OPTIONS,1,NO,,NO,,,,YES
COACCT01,MQ-PUT-MESSAGE-OPTIONS,RECORD,N/A,GROUP,1,0,Message queue put message options structure,MQ-PUT-MESSAGE-OPTIONS,N/A,0,0,NO,DISPLAY,,,,,MQ-PUT-MESSAGE-OPTIONS,1,NO,,NO,,,,YES
COACCT01,MQ-MESSAGE-DESCRIPTOR,RECORD,N/A,GROUP,1,0,Message queue message descriptor structure,MQ-MESSAGE-DESCRIPTOR,N/A,0,0,NO,DISPLAY,,,,,MQ-MESSAGE-DESCRIPTOR,1,NO,,NO,,,,YES
COACCT01,MQ-OBJECT-DESCRIPTOR,RECORD,N/A,GROUP,1,0,Message queue object descriptor structure,MQ-OBJECT-DESCRIPTOR,N/A,0,0,NO,DISPLAY,,,,,MQ-OBJECT-DESCRIPTOR,1,NO,,NO,,,,YES
COACCT01,MQ-CONSTANTS,RECORD,N/A,GROUP,1,0,Message queue constants definition group,MQ-CONSTANTS,N/A,0,0,NO,DISPLAY,,,,,MQ-CONSTANTS,1,NO,,NO,,,,YES
COACCT01,MQ-GET-QUEUE-MESSAGE,RECORD,N/A,GROUP,1,0,Message queue get queue message structure,MQ-GET-QUEUE-MESSAGE,N/A,0,0,NO,DISPLAY,,,,,MQ-GET-QUEUE-MESSAGE,1,NO,,NO,,,,YES
COACCT01,QUEUE-INFO,RECORD,N/A,GROUP,1,192,Queue information group,QUEUE-INFO,N/A,0,0,NO,DISPLAY,,,,,QUEUE-INFO,1,NO,,NO,,,,YES
COACCT01,QMGR-NAME,FIELD,X(48),ALPHANUMERIC,5,48,Queue manager name (VALUE SPACES),QUEUE-INFO,X(48),48,0,NO,DISPLAY,,,,,QUEUE-INFO,1,NO,,NO,SPACES,,,YES
COACCT01,INPUT-QUEUE-NAME,FIELD,X(48),ALPHANUMERIC,5,48,Input queue name (VALUE SPACES),QUEUE-INFO,X(48),48,0,NO,DISPLAY,,,,,QUEUE-INFO,49,NO,,NO,SPACES,,,YES
COACCT01,REPLY-QUEUE-NAME,FIELD,X(48),ALPHANUMERIC,5,48,Reply queue name (VALUE SPACES),QUEUE-INFO,X(48),48,0,NO,DISPLAY,,,,,QUEUE-INFO,97,NO,,NO,SPACES,,,YES
COACCT01,ERROR-QUEUE-NAME,FIELD,X(48),ALPHANUMERIC,5,48,Error queue name (VALUE SPACES),QUEUE-INFO,X(48),48,0,NO,DISPLAY,,,,,QUEUE-INFO,145,NO,,NO,SPACES,,,YES
COACCT01,INPUT-QUEUE-HANDLE,FIELD,S9(09) BINARY,BINARY,1,4,"Input queue handle (USAGE BINARY, VALUE 0)",INPUT-QUEUE-HANDLE,'+/-999999999,10,0,YES,BINARY,,,,,INPUT-QUEUE-HANDLE,1,NO,,NO,0,,,YES
COACCT01,OUTPUT-QUEUE-HANDLE,FIELD,S9(09) BINARY,BINARY,1,4,"Output queue handle (USAGE BINARY, VALUE 0)",OUTPUT-QUEUE-HANDLE,'+/-999999999,10,0,YES,BINARY,,,,,OUTPUT-QUEUE-HANDLE,1,NO,,NO,0,,,YES
COACCT01,ERROR-QUEUE-HANDLE,FIELD,S9(09) BINARY,BINARY,1,4,"Error queue handle (USAGE BINARY, VALUE 0)",ERROR-QUEUE-HANDLE,'+/-999999999,10,0,YES,BINARY,,,,,ERROR-QUEUE-HANDLE,1,NO,,NO,0,,,YES
COACCT01,QMGR-HANDLE-CONN,FIELD,S9(09) BINARY,BINARY,1,4,"Queue manager connection handle (USAGE BINARY, VALUE 0)",QMGR-HANDLE-CONN,'+/-999999999,10,0,YES,BINARY,,,,,QMGR-HANDLE-CONN,1,NO,,NO,0,,,YES
COACCT01,QUEUE-MESSAGE,FIELD,X(1000),ALPHANUMERIC,1,1000,Queue message storage area (1000 characters),QUEUE-MESSAGE,X(1000),1000,0,NO,DISPLAY,,,,,QUEUE-MESSAGE,1,NO,,NO,,,,YES
COACCT01,REQUEST-MESSAGE,FIELD,X(1000),ALPHANUMERIC,1,1000,Request message storage area (1000 characters),REQUEST-MESSAGE,X(1000),1000,0,NO,DISPLAY,,,,,REQUEST-MESSAGE,1,NO,,NO,,,,YES
COACCT01,REPLY-MESSAGE,FIELD,X(1000),ALPHANUMERIC,1,1000,Reply message storage area (1000 characters),REPLY-MESSAGE,X(1000),1000,0,NO,DISPLAY,,,,,REPLY-MESSAGE,1,NO,,NO,,,,YES
COACCT01,ERROR-MESSAGE,FIELD,X(1000),ALPHANUMERIC,1,1000,Error message storage area (1000 characters),ERROR-MESSAGE,X(1000),1000,0,NO,DISPLAY,,,,,ERROR-MESSAGE,1,NO,,NO,,,,YES
COACCT01,REQUEST-MSG-COPY,RECORD,N/A,GROUP,1,1000,Request message copy group,REQUEST-MSG-COPY,N/A,0,0,NO,DISPLAY,,,,,REQUEST-MSG-COPY,1,NO,,NO,,,,YES
COACCT01,WS-FUNC,FIELD,X(04),ALPHANUMERIC,10,4,"Function code (4 characters, VALUE SPACES)",REQUEST-MSG-COPY,X(4),4,0,NO,DISPLAY,,,,,REQUEST-MSG-COPY,1,NO,,NO,SPACES,,,YES
COACCT01,WS-KEY,FIELD,9(11),NUMERIC,10,11,"Primary key value (11 digits, VALUE ZEROES)",REQUEST-MSG-COPY,99999999999,11,0,NO,DISPLAY,,,,,REQUEST-MSG-COPY,5,NO,,NO,ZEROES,,,YES
COACCT01,WS-FILLER,FIELD,X(985),ALPHANUMERIC,10,985,"Reserved placeholder field used for data structure alignment, padding, or holding constant values",REQUEST-MSG-COPY,X(985),985,0,NO,DISPLAY,,,,,REQUEST-MSG-COPY,16,NO,,NO,SPACES,,,YES
COACCT01,WS-VARIABLES,RECORD,N/A,GROUP,1,52,Working storage variables group,WS-VARIABLES,N/A,0,0,NO,DISPLAY,,,,,WS-VARIABLES,1,NO,,NO,,,,YES
COACCT01,LIT-ACCTFILENAME,FIELD,X(8),ALPHANUMERIC,5,8,Account file name literal (VALUE 'ACCTDAT '),WS-VARIABLES,X(8),8,0,NO,DISPLAY,,,,,WS-VARIABLES,1,NO,,NO,'ACCTDAT ',,,YES
COACCT01,WS-RESP-CD,FIELD,S9(09) COMP,BINARY,5,4,"Response code (USAGE COMP, VALUE ZEROS)",WS-VARIABLES,'+/-999999999,10,0,YES,COMP,,,,,WS-VARIABLES,9,NO,,NO,ZEROS,,,YES
COACCT01,WS-REAS-CD,FIELD,S9(09) COMP,BINARY,5,4,"Reason code (USAGE COMP, VALUE ZEROS)",WS-VARIABLES,'+/-999999999,10,0,YES,COMP,,,,,WS-VARIABLES,13,NO,,NO,ZEROS,,,YES
COACCT01,WS-XREF-RID,GROUP,N/A,GROUP,5,36,Cross-reference record identifier group,WS-VARIABLES,N/A,0,0,NO,DISPLAY,,,,,WS-VARIABLES,17,NO,,NO,,,,YES
COACCT01,WS-CARD-RID-CARDNUM,FIELD,X(16),ALPHANUMERIC,10,16,Card number (16 characters),WS-XREF-RID,X(16),16,0,NO,DISPLAY,,,,,WS-VARIABLES,17,NO,,NO,,,,YES
COACCT01,WS-CARD-RID-CUST-ID,FIELD,9(09),NUMERIC,10,9,Customer identifier numeric (9 digits),WS-XREF-RID,999999999,9,0,NO,DISPLAY,,,,,WS-VARIABLES,33,NO,,NO,,,,YES
COACCT01,WS-CARD-RID-CUST-ID-X,FIELD,X(09),ALPHANUMERIC,10,9,Customer identifier alphanumeric (REDEFINES WS-CARD-RID-CUST-ID),WS-XREF-RID,X(9),9,0,NO,DISPLAY,,,,WS-CARD-RID-CUST-ID,WS-VARIABLES,33,NO,,NO,,,,YES
COACCT01,WS-CARD-RID-ACCT-ID,FIELD,9(11),NUMERIC,10,11,Account identifier numeric (11 digits),WS-XREF-RID,99999999999,11,0,NO,DISPLAY,,,,,WS-VARIABLES,42,NO,,NO,,,,YES
COACCT01,WS-CARD-RID-ACCT-ID-X,FIELD,X(11),ALPHANUMERIC,10,11,Account identifier alphanumeric (REDEFINES WS-CARD-RID-ACCT-ID),WS-XREF-RID,X(11),11,0,NO,DISPLAY,,,,WS-CARD-RID-ACCT-ID,WS-VARIABLES,42,NO,,NO,,,,YES
COACCT01,WS-ACCT-RESPONSE,RECORD,N/A,GROUP,1,252,Account response information group,WS-ACCT-RESPONSE,N/A,0,0,NO,DISPLAY,,,,,WS-ACCT-RESPONSE,1,NO,,NO,,,,YES
COACCT01,WS-ACCT-LBL,FIELD,X(13),ALPHANUMERIC,5,13,Account label text (VALUE 'ACCOUNT ID : '),WS-ACCT-RESPONSE,X(13),13,0,NO,DISPLAY,,,,,WS-ACCT-RESPONSE,1,NO,,NO,'ACCOUNT ID : ',,,YES
COACCT01,WS-ACCT-ID,FIELD,9(11),NUMERIC,5,11,"Account identifier (11 digits, VALUE ZEROES)",WS-ACCT-RESPONSE,99999999999,11,0,NO,DISPLAY,,,,,WS-ACCT-RESPONSE,14,NO,,NO,ZEROES,,,YES
COACCT01,WS-STATUS-LBL,FIELD,X(17),ALPHANUMERIC,5,17,Status label text (VALUE 'ACCOUNT STATUS : '),WS-ACCT-RESPONSE,X(17),17,0,NO,DISPLAY,,,,,WS-ACCT-RESPONSE,25,NO,,NO,'ACCOUNT STATUS : ',,,YES
COACCT01,WS-ACCT-ACTIVE-STATUS,FIELD,X(01),ALPHANUMERIC,5,1,"Account active status indicator (1 character, VALUE SPACES)",WS-ACCT-RESPONSE,X,1,0,NO,DISPLAY,,,,,WS-ACCT-RESPONSE,42,NO,,NO,SPACES,,,YES
COACCT01,WS-CURR-BAL-LBL,FIELD,X(10),ALPHANUMERIC,5,10,Current balance label text (VALUE 'BALANCE : '),WS-ACCT-RESPONSE,X(10),10,0,NO,DISPLAY,,,,,WS-ACCT-RESPONSE,43,NO,,NO,'BALANCE : ',,,YES
COACCT01,WS-ACCT-CURR-BAL,FIELD,S9(10)V99,DECIMAL,5,12,"Account current balance with 2 decimal places (USAGE COMP-3, VALUE ZEROES)",WS-ACCT-RESPONSE,'+/-9999999999.99,14,2,YES,DISPLAY,,,,,WS-ACCT-RESPONSE,53,NO,,NO,ZEROES,,,YES
COACCT01,WS-CRDT-LMT-LBL,FIELD,X(15),ALPHANUMERIC,5,15,Credit limit label text (VALUE 'CREDIT LIMIT : '),WS-ACCT-RESPONSE,X(15),15,0,NO,DISPLAY,,,,,WS-ACCT-RESPONSE,65,NO,,NO,'CREDIT LIMIT : ',,,YES
COACCT01,WS-ACCT-CREDIT-LIMIT,FIELD,S9(10)V99,DECIMAL,5,12,"Account credit limit with 2 decimal places (USAGE COMP-3, VALUE ZEROES)",WS-ACCT-RESPONSE,'+/-9999999999.99,14,2,YES,DISPLAY,,,,,WS-ACCT-RESPONSE,80,NO,,NO,ZEROES,,,YES
COACCT01,WS-CASH-LIMIT-LBL,FIELD,X(13),ALPHANUMERIC,5,13,Cash limit label text (VALUE 'CASH LIMIT : '),WS-ACCT-RESPONSE,X(13),13,0,NO,DISPLAY,,,,,WS-ACCT-RESPONSE,92,NO,,NO,'CASH LIMIT : ',,,YES
COACCT01,WS-ACCT-CASH-CREDIT-LIMIT,FIELD,S9(10)V99,DECIMAL,5,12,"Account cash credit limit with 2 decimal places (USAGE COMP-3, VALUE ZEROES)",WS-ACCT-RESPONSE,'+/-9999999999.99,14,2,YES,DISPLAY,,,,,WS-ACCT-RESPONSE,105,NO,,NO,ZEROES,,,YES
COACCT01,WS-OPEN-DATE-LBL,FIELD,X(12),ALPHANUMERIC,5,12,Open date label text (VALUE 'OPEN DATE : '),WS-ACCT-RESPONSE,X(12),12,0,NO,DISPLAY,,,,,WS-ACCT-RESPONSE,117,NO,,NO,'OPEN DATE : ',,,YES
COACCT01,WS-ACCT-OPEN-DATE,FIELD,X(10),ALPHANUMERIC,5,10,"Account open date (10 characters, VALUE SPACES)",WS-ACCT-RESPONSE,X(10),10,0,NO,DISPLAY,,,,,WS-ACCT-RESPONSE,129,NO,,NO,SPACES,,,YES
COACCT01,WS-EXPR-DATE-LBL,FIELD,X(12),ALPHANUMERIC,5,12,Expiration date label text (VALUE 'EXPR DATE : '),WS-ACCT-RESPONSE,X(12),12,0,NO,DISPLAY,,,,,WS-ACCT-RESPONSE,139,NO,,NO,'EXPR DATE : ',,,YES
COACCT01,WS-ACCT-EXPIRAION-DATE,FIELD,X(10),ALPHANUMERIC,5,10,"Account expiration date (10 characters, VALUE SPACES)",WS-ACCT-RESPONSE,X(10),10,0,NO,DISPLAY,,,,,WS-ACCT-RESPONSE,151,NO,,NO,SPACES,,,YES
COACCT01,WS-REISSUE-DT-LBL,FIELD,X(12),ALPHANUMERIC,5,12,Reissue date label text (VALUE 'REIS DATE : '),WS-ACCT-RESPONSE,X(12),12,0,NO,DISPLAY,,,,,WS-ACCT-RESPONSE,161,NO,,NO,'REIS DATE : ',,,YES
COACCT01,WS-ACCT-REISSUE-DATE,FIELD,X(10),ALPHANUMERIC,5,10,"Account reissue date (10 characters, VALUE SPACES)",WS-ACCT-RESPONSE,X(10),10,0,NO,DISPLAY,,,,,WS-ACCT-RESPONSE,173,NO,,NO,SPACES,,,YES
COACCT01,WS-CURR-CYC-CREDIT-LBL,FIELD,X(13),ALPHANUMERIC,5,13,Current cycle credit label text (VALUE 'CREDIT BAL : '),WS-ACCT-RESPONSE,X(13),13,0,NO,DISPLAY,,,,,WS-ACCT-RESPONSE,183,NO,,NO,'CREDIT BAL : ',,,YES
COACCT01,WS-ACCT-CURR-CYC-CREDIT,FIELD,S9(10)V99,DECIMAL,5,12,"Account current cycle credit balance with 2 decimal places (USAGE COMP-3, VALUE ZEROES)",WS-ACCT-RESPONSE,'+/-9999999999.99,14,2,YES,DISPLAY,,,,,WS-ACCT-RESPONSE,196,NO,,NO,ZEROES,,,YES
COACCT01,WS-CURR-CYC-DEBIT-LBL,FIELD,X(12),ALPHANUMERIC,5,12,Current cycle debit label text (VALUE 'DEBIT BAL : '),WS-ACCT-RESPONSE,X(12),12,0,NO,DISPLAY,,,,,WS-ACCT-RESPONSE,208,NO,,NO,'DEBIT BAL : ',,,YES
COACCT01,WS-ACCT-CURR-CYC-DEBIT,FIELD,S9(10)V99,DECIMAL,5,12,"Account current cycle debit balance with 2 decimal places (USAGE COMP-3, VALUE ZEROES)",WS-ACCT-RESPONSE,'+/-9999999999.99,14,2,YES,DISPLAY,,,,,WS-ACCT-RESPONSE,220,NO,,NO,ZEROES,,,YES
COACCT01,WS-ACCT-GRP-LBL,FIELD,X(11),ALPHANUMERIC,5,11,Account group label text (VALUE 'GROUP ID : '),WS-ACCT-RESPONSE,X(11),11,0,NO,DISPLAY,,,,,WS-ACCT-RESPONSE,232,NO,,NO,'GROUP ID : ',,,YES
COACCT01,WS-ACCT-GROUP-ID,FIELD,X(10),ALPHANUMERIC,5,10,"Account group identifier (10 characters, VALUE SPACES)",WS-ACCT-RESPONSE,X(10),10,0,NO,DISPLAY,,,,,WS-ACCT-RESPONSE,243,NO,,NO,SPACES,,,YES
CODATE01,WS-MQ-MSG-FLAG,FIELD,X(01),ALPHANUMERIC,1,1,Message queue flag indicator (VALUE 'N'),WS-MQ-MSG-FLAG,X,1,0,NO,DISPLAY,,,,,WS-MQ-MSG-FLAG,1,NO,,NO,'N',,,YES
CODATE01,NO-MORE-MSGS,CONDITION,N/A,DISPLAY,88,0,Condition: no more messages available (VALUE 'Y'),WS-MQ-MSG-FLAG,N/A,0,0,NO,DISPLAY,,,,,WS-MQ-MSG-FLAG,1,NO,,NO,,'Y',,YES
CODATE01,WS-RESP-QUEUE-STS,FIELD,X(01),ALPHANUMERIC,1,1,Response queue status flag (VALUE 'N'),WS-RESP-QUEUE-STS,X,1,0,NO,DISPLAY,,,,,WS-RESP-QUEUE-STS,1,NO,,NO,'N',,,YES
CODATE01,RESP-QUEUE-OPEN,CONDITION,N/A,DISPLAY,88,0,Condition: response queue is open (VALUE 'Y'),WS-RESP-QUEUE-STS,N/A,0,0,NO,DISPLAY,,,,,WS-RESP-QUEUE-STS,1,NO,,NO,,'Y',,YES
CODATE01,WS-ERR-QUEUE-STS,FIELD,X(01),ALPHANUMERIC,1,1,Error queue status flag (VALUE 'N'),WS-ERR-QUEUE-STS,X,1,0,NO,DISPLAY,,,,,WS-ERR-QUEUE-STS,1,NO,,NO,'N',,,YES
CODATE01,ERR-QUEUE-OPEN,CONDITION,N/A,DISPLAY,88,0,Condition: error queue is open (VALUE 'Y'),WS-ERR-QUEUE-STS,N/A,0,0,NO,DISPLAY,,,,,WS-ERR-QUEUE-STS,1,NO,,NO,,'Y',,YES
CODATE01,WS-REPLY-QUEUE-STS,FIELD,X(01),ALPHANUMERIC,1,1,Reply queue status flag (VALUE 'N'),WS-REPLY-QUEUE-STS,X,1,0,NO,DISPLAY,,,,,WS-REPLY-QUEUE-STS,1,NO,,NO,'N',,,YES
CODATE01,REPLY-QUEUE-OPEN,CONDITION,N/A,DISPLAY,88,0,Condition: reply queue is open (VALUE 'Y'),WS-REPLY-QUEUE-STS,N/A,0,0,NO,DISPLAY,,,,,WS-REPLY-QUEUE-STS,1,NO,,NO,,'Y',,YES
CODATE01,WS-CICS-RESP-CDS,RECORD,N/A,GROUP,1,24,CICS response codes group,WS-CICS-RESP-CDS,N/A,0,0,NO,DISPLAY,,,,,WS-CICS-RESP-CDS,1,NO,,NO,,,,YES
CODATE01,WS-CICS-RESP1-CD,FIELD,S9(08) COMP,BINARY,5,4,"Primary CICS response code (USAGE COMP, VALUE ZERO)",WS-CICS-RESP-CDS,'+/-99999999,9,0,YES,COMP,,,,,WS-CICS-RESP-CDS,1,NO,,NO,ZERO,,,YES
CODATE01,WS-CICS-RESP2-CD,FIELD,S9(08) COMP,BINARY,5,4,"Secondary CICS response code (USAGE COMP, VALUE ZERO)",WS-CICS-RESP-CDS,'+/-99999999,9,0,YES,COMP,,,,,WS-CICS-RESP-CDS,5,NO,,NO,ZERO,,,YES
CODATE01,WS-CICS-RESP1-CD-D,FIELD,9(08),NUMERIC,5,8,Primary CICS response code display format (VALUE ZERO),WS-CICS-RESP-CDS,99999999,8,0,NO,DISPLAY,,,,,WS-CICS-RESP-CDS,9,NO,,NO,ZERO,,,YES
CODATE01,WS-CICS-RESP2-CD-D,FIELD,9(08),NUMERIC,5,8,Secondary CICS response code display format (VALUE ZERO),WS-CICS-RESP-CDS,99999999,8,0,NO,DISPLAY,,,,,WS-CICS-RESP-CDS,17,NO,,NO,ZERO,,,YES
CODATE01,WS-DATE-TIME,RECORD,N/A,GROUP,1,26,Date and time information group,WS-DATE-TIME,N/A,0,0,NO,DISPLAY,,,,,WS-DATE-TIME,1,NO,,NO,,,,YES
CODATE01,WS-ABS-TIME,FIELD,S9(15) COMP-3,PACKED,10,8,"Absolute time value in packed decimal format (USAGE COMP-3, VALUE ZERO)",WS-DATE-TIME,'+/-999999999999999,16,0,YES,COMP-3,,,,,WS-DATE-TIME,1,NO,,NO,ZERO,,,YES
CODATE01,WS-MMDDYYYY,FIELD,X(10),ALPHANUMERIC,10,10,Date in MM/DD/YYYY format (VALUE SPACES),WS-DATE-TIME,X(10),10,0,NO,DISPLAY,,,,,WS-DATE-TIME,9,NO,,NO,SPACES,,,YES
CODATE01,WS-TIME,FIELD,X(8),ALPHANUMERIC,10,8,Time in HH:MM:SS format (VALUE SPACES),WS-DATE-TIME,X(8),8,0,NO,DISPLAY,,,,,WS-DATE-TIME,19,NO,,NO,SPACES,,,YES
CODATE01,MQ-QUEUE,FIELD,X(48),ALPHANUMERIC,1,48,Message queue name (48 characters),MQ-QUEUE,X(48),48,0,NO,DISPLAY,,,,,MQ-QUEUE,1,NO,,NO,,,,YES
CODATE01,MQ-QUEUE-REPLY,FIELD,X(48),ALPHANUMERIC,1,48,Reply message queue name (48 characters),MQ-QUEUE-REPLY,X(48),48,0,NO,DISPLAY,,,,,MQ-QUEUE-REPLY,1,NO,,NO,,,,YES
CODATE01,MQ-HCONN,FIELD,S9(09) BINARY,BINARY,1,4,"Message queue connection handle (USAGE BINARY, VALUE 0)",MQ-HCONN,'+/-999999999,10,0,YES,BINARY,,,,,MQ-HCONN,1,NO,,NO,0,,,YES
CODATE01,MQ-CONDITION-CODE,FIELD,S9(09) BINARY,BINARY,1,4,"Message queue condition code (USAGE BINARY, VALUE 0)",MQ-CONDITION-CODE,'+/-999999999,10,0,YES,BINARY,,,,,MQ-CONDITION-CODE,1,NO,,NO,0,,,YES
CODATE01,MQ-REASON-CODE,FIELD,S9(09) BINARY,BINARY,1,4,"Message queue reason code (USAGE BINARY, VALUE 0)",MQ-REASON-CODE,'+/-999999999,10,0,YES,BINARY,,,,,MQ-REASON-CODE,1,NO,,NO,0,,,YES
CODATE01,MQ-HOBJ,FIELD,S9(09) BINARY,BINARY,1,4,"Message queue object handle (USAGE BINARY, VALUE 0)",MQ-HOBJ,'+/-999999999,10,0,YES,BINARY,,,,,MQ-HOBJ,1,NO,,NO,0,,,YES
CODATE01,MQ-OPTIONS,FIELD,S9(09) BINARY,BINARY,1,4,"Message queue operation options (USAGE BINARY, VALUE 0)",MQ-OPTIONS,'+/-999999999,10,0,YES,BINARY,,,,,MQ-OPTIONS,1,NO,,NO,0,,,YES
CODATE01,MQ-BUFFER-LENGTH,FIELD,S9(09) BINARY,BINARY,1,4,Length of message queue buffer (USAGE BINARY),MQ-BUFFER-LENGTH,'+/-999999999,10,0,YES,BINARY,,,,,MQ-BUFFER-LENGTH,1,NO,,NO,,,,YES
CODATE01,MQ-BUFFER,FIELD,X(1000),ALPHANUMERIC,1,1000,Message queue data buffer (1000 characters),MQ-BUFFER,X(1000),1000,0,NO,DISPLAY,,,,,MQ-BUFFER,1,NO,,NO,,,,YES
CODATE01,MQ-DATA-LENGTH,FIELD,S9(09) BINARY,BINARY,1,4,Actual length of message queue data (USAGE BINARY),MQ-DATA-LENGTH,'+/-999999999,10,0,YES,BINARY,,,,,MQ-DATA-LENGTH,1,NO,,NO,,,,YES
CODATE01,MQ-CORRELID,FIELD,X(24),ALPHANUMERIC,1,24,Message queue correlation identifier (24 characters),MQ-CORRELID,X(24),24,0,NO,DISPLAY,,,,,MQ-CORRELID,1,NO,,NO,,,,YES
CODATE01,MQ-MSG-ID,FIELD,X(24),ALPHANUMERIC,1,24,Message queue message identifier (24 characters),MQ-MSG-ID,X(24),24,0,NO,DISPLAY,,,,,MQ-MSG-ID,1,NO,,NO,,,,YES
CODATE01,MQ-MSG-COUNT,FIELD,9(09),NUMERIC,1,9,Message queue message count (9 digits),MQ-MSG-COUNT,999999999,9,0,NO,DISPLAY,,,,,MQ-MSG-COUNT,1,NO,,NO,,,,YES
CODATE01,SAVE-CORELID,FIELD,X(24),ALPHANUMERIC,1,24,Saved correlation identifier (24 characters),SAVE-CORELID,X(24),24,0,NO,DISPLAY,,,,,SAVE-CORELID,1,NO,,NO,,,,YES
CODATE01,SAVE-MSGID,FIELD,X(24),ALPHANUMERIC,1,24,Saved message identifier (24 characters),SAVE-MSGID,X(24),24,0,NO,DISPLAY,,,,,SAVE-MSGID,1,NO,,NO,,,,YES
CODATE01,SAVE-REPLY2Q,FIELD,X(48),ALPHANUMERIC,1,48,Saved reply queue name (48 characters),SAVE-REPLY2Q,X(48),48,0,NO,DISPLAY,,,,,SAVE-REPLY2Q,1,NO,,NO,,,,YES
CODATE01,MQ-ERR-DISPLAY,RECORD,N/A,GROUP,1,113,Message queue error display group,MQ-ERR-DISPLAY,N/A,0,0,NO,DISPLAY,,,,,MQ-ERR-DISPLAY,1,NO,,NO,,,,YES
CODATE01,MQ-ERROR-PARA,FIELD,X(25),ALPHANUMERIC,5,25,Error paragraph name (25 characters),MQ-ERR-DISPLAY,X(25),25,0,NO,DISPLAY,,,,,MQ-ERR-DISPLAY,1,NO,,NO,,,,YES
CODATE01,FILLER-1,FIELD,X(02),ALPHANUMERIC,5,2,"Reserved placeholder field used for data structure alignment, padding, or holding constant values",MQ-ERR-DISPLAY,X(2),2,0,NO,DISPLAY,,,,,MQ-ERR-DISPLAY,26,NO,,NO,SPACES,,,YES
CODATE01,MQ-APPL-RETURN-MESSAGE,FIELD,X(25),ALPHANUMERIC,5,25,Application return message text (25 characters),MQ-ERR-DISPLAY,X(25),25,0,NO,DISPLAY,,,,,MQ-ERR-DISPLAY,28,NO,,NO,,,,YES
CODATE01,FILLER-2,FIELD,X(02),ALPHANUMERIC,5,2,"Reserved placeholder field used for data structure alignment, padding, or holding constant values",MQ-ERR-DISPLAY,X(2),2,0,NO,DISPLAY,,,,,MQ-ERR-DISPLAY,53,NO,,NO,SPACES,,,YES
CODATE01,MQ-APPL-CONDITION-CODE,FIELD,9(02),NUMERIC,5,2,Application condition code (2 digits),MQ-ERR-DISPLAY,99,2,0,NO,DISPLAY,,,,,MQ-ERR-DISPLAY,55,NO,,NO,,,,YES
CODATE01,FILLER-3,FIELD,X(02),ALPHANUMERIC,5,2,"Reserved placeholder field used for data structure alignment, padding, or holding constant values",MQ-ERR-DISPLAY,X(2),2,0,NO,DISPLAY,,,,,MQ-ERR-DISPLAY,57,NO,,NO,SPACES,,,YES
CODATE01,MQ-APPL-REASON-CODE,FIELD,9(05),NUMERIC,5,5,Application reason code (5 digits),MQ-ERR-DISPLAY,99999,5,0,NO,DISPLAY,,,,,MQ-ERR-DISPLAY,59,NO,,NO,,,,YES
CODATE01,FILLER-4,FIELD,X(02),ALPHANUMERIC,5,2,"Reserved placeholder field used for data structure alignment, padding, or holding constant values",MQ-ERR-DISPLAY,X(2),2,0,NO,DISPLAY,,,,,MQ-ERR-DISPLAY,64,NO,,NO,SPACES,,,YES
CODATE01,MQ-APPL-QUEUE-NAME,FIELD,X(48),ALPHANUMERIC,5,48,Application queue name (48 characters),MQ-ERR-DISPLAY,X(48),48,0,NO,DISPLAY,,,,,MQ-ERR-DISPLAY,66,NO,,NO,,,,YES
CODATE01,MQ-GET-MESSAGE-OPTIONS,RECORD,N/A,GROUP,1,0,Message queue get message options structure,MQ-GET-MESSAGE-OPTIONS,N/A,0,0,NO,DISPLAY,,,,,MQ-GET-MESSAGE-OPTIONS,1,NO,,NO,,,,YES
CODATE01,MQ-PUT-MESSAGE-OPTIONS,RECORD,N/A,GROUP,1,0,Message queue put message options structure,MQ-PUT-MESSAGE-OPTIONS,N/A,0,0,NO,DISPLAY,,,,,MQ-PUT-MESSAGE-OPTIONS,1,NO,,NO,,,,YES
CODATE01,MQ-MESSAGE-DESCRIPTOR,RECORD,N/A,GROUP,1,0,Message queue message descriptor structure,MQ-MESSAGE-DESCRIPTOR,N/A,0,0,NO,DISPLAY,,,,,MQ-MESSAGE-DESCRIPTOR,1,NO,,NO,,,,YES
CODATE01,MQ-OBJECT-DESCRIPTOR,RECORD,N/A,GROUP,1,0,Message queue object descriptor structure,MQ-OBJECT-DESCRIPTOR,N/A,0,0,NO,DISPLAY,,,,,MQ-OBJECT-DESCRIPTOR,1,NO,,NO,,,,YES
CODATE01,MQ-CONSTANTS,RECORD,N/A,GROUP,1,0,Message queue constants definition,MQ-CONSTANTS,N/A,0,0,NO,DISPLAY,,,,,MQ-CONSTANTS,1,NO,,NO,,,,YES
CODATE01,MQ-GET-QUEUE-MESSAGE,RECORD,N/A,GROUP,1,0,Message queue get queue message structure,MQ-GET-QUEUE-MESSAGE,N/A,0,0,NO,DISPLAY,,,,,MQ-GET-QUEUE-MESSAGE,1,NO,,NO,,,,YES
CODATE01,QUEUE-INFO,RECORD,N/A,GROUP,1,192,Queue information group,QUEUE-INFO,N/A,0,0,NO,DISPLAY,,,,,QUEUE-INFO,1,NO,,NO,,,,YES
CODATE01,QMGR-NAME,FIELD,X(48),ALPHANUMERIC,5,48,Queue manager name (VALUE SPACES),QUEUE-INFO,X(48),48,0,NO,DISPLAY,,,,,QUEUE-INFO,1,NO,,NO,SPACES,,,YES
CODATE01,INPUT-QUEUE-NAME,FIELD,X(48),ALPHANUMERIC,5,48,Input queue name (VALUE SPACES),QUEUE-INFO,X(48),48,0,NO,DISPLAY,,,,,QUEUE-INFO,49,NO,,NO,SPACES,,,YES
CODATE01,REPLY-QUEUE-NAME,FIELD,X(48),ALPHANUMERIC,5,48,Reply queue name (VALUE SPACES),QUEUE-INFO,X(48),48,0,NO,DISPLAY,,,,,QUEUE-INFO,97,NO,,NO,SPACES,,,YES
CODATE01,ERROR-QUEUE-NAME,FIELD,X(48),ALPHANUMERIC,5,48,Error queue name (VALUE SPACES),QUEUE-INFO,X(48),48,0,NO,DISPLAY,,,,,QUEUE-INFO,145,NO,,NO,SPACES,,,YES
CODATE01,INPUT-QUEUE-HANDLE,FIELD,S9(09) BINARY,BINARY,1,4,"Input queue handle (USAGE BINARY, VALUE 0)",INPUT-QUEUE-HANDLE,'+/-999999999,10,0,YES,BINARY,,,,,INPUT-QUEUE-HANDLE,1,NO,,NO,0,,,YES
CODATE01,OUTPUT-QUEUE-HANDLE,FIELD,S9(09) BINARY,BINARY,1,4,"Output queue handle (USAGE BINARY, VALUE 0)",OUTPUT-QUEUE-HANDLE,'+/-999999999,10,0,YES,BINARY,,,,,OUTPUT-QUEUE-HANDLE,1,NO,,NO,0,,,YES
CODATE01,ERROR-QUEUE-HANDLE,FIELD,S9(09) BINARY,BINARY,1,4,"Error queue handle (USAGE BINARY, VALUE 0)",ERROR-QUEUE-HANDLE,'+/-999999999,10,0,YES,BINARY,,,,,ERROR-QUEUE-HANDLE,1,NO,,NO,0,,,YES
CODATE01,QMGR-HANDLE-CONN,FIELD,S9(09) BINARY,BINARY,1,4,"Queue manager connection handle (USAGE BINARY, VALUE 0)",QMGR-HANDLE-CONN,'+/-999999999,10,0,YES,BINARY,,,,,QMGR-HANDLE-CONN,1,NO,,NO,0,,,YES
CODATE01,QUEUE-MESSAGE,FIELD,X(1000),ALPHANUMERIC,1,1000,Queue message data buffer (1000 characters),QUEUE-MESSAGE,X(1000),1000,0,NO,DISPLAY,,,,,QUEUE-MESSAGE,1,NO,,NO,,,,YES
CODATE01,REQUEST-MESSAGE,FIELD,X(1000),ALPHANUMERIC,1,1000,Request message data buffer (1000 characters),REQUEST-MESSAGE,X(1000),1000,0,NO,DISPLAY,,,,,REQUEST-MESSAGE,1,NO,,NO,,,,YES
CODATE01,REPLY-MESSAGE,FIELD,X(1000),ALPHANUMERIC,1,1000,Reply message data buffer (1000 characters),REPLY-MESSAGE,X(1000),1000,0,NO,DISPLAY,,,,,REPLY-MESSAGE,1,NO,,NO,,,,YES
CODATE01,ERROR-MESSAGE,FIELD,X(1000),ALPHANUMERIC,1,1000,Error message data buffer (1000 characters),ERROR-MESSAGE,X(1000),1000,0,NO,DISPLAY,,,,,ERROR-MESSAGE,1,NO,,NO,,,,YES
CODATE01,REQUEST-MSG-COPY,RECORD,N/A,GROUP,1,1000,Request message copy group,REQUEST-MSG-COPY,N/A,0,0,NO,DISPLAY,,,,,REQUEST-MSG-COPY,1,NO,,NO,,,,YES
CODATE01,WS-FUNC,FIELD,X(04),ALPHANUMERIC,10,4,"Function code (4 characters, VALUE SPACES)",REQUEST-MSG-COPY,X(4),4,0,NO,DISPLAY,,,,,REQUEST-MSG-COPY,1,NO,,NO,SPACES,,,YES
CODATE01,WS-KEY,FIELD,9(11),NUMERIC,10,11,"Primary key value (11 digits, VALUE ZEROES)",REQUEST-MSG-COPY,99999999999,11,0,NO,DISPLAY,,,,,REQUEST-MSG-COPY,5,NO,,NO,ZEROES,,,YES
CODATE01,WS-FILLER,FIELD,X(985),ALPHANUMERIC,10,985,"Reserved placeholder field used for data structure alignment, padding, or holding constant values",REQUEST-MSG-COPY,X(985),985,0,NO,DISPLAY,,,,,REQUEST-MSG-COPY,16,NO,,NO,SPACES,,,YES
CODATE01,WS-VARIABLES,RECORD,N/A,GROUP,1,16,Working storage variables group,WS-VARIABLES,N/A,0,0,NO,DISPLAY,,,,,WS-VARIABLES,1,NO,,NO,,,,YES
CODATE01,LIT-ACCTFILENAME,FIELD,X(8),ALPHANUMERIC,5,8,Account file name literal (VALUE 'ACCTDAT '),WS-VARIABLES,X(8),8,0,NO,DISPLAY,,,,,WS-VARIABLES,1,NO,,NO,'ACCTDAT ',,,YES
CODATE01,WS-RESP-CD,FIELD,S9(09) COMP,BINARY,5,4,"Response code (USAGE COMP, VALUE ZEROS)",WS-VARIABLES,'+/-999999999,10,0,YES,COMP,,,,,WS-VARIABLES,9,NO,,NO,ZEROS,,,YES
CODATE01,WS-REAS-CD,FIELD,S9(09) COMP,BINARY,5,4,"Reason code (USAGE COMP, VALUE ZEROS)",WS-VARIABLES,'+/-999999999,10,0,YES,COMP,,,,,WS-VARIABLES,13,NO,,NO,ZEROS,,,YES
COACTUPC,WS-MISC-STORAGE,RECORD,N/A,GROUP,1,2081,Miscellaneous working storage variables group,WS-MISC-STORAGE,N/A,0,0,NO,DISPLAY,,,,,WS-MISC-STORAGE,1,NO,,NO,,,,YES
COACTUPC,WS-CICS-PROCESSNG-VARS,GROUP,N/A,GROUP,5,16,CICS processing variables group,WS-MISC-STORAGE,N/A,0,0,NO,DISPLAY,,,,,WS-MISC-STORAGE,1,NO,,NO,,,,YES
COACTUPC,WS-RESP-CD,FIELD,S9(09) COMP,BINARY,7,4,CICS response code numeric signed integer (USAGE COMP) (VALUE ZEROS),WS-CICS-PROCESSNG-VARS,'+/-999999999,10,0,YES,COMP,,,,,WS-MISC-STORAGE,1,NO,,NO,ZEROS,,,YES
COACTUPC,WS-REAS-CD,FIELD,S9(09) COMP,BINARY,7,4,CICS reason code numeric signed integer (USAGE COMP) (VALUE ZEROS),WS-CICS-PROCESSNG-VARS,'+/-999999999,10,0,YES,COMP,,,,,WS-MISC-STORAGE,5,NO,,NO,ZEROS,,,YES
COACTUPC,WS-TRANID,FIELD,X(4),ALPHANUMERIC,7,4,CICS transaction identifier alphanumeric 4 characters (VALUE SPACES),WS-CICS-PROCESSNG-VARS,X(4),4,0,NO,DISPLAY,,,,,WS-MISC-STORAGE,9,NO,,NO,SPACES,,,YES
COACTUPC,WS-UCTRANS,FIELD,X(4),ALPHANUMERIC,7,4,Uppercase transaction identifier alphanumeric 4 characters (VALUE SPACES),WS-CICS-PROCESSNG-VARS,X(4),4,0,NO,DISPLAY,,,,,WS-MISC-STORAGE,13,NO,,NO,SPACES,,,YES
COACTUPC,WS-GENERIC-EDITS,GROUP,N/A,GROUP,5,334,Generic edit validation variables group,WS-MISC-STORAGE,N/A,0,0,NO,DISPLAY,,,,,WS-MISC-STORAGE,17,NO,,NO,,,,YES
COACTUPC,WS-EDIT-VARIABLE-NAME,FIELD,X(25),ALPHANUMERIC,10,25,Edit variable name alphanumeric 25 characters,WS-GENERIC-EDITS,X(25),25,0,NO,DISPLAY,,,,,WS-MISC-STORAGE,17,NO,,NO,,,,YES
COACTUPC,WS-EDIT-SIGNED-NUMBER-9V2-X,FIELD,X(15),ALPHANUMERIC,10,15,Edit signed number with 2 decimal places alphanumeric 15 characters,WS-GENERIC-EDITS,X(15),15,0,NO,DISPLAY,,,,,WS-MISC-STORAGE,42,NO,,NO,,,,YES
COACTUPC,WS-FLG-SIGNED-NUMBER-EDIT,FIELD,X(1),ALPHANUMERIC,10,1,Signed number edit validation flag alphanumeric 1 character,WS-GENERIC-EDITS,X,1,0,NO,DISPLAY,,,,,WS-MISC-STORAGE,57,NO,,NO,,,,YES
COACTUPC,FLG-SIGNED-NUMBER-ISVALID,CONDITION,N/A,DISPLAY,88,0,Condition: signed number is valid (VALUE LOW-VALUES),WS-FLG-SIGNED-NUMBER-EDIT,N/A,0,0,NO,DISPLAY,,,,,WS-MISC-STORAGE,57,NO,,NO,,LOW-VALUES,,YES
COACTUPC,FLG-SIGNED-NUMBER-NOT-OK,CONDITION,N/A,DISPLAY,88,0,Condition: signed number validation failed (VALUE '0'),WS-FLG-SIGNED-NUMBER-EDIT,N/A,0,0,NO,DISPLAY,,,,,WS-MISC-STORAGE,57,NO,,NO,,'0',,YES
COACTUPC,FLG-SIGNED-NUMBER-BLANK,CONDITION,N/A,DISPLAY,88,0,Condition: signed number field is blank (VALUE 'B'),WS-FLG-SIGNED-NUMBER-EDIT,N/A,0,0,NO,DISPLAY,,,,,WS-MISC-STORAGE,57,NO,,NO,,'B',,YES
COACTUPC,WS-EDIT-ALPHANUM-ONLY,FIELD,X(256),ALPHANUMERIC,10,256,Edit alphanumeric only validation field alphanumeric 256 characters,WS-GENERIC-EDITS,X(256),256,0,NO,DISPLAY,,,,,WS-MISC-STORAGE,58,NO,,NO,,,,YES
COACTUPC,WS-EDIT-ALPHANUM-LENGTH,FIELD,S9(4) COMP-3,PACKED,10,3,Edit alphanumeric field length numeric signed integer (USAGE COMP-3),WS-GENERIC-EDITS,'+/-9999,5,0,YES,COMP-3,,,,,WS-MISC-STORAGE,314,NO,,NO,,,,YES
COACTUPC,WS-EDIT-ALPHA-ONLY-FLAGS,FIELD,X(1),ALPHANUMERIC,10,1,Alpha only edit validation flag alphanumeric 1 character,WS-GENERIC-EDITS,X,1,0,NO,DISPLAY,,,,,WS-MISC-STORAGE,317,NO,,NO,,,,YES
COACTUPC,FLG-ALPHA-ISVALID,CONDITION,N/A,DISPLAY,88,0,Condition: alpha only field is valid (VALUE LOW-VALUES),WS-EDIT-ALPHA-ONLY-FLAGS,N/A,0,0,NO,DISPLAY,,,,,WS-MISC-STORAGE,317,NO,,NO,,LOW-VALUES,,YES
COACTUPC,FLG-ALPHA-NOT-OK,CONDITION,N/A,DISPLAY,88,0,Condition: alpha only field validation failed (VALUE '0'),WS-EDIT-ALPHA-ONLY-FLAGS,N/A,0,0,NO,DISPLAY,,,,,WS-MISC-STORAGE,317,NO,,NO,,'0',,YES
COACTUPC,FLG-ALPHA-BLANK,CONDITION,N/A,DISPLAY,88,0,Condition: alpha only field is blank (VALUE 'B'),WS-EDIT-ALPHA-ONLY-FLAGS,N/A,0,0,NO,DISPLAY,,,,,WS-MISC-STORAGE,317,NO,,NO,,'B',,YES
COACTUPC,WS-EDIT-ALPHANUM-ONLY-FLAGS,FIELD,X(1),ALPHANUMERIC,10,1,Alphanumeric only edit validation flag alphanumeric 1 character,WS-GENERIC-EDITS,X,1,0,NO,DISPLAY,,,,,WS-MISC-STORAGE,318,NO,,NO,,,,YES
COACTUPC,FLG-ALPHNANUM-ISVALID,CONDITION,N/A,DISPLAY,88,0,Condition: alphanumeric only field is valid (VALUE LOW-VALUES),WS-EDIT-ALPHANUM-ONLY-FLAGS,N/A,0,0,NO,DISPLAY,,,,,WS-MISC-STORAGE,318,NO,,NO,,LOW-VALUES,,YES
COACTUPC,FLG-ALPHNANUM-NOT-OK,CONDITION,N/A,DISPLAY,88,0,Condition: alphanumeric only field validation failed (VALUE '0'),WS-EDIT-ALPHANUM-ONLY-FLAGS,N/A,0,0,NO,DISPLAY,,,,,WS-MISC-STORAGE,318,NO,,NO,,'0',,YES
COACTUPC,FLG-ALPHNANUM-BLANK,CONDITION,N/A,DISPLAY,88,0,Condition: alphanumeric only field is blank (VALUE 'B'),WS-EDIT-ALPHANUM-ONLY-FLAGS,N/A,0,0,NO,DISPLAY,,,,,WS-MISC-STORAGE,318,NO,,NO,,'B',,YES
COACTUPC,WS-EDIT-MANDATORY-FLAGS,FIELD,X(1),ALPHANUMERIC,10,1,Mandatory field edit validation flag alphanumeric 1 character,WS-GENERIC-EDITS,X,1,0,NO,DISPLAY,,,,,WS-MISC-STORAGE,319,NO,,NO,,,,YES
COACTUPC,FLG-MANDATORY-ISVALID,CONDITION,N/A,DISPLAY,88,0,Condition: mandatory field is valid (VALUE LOW-VALUES),WS-EDIT-MANDATORY-FLAGS,N/A,0,0,NO,DISPLAY,,,,,WS-MISC-STORAGE,319,NO,,NO,,LOW-VALUES,,YES
COACTUPC,FLG-MANDATORY-NOT-OK,CONDITION,N/A,DISPLAY,88,0,Condition: mandatory field validation failed (VALUE '0'),WS-EDIT-MANDATORY-FLAGS,N/A,0,0,NO,DISPLAY,,,,,WS-MISC-STORAGE,319,NO,,NO,,'0',,YES
COACTUPC,FLG-MANDATORY-BLANK,CONDITION,N/A,DISPLAY,88,0,Condition: mandatory field is blank (VALUE 'B'),WS-EDIT-MANDATORY-FLAGS,N/A,0,0,NO,DISPLAY,,,,,WS-MISC-STORAGE,319,NO,,NO,,'B',,YES
COACTUPC,WS-EDIT-YES-NO,FIELD,X(1),ALPHANUMERIC,10,1,Yes or no edit validation field alphanumeric 1 character (VALUE 'N'),WS-GENERIC-EDITS,X,1,0,NO,DISPLAY,,,,,WS-MISC-STORAGE,320,NO,,NO,'N',,,YES
COACTUPC,FLG-YES-NO-ISVALID,CONDITION,N/A,DISPLAY,88,0,"Condition: yes or no field contains valid value (VALUE 'Y', 'N')",WS-EDIT-YES-NO,N/A,0,0,NO,DISPLAY,,,,,WS-MISC-STORAGE,320,NO,,NO,,"'Y', 'N'",,YES
COACTUPC,FLG-YES-NO-NOT-OK,CONDITION,N/A,DISPLAY,88,0,Condition: yes or no field validation failed (VALUE '0'),WS-EDIT-YES-NO,N/A,0,0,NO,DISPLAY,,,,,WS-MISC-STORAGE,320,NO,,NO,,'0',,YES
COACTUPC,FLG-YES-NO-BLANK,CONDITION,N/A,DISPLAY,88,0,Condition: yes or no field is blank (VALUE 'B'),WS-EDIT-YES-NO,N/A,0,0,NO,DISPLAY,,,,,WS-MISC-STORAGE,320,NO,,NO,,'B',,YES
COACTUPC,WS-EDIT-US-PHONE-NUM,FIELD,X(15),ALPHANUMERIC,10,15,Edit US phone number field alphanumeric 15 characters,WS-GENERIC-EDITS,X(15),15,0,NO,DISPLAY,,,,,WS-MISC-STORAGE,321,NO,,NO,,,,YES
COACTUPC,WS-EDIT-US-PHONE-NUM-X,GROUP,N/A,GROUP,10,15,Edit US phone number redefine structure (REDEFINES WS-EDIT-US-PHONE-NUM),WS-GENERIC-EDITS,N/A,0,0,NO,DISPLAY,,,,WS-EDIT-US-PHONE-NUM,WS-MISC-STORAGE,321,NO,,NO,,,,YES
COACTUPC,FILLER-1,FIELD,X(1),ALPHANUMERIC,20,1,"Reserved placeholder field used for data structure alignment, padding, or holding constant values",WS-EDIT-US-PHONE-NUM-X,X,1,0,NO,DISPLAY,,,,,WS-MISC-STORAGE,321,NO,,NO,,,,YES
COACTUPC,WS-EDIT-US-PHONE-NUMA,FIELD,X(3),ALPHANUMERIC,20,3,Edit US phone number area code alphanumeric 3 characters,WS-EDIT-US-PHONE-NUM-X,X(3),3,0,NO,DISPLAY,,,,,WS-MISC-STORAGE,322,NO,,NO,,,,YES
COACTUPC,WS-EDIT-US-PHONE-NUMA-N,FIELD,9(3),NUMERIC,20,3,Edit US phone number area code numeric (REDEFINES WS-EDIT-US-PHONE-NUMA),WS-EDIT-US-PHONE-NUM-X,999,3,0,NO,DISPLAY,,,,WS-EDIT-US-PHONE-NUMA,WS-MISC-STORAGE,322,NO,,NO,,,,YES
COACTUPC,FILLER-2,FIELD,X(1),ALPHANUMERIC,20,1,"Reserved placeholder field used for data structure alignment, padding, or holding constant values",WS-EDIT-US-PHONE-NUM-X,X,1,0,NO,DISPLAY,,,,,WS-MISC-STORAGE,325,NO,,NO,,,,YES
COACTUPC,WS-EDIT-US-PHONE-NUMB,FIELD,X(3),ALPHANUMERIC,20,3,Edit US phone number exchange code alphanumeric 3 characters,WS-EDIT-US-PHONE-NUM-X,X(3),3,0,NO,DISPLAY,,,,,WS-MISC-STORAGE,326,NO,,NO,,,,YES
COACTUPC,WS-EDIT-US-PHONE-NUMB-N,FIELD,9(3),NUMERIC,20,3,Edit US phone number exchange code numeric (REDEFINES WS-EDIT-US-PHONE-NUMB),WS-EDIT-US-PHONE-NUM-X,999,3,0,NO,DISPLAY,,,,WS-EDIT-US-PHONE-NUMB,WS-MISC-STORAGE,326,NO,,NO,,,,YES
COACTUPC,FILLER-3,FIELD,X(1),ALPHANUMERIC,20,1,"Reserved placeholder field used for data structure alignment, padding, or holding constant values",WS-EDIT-US-PHONE-NUM-X,X,1,0,NO,DISPLAY,,,,,WS-MISC-STORAGE,329,NO,,NO,,,,YES
COACTUPC,WS-EDIT-US-PHONE-NUMC,FIELD,X(4),ALPHANUMERIC,20,4,Edit US phone number line number alphanumeric 4 characters,WS-EDIT-US-PHONE-NUM-X,X(4),4,0,NO,DISPLAY,,,,,WS-MISC-STORAGE,330,NO,,NO,,,,YES
COACTUPC,WS-EDIT-US-PHONE-NUMC-N,FIELD,9(4),NUMERIC,20,4,Edit US phone number line number numeric (REDEFINES WS-EDIT-US-PHONE-NUMC),WS-EDIT-US-PHONE-NUM-X,9999,4,0,NO,DISPLAY,,,,WS-EDIT-US-PHONE-NUMC,WS-MISC-STORAGE,330,NO,,NO,,,,YES
COACTUPC,FILLER-4,FIELD,X(2),ALPHANUMERIC,20,2,"Reserved placeholder field used for data structure alignment, padding, or holding constant values",WS-EDIT-US-PHONE-NUM-X,X(2),2,0,NO,DISPLAY,,,,,WS-MISC-STORAGE,334,NO,,NO,,,,YES
COACTUPC,WS-EDIT-US-PHONE-NUM-FLGS,GROUP,N/A,GROUP,10,3,US phone number edit validation flags group,WS-GENERIC-EDITS,N/A,0,0,NO,DISPLAY,,,,,WS-MISC-STORAGE,336,NO,,NO,,,,YES
COACTUPC,WS-EDIT-US-PHONE-IS-INVALID,CONDITION,N/A,DISPLAY,88,0,Condition: US phone number validation failed (VALUE '000'),WS-EDIT-US-PHONE-NUM-FLGS,N/A,0,0,NO,DISPLAY,,,,,WS-MISC-STORAGE,336,NO,,NO,,'000',,YES
COACTUPC,WS-EDIT-US-PHONE-IS-VALID,CONDITION,N/A,DISPLAY,88,0,Condition: US phone number validation passed (VALUE LOW-VALUES),WS-EDIT-US-PHONE-NUM-FLGS,N/A,0,0,NO,DISPLAY,,,,,WS-MISC-STORAGE,336,NO,,NO,,LOW-VALUES,,YES
COACTUPC,WS-EDIT-US-PHONEA-FLG,FIELD,X(01),ALPHANUMERIC,20,1,US phone number area code validation flag alphanumeric 1 character,WS-EDIT-US-PHONE-NUM-FLGS,X,1,0,NO,DISPLAY,,,,,WS-MISC-STORAGE,336,NO,,NO,,,,YES
COACTUPC,FLG-EDIT-US-PHONEA-ISVALID,CONDITION,N/A,DISPLAY,88,0,Condition: US phone area code is valid (VALUE LOW-VALUES),WS-EDIT-US-PHONEA-FLG,N/A,0,0,NO,DISPLAY,,,,,WS-MISC-STORAGE,336,NO,,NO,,LOW-VALUES,,YES
COACTUPC,FLG-EDIT-US-PHONEA-NOT-OK,CONDITION,N/A,DISPLAY,88,0,Condition: US phone area code validation failed (VALUE '0'),WS-EDIT-US-PHONEA-FLG,N/A,0,0,NO,DISPLAY,,,,,WS-MISC-STORAGE,336,NO,,NO,,'0',,YES
COACTUPC,FLG-EDIT-US-PHONEA-BLANK,CONDITION,N/A,DISPLAY,88,0,Condition: US phone area code field is blank (VALUE 'B'),WS-EDIT-US-PHONEA-FLG,N/A,0,0,NO,DISPLAY,,,,,WS-MISC-STORAGE,336,NO,,NO,,'B',,YES
COACTUPC,WS-EDIT-EDIT-US-PHONEB,FIELD,X(01),ALPHANUMERIC,20,1,US phone number exchange code validation flag alphanumeric 1 character,WS-EDIT-US-PHONE-NUM-FLGS,X,1,0,NO,DISPLAY,,,,,WS-MISC-STORAGE,337,NO,,NO,,,,YES
COACTUPC,FLG-EDIT-US-PHONEB-ISVALID,CONDITION,N/A,DISPLAY,88,0,Condition: US phone exchange code is valid (VALUE LOW-VALUES),WS-EDIT-EDIT-US-PHONEB,N/A,0,0,NO,DISPLAY,,,,,WS-MISC-STORAGE,337,NO,,NO,,LOW-VALUES,,YES
COACTUPC,FLG-EDIT-US-PHONEB-NOT-OK,CONDITION,N/A,DISPLAY,88,0,Condition: US phone exchange code validation failed (VALUE '0'),WS-EDIT-EDIT-US-PHONEB,N/A,0,0,NO,DISPLAY,,,,,WS-MISC-STORAGE,337,NO,,NO,,'0',,YES
COACTUPC,FLG-EDIT-US-PHONEB-BLANK,CONDITION,N/A,DISPLAY,88,0,Condition: US phone exchange code field is blank (VALUE 'B'),WS-EDIT-EDIT-US-PHONEB,N/A,0,0,NO,DISPLAY,,,,,WS-MISC-STORAGE,337,NO,,NO,,'B',,YES
COACTUPC,WS-EDIT-EDIT-PHONEC,FIELD,X(01),ALPHANUMERIC,20,1,US phone number line number validation flag alphanumeric 1 character,WS-EDIT-US-PHONE-NUM-FLGS,X,1,0,NO,DISPLAY,,,,,WS-MISC-STORAGE,338,NO,,NO,,,,YES
COACTUPC,FLG-EDIT-US-PHONEC-ISVALID,CONDITION,N/A,DISPLAY,88,0,Condition: US phone line number is valid (VALUE LOW-VALUES),WS-EDIT-EDIT-PHONEC,N/A,0,0,NO,DISPLAY,,,,,WS-MISC-STORAGE,338,NO,,NO,,LOW-VALUES,,YES
COACTUPC,FLG-EDIT-US-PHONEC-NOT-OK,CONDITION,N/A,DISPLAY,88,0,Condition: US phone line number validation failed (VALUE '0'),WS-EDIT-EDIT-PHONEC,N/A,0,0,NO,DISPLAY,,,,,WS-MISC-STORAGE,338,NO,,NO,,'0',,YES
COACTUPC,FLG-EDIT-US-PHONEC-BLANK,CONDITION,N/A,DISPLAY,88,0,Condition: US phone line number field is blank (VALUE 'B'),WS-EDIT-EDIT-PHONEC,N/A,0,0,NO,DISPLAY,,,,,WS-MISC-STORAGE,338,NO,,NO,,'B',,YES
COACTUPC,WS-EDIT-US-SSN,GROUP,N/A,GROUP,10,9,Edit US Social Security Number group,WS-GENERIC-EDITS,N/A,0,0,NO,DISPLAY,,,,,WS-MISC-STORAGE,339,NO,,NO,,,,YES
COACTUPC,WS-EDIT-US-SSN-PART1,FIELD,X(3),ALPHANUMERIC,20,3,Edit US SSN first part alphanumeric 3 characters,WS-EDIT-US-SSN,X(3),3,0,NO,DISPLAY,,,,,WS-MISC-STORAGE,339,NO,,NO,,,,YES
COACTUPC,WS-EDIT-US-SSN-PART1-N,FIELD,9(3),NUMERIC,20,3,Edit US SSN first part numeric (REDEFINES WS-EDIT-US-SSN-PART1),WS-EDIT-US-SSN,999,3,0,NO,DISPLAY,,,,WS-EDIT-US-SSN-PART1,WS-MISC-STORAGE,339,NO,,NO,,,,YES
COACTUPC,INVALID-SSN-PART1,CONDITION,N/A,DISPLAY,88,0,Condition: US SSN first part is invalid,WS-EDIT-US-SSN-PART1-N,N/A,0,0,NO,DISPLAY,,,,,WS-MISC-STORAGE,339,NO,,NO,,,"0, 666, 900 THROUGH 999",YES
COACTUPC,WS-EDIT-US-SSN-PART2,FIELD,X(2),ALPHANUMERIC,20,2,Edit US SSN second part alphanumeric 2 characters,WS-EDIT-US-SSN,X(2),2,0,NO,DISPLAY,,,,,WS-MISC-STORAGE,342,NO,,NO,,,,YES
COACTUPC,WS-EDIT-US-SSN-PART2-N,FIELD,9(2),NUMERIC,20,2,Edit US SSN second part numeric (REDEFINES WS-EDIT-US-SSN-PART2),WS-EDIT-US-SSN,99,2,0,NO,DISPLAY,,,,WS-EDIT-US-SSN-PART2,WS-MISC-STORAGE,342,NO,,NO,,,,YES
COACTUPC,WS-EDIT-US-SSN-PART3,FIELD,X(4),ALPHANUMERIC,20,4,Edit US SSN third part alphanumeric 4 characters,WS-EDIT-US-SSN,X(4),4,0,NO,DISPLAY,,,,,WS-MISC-STORAGE,344,NO,,NO,,,,YES
COACTUPC,WS-EDIT-US-SSN-PART3-N,FIELD,9(4),NUMERIC,20,4,Edit US SSN third part numeric (REDEFINES WS-EDIT-US-SSN-PART3),WS-EDIT-US-SSN,9999,4,0,NO,DISPLAY,,,,WS-EDIT-US-SSN-PART3,WS-MISC-STORAGE,344,NO,,NO,,,,YES
COACTUPC,WS-EDIT-US-SSN-N,FIELD,9(09),NUMERIC,10,9,Edit US Social Security Number numeric 9 digits (REDEFINES WS-EDIT-US-SSN),WS-GENERIC-EDITS,999999999,9,0,NO,DISPLAY,,,,WS-EDIT-US-SSN,WS-MISC-STORAGE,339,NO,,NO,,,,YES
COACTUPC,WS-EDIT-US-SSN-FLGS,GROUP,N/A,GROUP,10,3,US Social Security Number edit validation flags group,WS-GENERIC-EDITS,N/A,0,0,NO,DISPLAY,,,,,WS-MISC-STORAGE,348,NO,,NO,,,,YES
COACTUPC,WS-EDIT-US-SSN-IS-INVALID,CONDITION,N/A,DISPLAY,88,0,Condition: US Social Security Number validation failed (VALUE '000'),WS-EDIT-US-SSN-FLGS,N/A,0,0,NO,DISPLAY,,,,,WS-MISC-STORAGE,348,NO,,NO,,'000',,YES
COACTUPC,WS-EDIT-US-SSN-IS-VALID,CONDITION,N/A,DISPLAY,88,0,Condition: US Social Security Number validation passed (VALUE LOW-VALUES),WS-EDIT-US-SSN-FLGS,N/A,0,0,NO,DISPLAY,,,,,WS-MISC-STORAGE,348,NO,,NO,,LOW-VALUES,,YES
COACTUPC,WS-EDIT-US-SSN-PART1-FLGS,FIELD,X(01),ALPHANUMERIC,20,1,US SSN first part validation flag alphanumeric 1 character,WS-EDIT-US-SSN-FLGS,X,1,0,NO,DISPLAY,,,,,WS-MISC-STORAGE,348,NO,,NO,,,,YES
COACTUPC,FLG-EDIT-US-SSN-PART1-ISVALID,CONDITION,N/A,DISPLAY,88,0,Condition: US SSN first part is valid (VALUE LOW-VALUES),WS-EDIT-US-SSN-PART1-FLGS,N/A,0,0,NO,DISPLAY,,,,,WS-MISC-STORAGE,348,NO,,NO,,LOW-VALUES,,YES
COACTUPC,FLG-EDIT-US-SSN-PART1-NOT-OK,CONDITION,N/A,DISPLAY,88,0,Condition: US SSN first part validation failed (VALUE '0'),WS-EDIT-US-SSN-PART1-FLGS,N/A,0,0,NO,DISPLAY,,,,,WS-MISC-STORAGE,348,NO,,NO,,'0',,YES
COACTUPC,FLG-EDIT-US-SSN-PART1-BLANK,CONDITION,N/A,DISPLAY,88,0,Condition: US SSN first part field is blank (VALUE 'B'),WS-EDIT-US-SSN-PART1-FLGS,N/A,0,0,NO,DISPLAY,,,,,WS-MISC-STORAGE,348,NO,,NO,,'B',,YES
COACTUPC,WS-EDIT-US-SSN-PART2-FLGS,FIELD,X(01),ALPHANUMERIC,20,1,US SSN second part validation flag alphanumeric 1 character,WS-EDIT-US-SSN-FLGS,X,1,0,NO,DISPLAY,,,,,WS-MISC-STORAGE,349,NO,,NO,,,,YES
COACTUPC,FLG-EDIT-US-SSN-PART2-ISVALID,CONDITION,N/A,DISPLAY,88,0,Condition: US SSN second part is valid (VALUE LOW-VALUES),WS-EDIT-US-SSN-PART2-FLGS,N/A,0,0,NO,DISPLAY,,,,,WS-MISC-STORAGE,349,NO,,NO,,LOW-VALUES,,YES
COACTUPC,FLG-EDIT-US-SSN-PART2-NOT-OK,CONDITION,N/A,DISPLAY,88,0,Condition: US SSN second part validation failed (VALUE '0'),WS-EDIT-US-SSN-PART2-FLGS,N/A,0,0,NO,DISPLAY,,,,,WS-MISC-STORAGE,349,NO,,NO,,'0',,YES
COACTUPC,FLG-EDIT-US-SSN-PART2-BLANK,CONDITION,N/A,DISPLAY,88,0,Condition: US SSN second part field is blank (VALUE 'B'),WS-EDIT-US-SSN-PART2-FLGS,N/A,0,0,NO,DISPLAY,,,,,WS-MISC-STORAGE,349,NO,,NO,,'B',,YES
COACTUPC,WS-EDIT-US-SSN-PART3-FLGS,FIELD,X(01),ALPHANUMERIC,20,1,US SSN third part validation flag alphanumeric 1 character,WS-EDIT-US-SSN-FLGS,X,1,0,NO,DISPLAY,,,,,WS-MISC-STORAGE,350,NO,,NO,,,,YES
COACTUPC,FLG-EDIT-US-SSN-PART3-ISVALID,CONDITION,N/A,DISPLAY,88,0,Condition: US SSN third part is valid (VALUE LOW-VALUES),WS-EDIT-US-SSN-PART3-FLGS,N/A,0,0,NO,DISPLAY,,,,,WS-MISC-STORAGE,350,NO,,NO,,LOW-VALUES,,YES
COACTUPC,FLG-EDIT-US-SSN-PART3-NOT-OK,CONDITION,N/A,DISPLAY,88,0,Condition: US SSN third part validation failed (VALUE '0'),WS-EDIT-US-SSN-PART3-FLGS,N/A,0,0,NO,DISPLAY,,,,,WS-MISC-STORAGE,350,NO,,NO,,'0',,YES
COACTUPC,FLG-EDIT-US-SSN-PART3-BLANK,CONDITION,N/A,DISPLAY,88,0,Condition: US SSN third part field is blank (VALUE 'B'),WS-EDIT-US-SSN-PART3-FLGS,N/A,0,0,NO,DISPLAY,,,,,WS-MISC-STORAGE,350,NO,,NO,,'B',,YES
COACTUPC,WS-CALCULATION-VARS,GROUP,N/A,GROUP,5,30,Calculation variables group,WS-MISC-STORAGE,N/A,0,0,NO,DISPLAY,,,,,WS-MISC-STORAGE,351,NO,,NO,,,,YES
COACTUPC,WS-DIV-BY,FIELD,S9(4) COMP-3,PACKED,10,3,Divisor for calculation numeric signed integer (USAGE COMP-3) (VALUE 4),WS-CALCULATION-VARS,'+/-9999,5,0,YES,COMP-3,,,,,WS-MISC-STORAGE,351,NO,,NO,4,,,YES
COACTUPC,WS-DIVIDEND,FIELD,S9(4) COMP-3,PACKED,10,3,Dividend for calculation numeric signed integer (USAGE COMP-3) (VALUE 0),WS-CALCULATION-VARS,'+/-9999,5,0,YES,COMP-3,,,,,WS-MISC-STORAGE,354,NO,,NO,0,,,YES
COACTUPC,WS-REMAINDER,FIELD,S9(4) COMP-3,PACKED,10,3,Remainder from division calculation numeric signed integer (USAGE COMP-3) (VALUE 0),WS-CALCULATION-VARS,'+/-9999,5,0,YES,COMP-3,,,,,WS-MISC-STORAGE,357,NO,,NO,0,,,YES
COACTUPC,WS-CURR-DATE,FIELD,X(21),ALPHANUMERIC,10,21,Current date alphanumeric 21 characters (VALUE SPACES),WS-CALCULATION-VARS,X(21),21,0,NO,DISPLAY,,,,,WS-MISC-STORAGE,360,NO,,NO,SPACES,,,YES
COACTUPC,WS-DATACHANGED-FLAG,FIELD,X(1),ALPHANUMERIC,5,1,Data changed indicator flag alphanumeric 1 character,WS-MISC-STORAGE,X,1,0,NO,DISPLAY,,,,,WS-MISC-STORAGE,381,NO,,NO,,,,YES
COACTUPC,NO-CHANGES-FOUND,CONDITION,N/A,DISPLAY,88,0,Condition: no data changes detected (VALUE '0'),WS-DATACHANGED-FLAG,N/A,0,0,NO,DISPLAY,,,,,WS-MISC-STORAGE,381,NO,,NO,,'0',,YES
COACTUPC,CHANGE-HAS-OCCURRED,CONDITION,N/A,DISPLAY,88,0,Condition: data change has occurred (VALUE '1'),WS-DATACHANGED-FLAG,N/A,0,0,NO,DISPLAY,,,,,WS-MISC-STORAGE,381,NO,,NO,,'1',,YES
COACTUPC,WS-INPUT-FLAG,FIELD,X(1),ALPHANUMERIC,5,1,Input validation status flag alphanumeric 1 character,WS-MISC-STORAGE,X,1,0,NO,DISPLAY,,,,,WS-MISC-STORAGE,382,NO,,NO,,,,YES
COACTUPC,INPUT-OK,CONDITION,N/A,DISPLAY,88,0,Condition: input validation successful (VALUE '0'),WS-INPUT-FLAG,N/A,0,0,NO,DISPLAY,,,,,WS-MISC-STORAGE,382,NO,,NO,,'0',,YES
COACTUPC,INPUT-ERROR,CONDITION,N/A,DISPLAY,88,0,Condition: input validation error detected (VALUE '1'),WS-INPUT-FLAG,N/A,0,0,NO,DISPLAY,,,,,WS-MISC-STORAGE,382,NO,,NO,,'1',,YES
COACTUPC,INPUT-PENDING,CONDITION,N/A,DISPLAY,88,0,Condition: input validation pending (VALUE LOW-VALUES),WS-INPUT-FLAG,N/A,0,0,NO,DISPLAY,,,,,WS-MISC-STORAGE,382,NO,,NO,,LOW-VALUES,,YES
COACTUPC,WS-RETURN-FLAG,FIELD,X(1),ALPHANUMERIC,5,1,Return flag control indicator alphanumeric 1 character,WS-MISC-STORAGE,X,1,0,NO,DISPLAY,,,,,WS-MISC-STORAGE,383,NO,,NO,,,,YES
COACTUPC,WS-RETURN-FLAG-OFF,CONDITION,N/A,DISPLAY,88,0,Condition: return flag is off (VALUE LOW-VALUES),WS-RETURN-FLAG,N/A,0,0,NO,DISPLAY,,,,,WS-MISC-STORAGE,383,NO,,NO,,LOW-VALUES,,YES
COACTUPC,WS-RETURN-FLAG-ON,CONDITION,N/A,DISPLAY,88,0,Condition: return flag is on (VALUE '1'),WS-RETURN-FLAG,N/A,0,0,NO,DISPLAY,,,,,WS-MISC-STORAGE,383,NO,,NO,,'1',,YES
COACTUPC,WS-PFK-FLAG,FIELD,X(1),ALPHANUMERIC,5,1,Program function key validation flag alphanumeric 1 character,WS-MISC-STORAGE,X,1,0,NO,DISPLAY,,,,,WS-MISC-STORAGE,384,NO,,NO,,,,YES
COACTUPC,PFK-VALID,CONDITION,N/A,DISPLAY,88,0,Condition: program function key is valid (VALUE '0'),WS-PFK-FLAG,N/A,0,0,NO,DISPLAY,,,,,WS-MISC-STORAGE,384,NO,,NO,,'0',,YES
COACTUPC,PFK-INVALID,CONDITION,N/A,DISPLAY,88,0,Condition: program function key is invalid (VALUE '1'),WS-PFK-FLAG,N/A,0,0,NO,DISPLAY,,,,,WS-MISC-STORAGE,384,NO,,NO,,'1',,YES
COACTUPC,WS-EDIT-ACCT-FLAG,FIELD,X(1),ALPHANUMERIC,5,1,Account filter edit validation flag alphanumeric 1 character,WS-MISC-STORAGE,X,1,0,NO,DISPLAY,,,,,WS-MISC-STORAGE,385,NO,,NO,,,,YES
COACTUPC,FLG-ACCTFILTER-ISVALID,CONDITION,N/A,DISPLAY,88,0,Condition: account filter is valid (VALUE '1'),WS-EDIT-ACCT-FLAG,N/A,0,0,NO,DISPLAY,,,,,WS-MISC-STORAGE,385,NO,,NO,,'1',,YES
COACTUPC,FLG-ACCTFILTER-NOT-OK,CONDITION,N/A,DISPLAY,88,0,Condition: account filter validation failed (VALUE '0'),WS-EDIT-ACCT-FLAG,N/A,0,0,NO,DISPLAY,,,,,WS-MISC-STORAGE,385,NO,,NO,,'0',,YES
COACTUPC,FLG-ACCTFILTER-BLANK,CONDITION,N/A,DISPLAY,88,0,Condition: account filter field is blank (VALUE ' '),WS-EDIT-ACCT-FLAG,N/A,0,0,NO,DISPLAY,,,,,WS-MISC-STORAGE,385,NO,,NO,,' ',,YES
COACTUPC,WS-EDIT-CUST-FLAG,FIELD,X(1),ALPHANUMERIC,5,1,Customer filter edit validation flag alphanumeric 1 character,WS-MISC-STORAGE,X,1,0,NO,DISPLAY,,,,,WS-MISC-STORAGE,386,NO,,NO,,,,YES
COACTUPC,FLG-CUSTFILTER-ISVALID,CONDITION,N/A,DISPLAY,88,0,Condition: customer filter is valid (VALUE '1'),WS-EDIT-CUST-FLAG,N/A,0,0,NO,DISPLAY,,,,,WS-MISC-STORAGE,386,NO,,NO,,'1',,YES
COACTUPC,FLG-CUSTFILTER-NOT-OK,CONDITION,N/A,DISPLAY,88,0,Condition: customer filter validation failed (VALUE '0'),WS-EDIT-CUST-FLAG,N/A,0,0,NO,DISPLAY,,,,,WS-MISC-STORAGE,386,NO,,NO,,'0',,YES
COACTUPC,FLG-CUSTFILTER-BLANK,CONDITION,N/A,DISPLAY,88,0,Condition: customer filter field is blank (VALUE ' '),WS-EDIT-CUST-FLAG,N/A,0,0,NO,DISPLAY,,,,,WS-MISC-STORAGE,386,NO,,NO,,' ',,YES
COACTUPC,WS-NON-KEY-FLAGS,GROUP,N/A,GROUP,5,36,Non-key field edit validation flags group,WS-MISC-STORAGE,N/A,0,0,NO,DISPLAY,,,,,WS-MISC-STORAGE,387,NO,,NO,,,,YES
COACTUPC,WS-EDIT-ACCT-STATUS,FIELD,X(1),ALPHANUMERIC,10,1,Account status edit validation flag alphanumeric 1 character,WS-NON-KEY-FLAGS,X,1,0,NO,DISPLAY,,,,,WS-MISC-STORAGE,387,NO,,NO,,,,YES
COACTUPC,FLG-ACCT-STATUS-ISVALID,CONDITION,N/A,DISPLAY,88,0,"Condition: account status is valid (VALUE 'Y', 'N')",WS-EDIT-ACCT-STATUS,N/A,0,0,NO,DISPLAY,,,,,WS-MISC-STORAGE,387,NO,,NO,,"'Y', 'N'",,YES
COACTUPC,FLG-ACCT-STATUS-NOT-OK,CONDITION,N/A,DISPLAY,88,0,Condition: account status validation failed (VALUE '0'),WS-EDIT-ACCT-STATUS,N/A,0,0,NO,DISPLAY,,,,,WS-MISC-STORAGE,387,NO,,NO,,'0',,YES
COACTUPC,FLG-ACCT-STATUS-BLANK,CONDITION,N/A,DISPLAY,88,0,Condition: account status field is blank (VALUE 'B'),WS-EDIT-ACCT-STATUS,N/A,0,0,NO,DISPLAY,,,,,WS-MISC-STORAGE,387,NO,,NO,,'B',,YES
COACTUPC,WS-EDIT-CREDIT-LIMIT,FIELD,X(1),ALPHANUMERIC,10,1,Credit limit edit validation flag alphanumeric 1 character,WS-NON-KEY-FLAGS,X,1,0,NO,DISPLAY,,,,,WS-MISC-STORAGE,388,NO,,NO,,,,YES
COACTUPC,FLG-CRED-LIMIT-ISVALID,CONDITION,N/A,DISPLAY,88,0,Condition: credit limit is valid (VALUE LOW-VALUES),WS-EDIT-CREDIT-LIMIT,N/A,0,0,NO,DISPLAY,,,,,WS-MISC-STORAGE,388,NO,,NO,,LOW-VALUES,,YES
COACTUPC,FLG-CRED-LIMIT-NOT-OK,CONDITION,N/A,DISPLAY,88,0,Condition: credit limit validation failed (VALUE '0'),WS-EDIT-CREDIT-LIMIT,N/A,0,0,NO,DISPLAY,,,,,WS-MISC-STORAGE,388,NO,,NO,,'0',,YES
COACTUPC,FLG-CRED-LIMIT-BLANK,CONDITION,N/A,DISPLAY,88,0,Condition: credit limit field is blank (VALUE 'B'),WS-EDIT-CREDIT-LIMIT,N/A,0,0,NO,DISPLAY,,,,,WS-MISC-STORAGE,388,NO,,NO,,'B',,YES
COACTUPC,WS-EDIT-CASH-CREDIT-LIMIT,FIELD,X(1),ALPHANUMERIC,10,1,Cash credit limit edit validation flag alphanumeric 1 character,WS-NON-KEY-FLAGS,X,1,0,NO,DISPLAY,,,,,WS-MISC-STORAGE,389,NO,,NO,,,,YES
COACTUPC,FLG-CASH-CREDIT-LIMIT-ISVALID,CONDITION,N/A,DISPLAY,88,0,Condition: cash credit limit is valid (VALUE LOW-VALUES),WS-EDIT-CASH-CREDIT-LIMIT,N/A,0,0,NO,DISPLAY,,,,,WS-MISC-STORAGE,389,NO,,NO,,LOW-VALUES,,YES
COACTUPC,FLG-CASH-CREDIT-LIMIT-NOT-OK,CONDITION,N/A,DISPLAY,88,0,Condition: cash credit limit validation failed (VALUE '0'),WS-EDIT-CASH-CREDIT-LIMIT,N/A,0,0,NO,DISPLAY,,,,,WS-MISC-STORAGE,389,NO,,NO,,'0',,YES
COACTUPC,FLG-CASH-CREDIT-LIMIT-BLANK,CONDITION,N/A,DISPLAY,88,0,Condition: cash credit limit field is blank (VALUE 'B'),WS-EDIT-CASH-CREDIT-LIMIT,N/A,0,0,NO,DISPLAY,,,,,WS-MISC-STORAGE,389,NO,,NO,,'B',,YES
COACTUPC,WS-EDIT-CURR-BAL,FIELD,X(1),ALPHANUMERIC,10,1,Current balance edit validation flag alphanumeric 1 character,WS-NON-KEY-FLAGS,X,1,0,NO,DISPLAY,,,,,WS-MISC-STORAGE,390,NO,,NO,,,,YES
COACTUPC,FLG-CURR-BAL-ISVALID,CONDITION,N/A,DISPLAY,88,0,Condition: current balance is valid (VALUE LOW-VALUES),WS-EDIT-CURR-BAL,N/A,0,0,NO,DISPLAY,,,,,WS-MISC-STORAGE,390,NO,,NO,,LOW-VALUES,,YES
COACTUPC,FLG-CURR-BAL-NOT-OK,CONDITION,N/A,DISPLAY,88,0,Condition: current balance validation failed (VALUE '0'),WS-EDIT-CURR-BAL,N/A,0,0,NO,DISPLAY,,,,,WS-MISC-STORAGE,390,NO,,NO,,'0',,YES
COACTUPC,FLG-CURR-BAL-BLANK,CONDITION,N/A,DISPLAY,88,0,Condition: current balance field is blank (VALUE 'B'),WS-EDIT-CURR-BAL,N/A,0,0,NO,DISPLAY,,,,,WS-MISC-STORAGE,390,NO,,NO,,'B',,YES
COACTUPC,WS-EDIT-CURR-CYC-CREDIT,FIELD,X(1),ALPHANUMERIC,10,1,Current cycle credit edit validation flag alphanumeric 1 character,WS-NON-KEY-FLAGS,X,1,0,NO,DISPLAY,,,,,WS-MISC-STORAGE,391,NO,,NO,,,,YES
COACTUPC,FLG-CURR-CYC-CREDIT-ISVALID,CONDITION,N/A,DISPLAY,88,0,Condition: current cycle credit is valid (VALUE LOW-VALUES),WS-EDIT-CURR-CYC-CREDIT,N/A,0,0,NO,DISPLAY,,,,,WS-MISC-STORAGE,391,NO,,NO,,LOW-VALUES,,YES
COACTUPC,FLG-CURR-CYC-CREDIT-NOT-OK,CONDITION,N/A,DISPLAY,88,0,Condition: current cycle credit validation failed (VALUE '0'),WS-EDIT-CURR-CYC-CREDIT,N/A,0,0,NO,DISPLAY,,,,,WS-MISC-STORAGE,391,NO,,NO,,'0',,YES
COACTUPC,FLG-CURR-CYC-CREDIT-BLANK,CONDITION,N/A,DISPLAY,88,0,Condition: current cycle credit field is blank (VALUE 'B'),WS-EDIT-CURR-CYC-CREDIT,N/A,0,0,NO,DISPLAY,,,,,WS-MISC-STORAGE,391,NO,,NO,,'B',,YES
COACTUPC,WS-EDIT-CURR-CYC-DEBIT,FIELD,X(1),ALPHANUMERIC,10,1,Current cycle debit edit validation flag alphanumeric 1 character,WS-NON-KEY-FLAGS,X,1,0,NO,DISPLAY,,,,,WS-MISC-STORAGE,392,NO,,NO,,,,YES
COACTUPC,FLG-CURR-CYC-DEBIT-ISVALID,CONDITION,N/A,DISPLAY,88,0,Condition: current cycle debit is valid (VALUE LOW-VALUES),WS-EDIT-CURR-CYC-DEBIT,N/A,0,0,NO,DISPLAY,,,,,WS-MISC-STORAGE,392,NO,,NO,,LOW-VALUES,,YES
COACTUPC,FLG-CURR-CYC-DEBIT-NOT-OK,CONDITION,N/A,DISPLAY,88,0,Condition: current cycle debit validation failed (VALUE '0'),WS-EDIT-CURR-CYC-DEBIT,N/A,0,0,NO,DISPLAY,,,,,WS-MISC-STORAGE,392,NO,,NO,,'0',,YES
COACTUPC,FLG-CURR-CYC-DEBIT-BLANK,CONDITION,N/A,DISPLAY,88,0,Condition: current cycle debit field is blank (VALUE 'B'),WS-EDIT-CURR-CYC-DEBIT,N/A,0,0,NO,DISPLAY,,,,,WS-MISC-STORAGE,392,NO,,NO,,'B',,YES
COACTUPC,WS-EDIT-DT-OF-BIRTH-FLGS,GROUP,N/A,GROUP,10,3,Date of birth edit validation flags group,WS-NON-KEY-FLAGS,N/A,0,0,NO,DISPLAY,,,,,WS-MISC-STORAGE,393,NO,,NO,,,,YES
COACTUPC,WS-EDIT-DT-OF-BIRTH-INVALID,CONDITION,N/A,DISPLAY,88,0,Condition: Date of birth validation failed (VALUE '000'),WS-EDIT-DT-OF-BIRTH-FLGS,N/A,0,0,NO,DISPLAY,,,,,WS-MISC-STORAGE,393,NO,,NO,,'000',,YES
COACTUPC,WS-EDIT-DT-OF-BIRTH-ISVALID,CONDITION,N/A,DISPLAY,88,0,Condition: Date of birth validation passed (VALUE LOW-VALUES),WS-EDIT-DT-OF-BIRTH-FLGS,N/A,0,0,NO,DISPLAY,,,,,WS-MISC-STORAGE,393,NO,,NO,,LOW-VALUES,,YES
COACTUPC,WS-EDIT-DT-OF-BIRTH-YEAR-FLG,FIELD,X(01),ALPHANUMERIC,20,1,Date of birth year validation flag alphanumeric 1 character,WS-EDIT-DT-OF-BIRTH-FLGS,X,1,0,NO,DISPLAY,,,,,WS-MISC-STORAGE,393,NO,,NO,,,,YES
COACTUPC,FLG-DT-OF-BIRTH-YEAR-ISVALID,CONDITION,N/A,DISPLAY,88,0,Condition: date of birth year is valid (VALUE LOW-VALUES),WS-EDIT-DT-OF-BIRTH-YEAR-FLG,N/A,0,0,NO,DISPLAY,,,,,WS-MISC-STORAGE,393,NO,,NO,,LOW-VALUES,,YES
COACTUPC,FLG-DT-OF-BIRTH-YEAR-NOT-OK,CONDITION,N/A,DISPLAY,88,0,Condition: date of birth year validation failed (VALUE '0'),WS-EDIT-DT-OF-BIRTH-YEAR-FLG,N/A,0,0,NO,DISPLAY,,,,,WS-MISC-STORAGE,393,NO,,NO,,'0',,YES
COACTUPC,FLG-DT-OF-BIRTH-YEAR-BLANK,CONDITION,N/A,DISPLAY,88,0,Condition: date of birth year field is blank (VALUE 'B'),WS-EDIT-DT-OF-BIRTH-YEAR-FLG,N/A,0,0,NO,DISPLAY,,,,,WS-MISC-STORAGE,393,NO,,NO,,'B',,YES
COACTUPC,WS-EDIT-DT-OF-BIRTH-MONTH,FIELD,X(01),ALPHANUMERIC,20,1,Date of birth month validation flag alphanumeric 1 character,WS-EDIT-DT-OF-BIRTH-FLGS,X,1,0,NO,DISPLAY,,,,,WS-MISC-STORAGE,394,NO,,NO,,,,YES
COACTUPC,FLG-DT-OF-BIRTH-MONTH-ISVALID,CONDITION,N/A,DISPLAY,88,0,Condition: date of birth month is valid (VALUE LOW-VALUES),WS-EDIT-DT-OF-BIRTH-MONTH,N/A,0,0,NO,DISPLAY,,,,,WS-MISC-STORAGE,394,NO,,NO,,LOW-VALUES,,YES
COACTUPC,FLG-DT-OF-BIRTH-MONTH-NOT-OK,CONDITION,N/A,DISPLAY,88,0,Condition: date of birth month validation failed (VALUE '0'),WS-EDIT-DT-OF-BIRTH-MONTH,N/A,0,0,NO,DISPLAY,,,,,WS-MISC-STORAGE,394,NO,,NO,,'0',,YES
COACTUPC,FLG-DT-OF-BIRTH-MONTH-BLANK,CONDITION,N/A,DISPLAY,88,0,Condition: date of birth month field is blank (VALUE 'B'),WS-EDIT-DT-OF-BIRTH-MONTH,N/A,0,0,NO,DISPLAY,,,,,WS-MISC-STORAGE,394,NO,,NO,,'B',,YES
COACTUPC,WS-EDIT-DT-OF-BIRTH-DAY,FIELD,X(01),ALPHANUMERIC,20,1,Date of birth day validation flag alphanumeric 1 character,WS-EDIT-DT-OF-BIRTH-FLGS,X,1,0,NO,DISPLAY,,,,,WS-MISC-STORAGE,395,NO,,NO,,,,YES
COACTUPC,FLG-DT-OF-BIRTH-DAY-ISVALID,CONDITION,N/A,DISPLAY,88,0,Condition: date of birth day is valid (VALUE LOW-VALUES),WS-EDIT-DT-OF-BIRTH-DAY,N/A,0,0,NO,DISPLAY,,,,,WS-MISC-STORAGE,395,NO,,NO,,LOW-VALUES,,YES
COACTUPC,FLG-DT-OF-BIRTH-DAY-NOT-OK,CONDITION,N/A,DISPLAY,88,0,Condition: date of birth day validation failed (VALUE '0'),WS-EDIT-DT-OF-BIRTH-DAY,N/A,0,0,NO,DISPLAY,,,,,WS-MISC-STORAGE,395,NO,,NO,,'0',,YES
COACTUPC,FLG-DT-OF-BIRTH-DAY-BLANK,CONDITION,N/A,DISPLAY,88,0,Condition: date of birth day field is blank (VALUE 'B'),WS-EDIT-DT-OF-BIRTH-DAY,N/A,0,0,NO,DISPLAY,,,,,WS-MISC-STORAGE,395,NO,,NO,,'B',,YES
COACTUPC,WS-EDIT-FICO-SCORE-FLGS,FIELD,X(1),ALPHANUMERIC,10,1,FICO score edit validation flag alphanumeric 1 character,WS-NON-KEY-FLAGS,X,1,0,NO,DISPLAY,,,,,WS-MISC-STORAGE,396,NO,,NO,,,,YES
COACTUPC,FLG-FICO-SCORE-ISVALID,CONDITION,N/A,DISPLAY,88,0,Condition: FICO score is valid (VALUE LOW-VALUES),WS-EDIT-FICO-SCORE-FLGS,N/A,0,0,NO,DISPLAY,,,,,WS-MISC-STORAGE,396,NO,,NO,,LOW-VALUES,,YES
COACTUPC,FLG-FICO-SCORE-NOT-OK,CONDITION,N/A,DISPLAY,88,0,Condition: FICO score validation failed (VALUE '0'),WS-EDIT-FICO-SCORE-FLGS,N/A,0,0,NO,DISPLAY,,,,,WS-MISC-STORAGE,396,NO,,NO,,'0',,YES
COACTUPC,FLG-FICO-SCORE-BLANK,CONDITION,N/A,DISPLAY,88,0,Condition: FICO score field is blank (VALUE 'B'),WS-EDIT-FICO-SCORE-FLGS,N/A,0,0,NO,DISPLAY,,,,,WS-MISC-STORAGE,396,NO,,NO,,'B',,YES
COACTUPC,WS-EDIT-OPEN-DATE-FLGS,GROUP,N/A,GROUP,10,3,Account open date edit validation flags group,WS-NON-KEY-FLAGS,N/A,0,0,NO,DISPLAY,,,,,WS-MISC-STORAGE,397,NO,,NO,,,,YES
COACTUPC,WS-EDIT-OPEN-DATE-IS-INVALID,CONDITION,N/A,DISPLAY,88,0,Condition: Open date validation failed (VALUE '000'),WS-EDIT-OPEN-DATE-FLGS,N/A,0,0,NO,DISPLAY,,,,,WS-MISC-STORAGE,397,NO,,NO,,'000',,YES
COACTUPC,WS-EDIT-OPEN-YEAR-FLG,FIELD,X(01),ALPHANUMERIC,20,1,Account open date year validation flag alphanumeric 1 character,WS-EDIT-OPEN-DATE-FLGS,X,1,0,NO,DISPLAY,,,,,WS-MISC-STORAGE,397,NO,,NO,,,,YES
COACTUPC,FLG-OPEN-YEAR-ISVALID,CONDITION,N/A,DISPLAY,88,0,Condition: account open year is valid (VALUE LOW-VALUES),WS-EDIT-OPEN-YEAR-FLG,N/A,0,0,NO,DISPLAY,,,,,WS-MISC-STORAGE,397,NO,,NO,,LOW-VALUES,,YES
COACTUPC,FLG-OPEN-YEAR-NOT-OK,CONDITION,N/A,DISPLAY,88,0,Condition: account open year validation failed (VALUE '0'),WS-EDIT-OPEN-YEAR-FLG,N/A,0,0,NO,DISPLAY,,,,,WS-MISC-STORAGE,397,NO,,NO,,'0',,YES
COACTUPC,FLG-OPEN-YEAR-BLANK,CONDITION,N/A,DISPLAY,88,0,Condition: account open year field is blank (VALUE 'B'),WS-EDIT-OPEN-YEAR-FLG,N/A,0,0,NO,DISPLAY,,,,,WS-MISC-STORAGE,397,NO,,NO,,'B',,YES
COACTUPC,WS-EDIT-OPEN-MONTH,FIELD,X(01),ALPHANUMERIC,20,1,Account open date month validation flag alphanumeric 1 character,WS-EDIT-OPEN-DATE-FLGS,X,1,0,NO,DISPLAY,,,,,WS-MISC-STORAGE,398,NO,,NO,,,,YES
COACTUPC,FLG-OPEN-MONTH-ISVALID,CONDITION,N/A,DISPLAY,88,0,Condition: account open month is valid (VALUE LOW-VALUES),WS-EDIT-OPEN-MONTH,N/A,0,0,NO,DISPLAY,,,,,WS-MISC-STORAGE,398,NO,,NO,,LOW-VALUES,,YES
COACTUPC,FLG-OPEN-MONTH-NOT-OK,CONDITION,N/A,DISPLAY,88,0,Condition: account open month validation failed (VALUE '0'),WS-EDIT-OPEN-MONTH,N/A,0,0,NO,DISPLAY,,,,,WS-MISC-STORAGE,398,NO,,NO,,'0',,YES
COACTUPC,FLG-OPEN-MONTH-BLANK,CONDITION,N/A,DISPLAY,88,0,Condition: account open month field is blank (VALUE 'B'),WS-EDIT-OPEN-MONTH,N/A,0,0,NO,DISPLAY,,,,,WS-MISC-STORAGE,398,NO,,NO,,'B',,YES
COACTUPC,WS-EDIT-OPEN-DAY,FIELD,X(01),ALPHANUMERIC,20,1,Account open date day validation flag alphanumeric 1 character,WS-EDIT-OPEN-DATE-FLGS,X,1,0,NO,DISPLAY,,,,,WS-MISC-STORAGE,399,NO,,NO,,,,YES
COACTUPC,FLG-OPEN-DAY-ISVALID,CONDITION,N/A,DISPLAY,88,0,Condition: account open day is valid (VALUE LOW-VALUES),WS-EDIT-OPEN-DAY,N/A,0,0,NO,DISPLAY,,,,,WS-MISC-STORAGE,399,NO,,NO,,LOW-VALUES,,YES
COACTUPC,FLG-OPEN-DAY-NOT-OK,CONDITION,N/A,DISPLAY,88,0,Condition: account open day validation failed (VALUE '0'),WS-EDIT-OPEN-DAY,N/A,0,0,NO,DISPLAY,,,,,WS-MISC-STORAGE,399,NO,,NO,,'0',,YES
COACTUPC,FLG-OPEN-DAY-BLANK,CONDITION,N/A,DISPLAY,88,0,Condition: account open day field is blank (VALUE 'B'),WS-EDIT-OPEN-DAY,N/A,0,0,NO,DISPLAY,,,,,WS-MISC-STORAGE,399,NO,,NO,,'B',,YES
COACTUPC,WS-EXPIRY-DATE-FLGS,GROUP,N/A,GROUP,10,3,Card expiry date edit validation flags group,WS-NON-KEY-FLAGS,N/A,0,0,NO,DISPLAY,,,,,WS-MISC-STORAGE,400,NO,,NO,,,,YES
COACTUPC,WS-EDIT-EXPIRY-IS-INVALID,CONDITION,N/A,DISPLAY,88,0,Condition: Expiry date validation failed (VALUE '000'),WS-EXPIRY-DATE-FLGS,N/A,0,0,NO,DISPLAY,,,,,WS-MISC-STORAGE,400,NO,,NO,,'000',,YES
COACTUPC,WS-EDIT-EXPIRY-YEAR-FLG,FIELD,X(01),ALPHANUMERIC,20,1,Card expiry date year validation flag alphanumeric 1 character,WS-EXPIRY-DATE-FLGS,X,1,0,NO,DISPLAY,,,,,WS-MISC-STORAGE,400,NO,,NO,,,,YES
COACTUPC,FLG-EXPIRY-YEAR-ISVALID,CONDITION,N/A,DISPLAY,88,0,Condition: card expiry year is valid (VALUE LOW-VALUES),WS-EDIT-EXPIRY-YEAR-FLG,N/A,0,0,NO,DISPLAY,,,,,WS-MISC-STORAGE,400,NO,,NO,,LOW-VALUES,,YES
COACTUPC,FLG-EXPIRY-YEAR-NOT-OK,CONDITION,N/A,DISPLAY,88,0,Condition: card expiry year validation failed (VALUE '0'),WS-EDIT-EXPIRY-YEAR-FLG,N/A,0,0,NO,DISPLAY,,,,,WS-MISC-STORAGE,400,NO,,NO,,'0',,YES
COACTUPC,FLG-EXPIRY-YEAR-BLANK,CONDITION,N/A,DISPLAY,88,0,Condition: card expiry year field is blank (VALUE 'B'),WS-EDIT-EXPIRY-YEAR-FLG,N/A,0,0,NO,DISPLAY,,,,,WS-MISC-STORAGE,400,NO,,NO,,'B',,YES
COACTUPC,WS-EDIT-EXPIRY-MONTH,FIELD,X(01),ALPHANUMERIC,20,1,Card expiry date month validation flag alphanumeric 1 character,WS-EXPIRY-DATE-FLGS,X,1,0,NO,DISPLAY,,,,,WS-MISC-STORAGE,401,NO,,NO,,,,YES
COACTUPC,FLG-EXPIRY-MONTH-ISVALID,CONDITION,N/A,DISPLAY,88,0,Condition: card expiry month is valid (VALUE LOW-VALUES),WS-EDIT-EXPIRY-MONTH,N/A,0,0,NO,DISPLAY,,,,,WS-MISC-STORAGE,401,NO,,NO,,LOW-VALUES,,YES
COACTUPC,FLG-EXPIRY-MONTH-NOT-OK,CONDITION,N/A,DISPLAY,88,0,Condition: card expiry month validation failed (VALUE '0'),WS-EDIT-EXPIRY-MONTH,N/A,0,0,NO,DISPLAY,,,,,WS-MISC-STORAGE,401,NO,,NO,,'0',,YES
COACTUPC,FLG-EXPIRY-MONTH-BLANK,CONDITION,N/A,DISPLAY,88,0,Condition: card expiry month field is blank (VALUE 'B'),WS-EDIT-EXPIRY-MONTH,N/A,0,0,NO,DISPLAY,,,,,WS-MISC-STORAGE,401,NO,,NO,,'B',,YES
COACTUPC,WS-EDIT-EXPIRY-DAY,FIELD,X(01),ALPHANUMERIC,20,1,Card expiry date day validation flag alphanumeric 1 character,WS-EXPIRY-DATE-FLGS,X,1,0,NO,DISPLAY,,,,,WS-MISC-STORAGE,402,NO,,NO,,,,YES
COACTUPC,FLG-EXPIRY-DAY-ISVALID,CONDITION,N/A,DISPLAY,88,0,Condition: card expiry day is valid (VALUE LOW-VALUES),WS-EDIT-EXPIRY-DAY,N/A,0,0,NO,DISPLAY,,,,,WS-MISC-STORAGE,402,NO,,NO,,LOW-VALUES,,YES
COACTUPC,FLG-EXPIRY-DAY-NOT-OK,CONDITION,N/A,DISPLAY,88,0,Condition: card expiry day validation failed (VALUE '0'),WS-EDIT-EXPIRY-DAY,N/A,0,0,NO,DISPLAY,,,,,WS-MISC-STORAGE,402,NO,,NO,,'0',,YES
COACTUPC,FLG-EXPIRY-DAY-BLANK,CONDITION,N/A,DISPLAY,88,0,Condition: card expiry day field is blank (VALUE 'B'),WS-EDIT-EXPIRY-DAY,N/A,0,0,NO,DISPLAY,,,,,WS-MISC-STORAGE,402,NO,,NO,,'B',,YES
COACTUPC,WS-EDIT-REISSUE-DATE-FLGS,GROUP,N/A,GROUP,10,3,Card reissue date edit validation flags group,WS-NON-KEY-FLAGS,N/A,0,0,NO,DISPLAY,,,,,WS-MISC-STORAGE,403,NO,,NO,,,,YES
COACTUPC,WS-EDIT-REISSUE-DATE-INVALID,CONDITION,N/A,DISPLAY,88,0,Condition: Reissue date validation failed (VALUE '000'),WS-EDIT-REISSUE-DATE-FLGS,N/A,0,0,NO,DISPLAY,,,,,WS-MISC-STORAGE,403,NO,,NO,,'000',,YES
COACTUPC,WS-EDIT-REISSUE-YEAR-FLG,FIELD,X(01),ALPHANUMERIC,20,1,Card reissue date year validation flag alphanumeric 1 character,WS-EDIT-REISSUE-DATE-FLGS,X,1,0,NO,DISPLAY,,,,,WS-MISC-STORAGE,403,NO,,NO,,,,YES
COACTUPC,FLG-REISSUE-YEAR-ISVALID,CONDITION,N/A,DISPLAY,88,0,Condition: card reissue year is valid (VALUE LOW-VALUES),WS-EDIT-REISSUE-YEAR-FLG,N/A,0,0,NO,DISPLAY,,,,,WS-MISC-STORAGE,403,NO,,NO,,LOW-VALUES,,YES
COACTUPC,FLG-REISSUE-YEAR-NOT-OK,CONDITION,N/A,DISPLAY,88,0,Condition: card reissue year validation failed (VALUE '0'),WS-EDIT-REISSUE-YEAR-FLG,N/A,0,0,NO,DISPLAY,,,,,WS-MISC-STORAGE,403,NO,,NO,,'0',,YES
COACTUPC,FLG-REISSUE-YEAR-BLANK,CONDITION,N/A,DISPLAY,88,0,Condition: card reissue year field is blank (VALUE 'B'),WS-EDIT-REISSUE-YEAR-FLG,N/A,0,0,NO,DISPLAY,,,,,WS-MISC-STORAGE,403,NO,,NO,,'B',,YES
COACTUPC,WS-EDIT-REISSUE-MONTH,FIELD,X(01),ALPHANUMERIC,20,1,Card reissue date month validation flag alphanumeric 1 character,WS-EDIT-REISSUE-DATE-FLGS,X,1,0,NO,DISPLAY,,,,,WS-MISC-STORAGE,404,NO,,NO,,,,YES
COACTUPC,FLG-REISSUE-MONTH-ISVALID,CONDITION,N/A,DISPLAY,88,0,Condition: card reissue month is valid (VALUE LOW-VALUES),WS-EDIT-REISSUE-MONTH,N/A,0,0,NO,DISPLAY,,,,,WS-MISC-STORAGE,404,NO,,NO,,LOW-VALUES,,YES
COACTUPC,FLG-REISSUE-MONTH-NOT-OK,CONDITION,N/A,DISPLAY,88,0,Condition: card reissue month validation failed (VALUE '0'),WS-EDIT-REISSUE-MONTH,N/A,0,0,NO,DISPLAY,,,,,WS-MISC-STORAGE,404,NO,,NO,,'0',,YES
COACTUPC,FLG-REISSUE-MONTH-BLANK,CONDITION,N/A,DISPLAY,88,0,Condition: card reissue month field is blank (VALUE 'B'),WS-EDIT-REISSUE-MONTH,N/A,0,0,NO,DISPLAY,,,,,WS-MISC-STORAGE,404,NO,,NO,,'B',,YES
COACTUPC,WS-EDIT-REISSUE-DAY,FIELD,X(01),ALPHANUMERIC,20,1,Card reissue date day validation flag alphanumeric 1 character,WS-EDIT-REISSUE-DATE-FLGS,X,1,0,NO,DISPLAY,,,,,WS-MISC-STORAGE,405,NO,,NO,,,,YES
COACTUPC,FLG-REISSUE-DAY-ISVALID,CONDITION,N/A,DISPLAY,88,0,Condition: card reissue day is valid (VALUE LOW-VALUES),WS-EDIT-REISSUE-DAY,N/A,0,0,NO,DISPLAY,,,,,WS-MISC-STORAGE,405,NO,,NO,,LOW-VALUES,,YES
COACTUPC,FLG-REISSUE-DAY-NOT-OK,CONDITION,N/A,DISPLAY,88,0,Condition: card reissue day validation failed (VALUE '0'),WS-EDIT-REISSUE-DAY,N/A,0,0,NO,DISPLAY,,,,,WS-MISC-STORAGE,405,NO,,NO,,'0',,YES
COACTUPC,FLG-REISSUE-DAY-BLANK,CONDITION,N/A,DISPLAY,88,0,Condition: card reissue day field is blank (VALUE 'B'),WS-EDIT-REISSUE-DAY,N/A,0,0,NO,DISPLAY,,,,,WS-MISC-STORAGE,405,NO,,NO,,'B',,YES
COACTUPC,WS-EDIT-NAME-FLAGS,GROUP,N/A,GROUP,10,3,Name field edit validation flags group,WS-NON-KEY-FLAGS,N/A,0,0,NO,DISPLAY,,,,,WS-MISC-STORAGE,406,NO,,NO,,,,YES
COACTUPC,WS-EDIT-FIRST-NAME-FLGS,FIELD,X(01),ALPHANUMERIC,20,1,First name edit validation flag alphanumeric 1 character,WS-EDIT-NAME-FLAGS,X,1,0,NO,DISPLAY,,,,,WS-MISC-STORAGE,406,NO,,NO,,,,YES
COACTUPC,FLG-FIRST-NAME-ISVALID,CONDITION,N/A,DISPLAY,88,0,Condition: first name is valid (VALUE LOW-VALUES),WS-EDIT-FIRST-NAME-FLGS,N/A,0,0,NO,DISPLAY,,,,,WS-MISC-STORAGE,406,NO,,NO,,LOW-VALUES,,YES
COACTUPC,FLG-FIRST-NAME-NOT-OK,CONDITION,N/A,DISPLAY,88,0,Condition: first name validation failed (VALUE '0'),WS-EDIT-FIRST-NAME-FLGS,N/A,0,0,NO,DISPLAY,,,,,WS-MISC-STORAGE,406,NO,,NO,,'0',,YES
COACTUPC,FLG-FIRST-NAME-BLANK,CONDITION,N/A,DISPLAY,88,0,Condition: first name field is blank (VALUE 'B'),WS-EDIT-FIRST-NAME-FLGS,N/A,0,0,NO,DISPLAY,,,,,WS-MISC-STORAGE,406,NO,,NO,,'B',,YES
COACTUPC,WS-EDIT-MIDDLE-NAME-FLGS,FIELD,X(01),ALPHANUMERIC,20,1,Edit validation flag for middle name field (PIC X(01)),WS-EDIT-NAME-FLAGS,X,1,0,NO,DISPLAY,,,,,WS-MISC-STORAGE,407,NO,,NO,,,,YES
COACTUPC,FLG-MIDDLE-NAME-ISVALID,CONDITION,N/A,DISPLAY,88,0,Condition: middle name is valid (VALUE LOW-VALUES),WS-EDIT-MIDDLE-NAME-FLGS,N/A,0,0,NO,DISPLAY,,,,,WS-MISC-STORAGE,407,NO,,NO,,LOW-VALUES,,YES
COACTUPC,FLG-MIDDLE-NAME-NOT-OK,CONDITION,N/A,DISPLAY,88,0,Condition: middle name validation failed (VALUE '0'),WS-EDIT-MIDDLE-NAME-FLGS,N/A,0,0,NO,DISPLAY,,,,,WS-MISC-STORAGE,407,NO,,NO,,'0',,YES
COACTUPC,FLG-MIDDLE-NAME-BLANK,CONDITION,N/A,DISPLAY,88,0,Condition: middle name field is blank (VALUE 'B'),WS-EDIT-MIDDLE-NAME-FLGS,N/A,0,0,NO,DISPLAY,,,,,WS-MISC-STORAGE,407,NO,,NO,,'B',,YES
COACTUPC,WS-EDIT-LAST-NAME-FLGS,FIELD,X(01),ALPHANUMERIC,20,1,Edit validation flag for last name field (PIC X(01)),WS-EDIT-NAME-FLAGS,X,1,0,NO,DISPLAY,,,,,WS-MISC-STORAGE,408,NO,,NO,,,,YES
COACTUPC,FLG-LAST-NAME-ISVALID,CONDITION,N/A,DISPLAY,88,0,Condition: last name is valid (VALUE LOW-VALUES),WS-EDIT-LAST-NAME-FLGS,N/A,0,0,NO,DISPLAY,,,,,WS-MISC-STORAGE,408,NO,,NO,,LOW-VALUES,,YES
COACTUPC,FLG-LAST-NAME-NOT-OK,CONDITION,N/A,DISPLAY,88,0,Condition: last name validation failed (VALUE '0'),WS-EDIT-LAST-NAME-FLGS,N/A,0,0,NO,DISPLAY,,,,,WS-MISC-STORAGE,408,NO,,NO,,'0',,YES
COACTUPC,FLG-LAST-NAME-BLANK,CONDITION,N/A,DISPLAY,88,0,Condition: last name field is blank (VALUE 'B'),WS-EDIT-LAST-NAME-FLGS,N/A,0,0,NO,DISPLAY,,,,,WS-MISC-STORAGE,408,NO,,NO,,'B',,YES
COACTUPC,WS-EDIT-ADDRESS-FLAGS,GROUP,N/A,GROUP,10,12,Group containing edit validation flags for all address components,WS-NON-KEY-FLAGS,N/A,0,0,NO,DISPLAY,,,,,WS-MISC-STORAGE,409,NO,,NO,,,,YES
COACTUPC,WS-EDIT-ADDRESS-LINE-1-FLGS,FIELD,X(01),ALPHANUMERIC,20,1,Edit validation flag for address line 1 field (PIC X(01)),WS-EDIT-ADDRESS-FLAGS,X,1,0,NO,DISPLAY,,,,,WS-MISC-STORAGE,409,NO,,NO,,,,YES
COACTUPC,FLG-ADDRESS-LINE-1-ISVALID,CONDITION,N/A,DISPLAY,88,0,Condition: address line 1 is valid (VALUE LOW-VALUES),WS-EDIT-ADDRESS-LINE-1-FLGS,N/A,0,0,NO,DISPLAY,,,,,WS-MISC-STORAGE,409,NO,,NO,,LOW-VALUES,,YES
COACTUPC,FLG-ADDRESS-LINE-1-NOT-OK,CONDITION,N/A,DISPLAY,88,0,Condition: address line 1 validation failed (VALUE '0'),WS-EDIT-ADDRESS-LINE-1-FLGS,N/A,0,0,NO,DISPLAY,,,,,WS-MISC-STORAGE,409,NO,,NO,,'0',,YES
COACTUPC,FLG-ADDRESS-LINE-1-BLANK,CONDITION,N/A,DISPLAY,88,0,Condition: address line 1 field is blank (VALUE 'B'),WS-EDIT-ADDRESS-LINE-1-FLGS,N/A,0,0,NO,DISPLAY,,,,,WS-MISC-STORAGE,409,NO,,NO,,'B',,YES
COACTUPC,WS-EDIT-ADDRESS-LINE-2-FLGS,FIELD,X(01),ALPHANUMERIC,20,1,Edit validation flag for address line 2 field (PIC X(01)),WS-EDIT-ADDRESS-FLAGS,X,1,0,NO,DISPLAY,,,,,WS-MISC-STORAGE,410,NO,,NO,,,,YES
COACTUPC,FLG-ADDRESS-LINE-2-ISVALID,CONDITION,N/A,DISPLAY,88,0,Condition: address line 2 is valid (VALUE LOW-VALUES),WS-EDIT-ADDRESS-LINE-2-FLGS,N/A,0,0,NO,DISPLAY,,,,,WS-MISC-STORAGE,410,NO,,NO,,LOW-VALUES,,YES
COACTUPC,FLG-ADDRESS-LINE-2-NOT-OK,CONDITION,N/A,DISPLAY,88,0,Condition: address line 2 validation failed (VALUE '0'),WS-EDIT-ADDRESS-LINE-2-FLGS,N/A,0,0,NO,DISPLAY,,,,,WS-MISC-STORAGE,410,NO,,NO,,'0',,YES
COACTUPC,FLG-ADDRESS-LINE-2-BLANK,CONDITION,N/A,DISPLAY,88,0,Condition: address line 2 field is blank (VALUE 'B'),WS-EDIT-ADDRESS-LINE-2-FLGS,N/A,0,0,NO,DISPLAY,,,,,WS-MISC-STORAGE,410,NO,,NO,,'B',,YES
COACTUPC,WS-EDIT-CITY-FLGS,FIELD,X(01),ALPHANUMERIC,20,1,Edit validation flag for city field (PIC X(01)),WS-EDIT-ADDRESS-FLAGS,X,1,0,NO,DISPLAY,,,,,WS-MISC-STORAGE,411,NO,,NO,,,,YES
COACTUPC,FLG-CITY-ISVALID,CONDITION,N/A,DISPLAY,88,0,Condition: city is valid (VALUE LOW-VALUES),WS-EDIT-CITY-FLGS,N/A,0,0,NO,DISPLAY,,,,,WS-MISC-STORAGE,411,NO,,NO,,LOW-VALUES,,YES
COACTUPC,FLG-CITY-NOT-OK,CONDITION,N/A,DISPLAY,88,0,Condition: city validation failed (VALUE '0'),WS-EDIT-CITY-FLGS,N/A,0,0,NO,DISPLAY,,,,,WS-MISC-STORAGE,411,NO,,NO,,'0',,YES
COACTUPC,FLG-CITY-BLANK,CONDITION,N/A,DISPLAY,88,0,Condition: city field is blank (VALUE 'B'),WS-EDIT-CITY-FLGS,N/A,0,0,NO,DISPLAY,,,,,WS-MISC-STORAGE,411,NO,,NO,,'B',,YES
COACTUPC,WS-EDIT-STATE-FLGS,FIELD,X(01),ALPHANUMERIC,20,1,Edit validation flag for state field (PIC X(01)),WS-EDIT-ADDRESS-FLAGS,X,1,0,NO,DISPLAY,,,,,WS-MISC-STORAGE,412,NO,,NO,,,,YES
COACTUPC,FLG-STATE-ISVALID,CONDITION,N/A,DISPLAY,88,0,Condition: state is valid (VALUE LOW-VALUES),WS-EDIT-STATE-FLGS,N/A,0,0,NO,DISPLAY,,,,,WS-MISC-STORAGE,412,NO,,NO,,LOW-VALUES,,YES
COACTUPC,FLG-STATE-NOT-OK,CONDITION,N/A,DISPLAY,88,0,Condition: state validation failed (VALUE '0'),WS-EDIT-STATE-FLGS,N/A,0,0,NO,DISPLAY,,,,,WS-MISC-STORAGE,412,NO,,NO,,'0',,YES
COACTUPC,FLG-STATE-BLANK,CONDITION,N/A,DISPLAY,88,0,Condition: state field is blank (VALUE 'B'),WS-EDIT-STATE-FLGS,N/A,0,0,NO,DISPLAY,,,,,WS-MISC-STORAGE,412,NO,,NO,,'B',,YES
COACTUPC,WS-EDIT-ZIPCODE-FLGS,FIELD,X(01),ALPHANUMERIC,20,1,Edit validation flag for zipcode field (PIC X(01)),WS-EDIT-ADDRESS-FLAGS,X,1,0,NO,DISPLAY,,,,,WS-MISC-STORAGE,413,NO,,NO,,,,YES
COACTUPC,FLG-ZIPCODE-ISVALID,CONDITION,N/A,DISPLAY,88,0,Condition: zipcode is valid (VALUE LOW-VALUES),WS-EDIT-ZIPCODE-FLGS,N/A,0,0,NO,DISPLAY,,,,,WS-MISC-STORAGE,413,NO,,NO,,LOW-VALUES,,YES
COACTUPC,FLG-ZIPCODE-NOT-OK,CONDITION,N/A,DISPLAY,88,0,Condition: zipcode validation failed (VALUE '0'),WS-EDIT-ZIPCODE-FLGS,N/A,0,0,NO,DISPLAY,,,,,WS-MISC-STORAGE,413,NO,,NO,,'0',,YES
COACTUPC,FLG-ZIPCODE-BLANK,CONDITION,N/A,DISPLAY,88,0,Condition: zipcode field is blank (VALUE 'B'),WS-EDIT-ZIPCODE-FLGS,N/A,0,0,NO,DISPLAY,,,,,WS-MISC-STORAGE,413,NO,,NO,,'B',,YES
COACTUPC,WS-EDIT-COUNTRY-FLGS,FIELD,X(01),ALPHANUMERIC,20,1,Edit validation flag for country field (PIC X(01)),WS-EDIT-ADDRESS-FLAGS,X,1,0,NO,DISPLAY,,,,,WS-MISC-STORAGE,414,NO,,NO,,,,YES
COACTUPC,FLG-COUNTRY-ISVALID,CONDITION,N/A,DISPLAY,88,0,Condition: country is valid (VALUE LOW-VALUES),WS-EDIT-COUNTRY-FLGS,N/A,0,0,NO,DISPLAY,,,,,WS-MISC-STORAGE,414,NO,,NO,,LOW-VALUES,,YES
COACTUPC,FLG-COUNTRY-NOT-OK,CONDITION,N/A,DISPLAY,88,0,Condition: country validation failed (VALUE '0'),WS-EDIT-COUNTRY-FLGS,N/A,0,0,NO,DISPLAY,,,,,WS-MISC-STORAGE,414,NO,,NO,,'0',,YES
COACTUPC,FLG-COUNTRY-BLANK,CONDITION,N/A,DISPLAY,88,0,Condition: country field is blank (VALUE 'B'),WS-EDIT-COUNTRY-FLGS,N/A,0,0,NO,DISPLAY,,,,,WS-MISC-STORAGE,414,NO,,NO,,'B',,YES
COACTUPC,WS-EDIT-PHONE-NUM-1-FLGS,GROUP,N/A,GROUP,20,3,Group containing edit validation flags for phone number 1 components,WS-EDIT-ADDRESS-FLAGS,N/A,0,0,NO,DISPLAY,,,,,WS-MISC-STORAGE,415,NO,,NO,,,,YES
COACTUPC,WS-EDIT-PHONE-NUM-1-IS-INVALID,CONDITION,N/A,DISPLAY,88,0,Condition: phone number 1 is invalid (VALUE '000'),WS-EDIT-PHONE-NUM-1-FLGS,N/A,0,0,NO,DISPLAY,,,,,WS-MISC-STORAGE,415,NO,,NO,,'000',,YES
COACTUPC,WS-EDIT-PHONE-NUM-1A-FLG,FIELD,X(01),ALPHANUMERIC,30,1,Edit validation flag for phone number 1 area code component (PIC X(01)),WS-EDIT-PHONE-NUM-1-FLGS,X,1,0,NO,DISPLAY,,,,,WS-MISC-STORAGE,415,NO,,NO,,,,YES
COACTUPC,FLG-PHONE-NUM-1A-ISVALID,CONDITION,N/A,DISPLAY,88,0,Condition: phone number 1 area code is valid (VALUE LOW-VALUES),WS-EDIT-PHONE-NUM-1A-FLG,N/A,0,0,NO,DISPLAY,,,,,WS-MISC-STORAGE,415,NO,,NO,,LOW-VALUES,,YES
COACTUPC,FLG-PHONE-NUM-1A-NOT-OK,CONDITION,N/A,DISPLAY,88,0,Condition: phone number 1 area code validation failed (VALUE '0'),WS-EDIT-PHONE-NUM-1A-FLG,N/A,0,0,NO,DISPLAY,,,,,WS-MISC-STORAGE,415,NO,,NO,,'0',,YES
COACTUPC,FLG-PHONE-NUM-1A-BLANK,CONDITION,N/A,DISPLAY,88,0,Condition: phone number 1 area code field is blank (VALUE 'B'),WS-EDIT-PHONE-NUM-1A-FLG,N/A,0,0,NO,DISPLAY,,,,,WS-MISC-STORAGE,415,NO,,NO,,'B',,YES
COACTUPC,WS-EDIT-PHONE-NUM-1B,FIELD,X(01),ALPHANUMERIC,30,1,Edit validation flag for phone number 1 exchange component (PIC X(01)),WS-EDIT-PHONE-NUM-1-FLGS,X,1,0,NO,DISPLAY,,,,,WS-MISC-STORAGE,416,NO,,NO,,,,YES
COACTUPC,FLG-PHONE-NUM-1B-ISVALID,CONDITION,N/A,DISPLAY,88,0,Condition: phone number 1 exchange is valid (VALUE LOW-VALUES),WS-EDIT-PHONE-NUM-1B,N/A,0,0,NO,DISPLAY,,,,,WS-MISC-STORAGE,416,NO,,NO,,LOW-VALUES,,YES
COACTUPC,FLG-PHONE-NUM-1B-NOT-OK,CONDITION,N/A,DISPLAY,88,0,Condition: phone number 1 exchange validation failed (VALUE '0'),WS-EDIT-PHONE-NUM-1B,N/A,0,0,NO,DISPLAY,,,,,WS-MISC-STORAGE,416,NO,,NO,,'0',,YES
COACTUPC,FLG-PHONE-NUM-1B-BLANK,CONDITION,N/A,DISPLAY,88,0,Condition: phone number 1 exchange field is blank (VALUE 'B'),WS-EDIT-PHONE-NUM-1B,N/A,0,0,NO,DISPLAY,,,,,WS-MISC-STORAGE,416,NO,,NO,,'B',,YES
COACTUPC,WS-EDIT-PHONE-NUM-1C,FIELD,X(01),ALPHANUMERIC,30,1,Edit validation flag for phone number 1 line number component (PIC X(01)),WS-EDIT-PHONE-NUM-1-FLGS,X,1,0,NO,DISPLAY,,,,,WS-MISC-STORAGE,417,NO,,NO,,,,YES
COACTUPC,FLG-PHONE-NUM-1C-ISVALID,CONDITION,N/A,DISPLAY,88,0,Condition: phone number 1 line number is valid (VALUE LOW-VALUES),WS-EDIT-PHONE-NUM-1C,N/A,0,0,NO,DISPLAY,,,,,WS-MISC-STORAGE,417,NO,,NO,,LOW-VALUES,,YES
COACTUPC,FLG-PHONE-NUM-1C-NOT-OK,CONDITION,N/A,DISPLAY,88,0,Condition: phone number 1 line number validation failed (VALUE '0'),WS-EDIT-PHONE-NUM-1C,N/A,0,0,NO,DISPLAY,,,,,WS-MISC-STORAGE,417,NO,,NO,,'0',,YES
COACTUPC,FLG-PHONE-NUM-1C-BLANK,CONDITION,N/A,DISPLAY,88,0,Condition: phone number 1 line number field is blank (VALUE 'B'),WS-EDIT-PHONE-NUM-1C,N/A,0,0,NO,DISPLAY,,,,,WS-MISC-STORAGE,417,NO,,NO,,'B',,YES
COACTUPC,WS-EDIT-PHONE-NUM-2-FLGS,GROUP,N/A,GROUP,20,3,Group containing edit validation flags for phone number 2 components,WS-EDIT-ADDRESS-FLAGS,N/A,0,0,NO,DISPLAY,,,,,WS-MISC-STORAGE,418,NO,,NO,,,,YES
COACTUPC,WS-EDIT-PHONE-NUM-2-IS-INVALID,CONDITION,N/A,DISPLAY,88,0,Condition: phone number 2 is invalid (VALUE '000'),WS-EDIT-PHONE-NUM-2-FLGS,N/A,0,0,NO,DISPLAY,,,,,WS-MISC-STORAGE,418,NO,,NO,,'000',,YES
COACTUPC,WS-EDIT-PHONE-NUM-2A-FLG,FIELD,X(01),ALPHANUMERIC,30,1,Edit validation flag for phone number 2 area code component (PIC X(01)),WS-EDIT-PHONE-NUM-2-FLGS,X,1,0,NO,DISPLAY,,,,,WS-MISC-STORAGE,418,NO,,NO,,,,YES
COACTUPC,FLG-PHONE-NUM-2A-ISVALID,CONDITION,N/A,DISPLAY,88,0,Condition: phone number 2 area code is valid (VALUE LOW-VALUES),WS-EDIT-PHONE-NUM-2A-FLG,N/A,0,0,NO,DISPLAY,,,,,WS-MISC-STORAGE,418,NO,,NO,,LOW-VALUES,,YES
COACTUPC,FLG-PHONE-NUM-2A-NOT-OK,CONDITION,N/A,DISPLAY,88,0,Condition: phone number 2 area code validation failed (VALUE '0'),WS-EDIT-PHONE-NUM-2A-FLG,N/A,0,0,NO,DISPLAY,,,,,WS-MISC-STORAGE,418,NO,,NO,,'0',,YES
COACTUPC,FLG-PHONE-NUM-2A-BLANK,CONDITION,N/A,DISPLAY,88,0,Condition: phone number 2 area code field is blank (VALUE 'B'),WS-EDIT-PHONE-NUM-2A-FLG,N/A,0,0,NO,DISPLAY,,,,,WS-MISC-STORAGE,418,NO,,NO,,'B',,YES
COACTUPC,WS-EDIT-PHONE-NUM-2B,FIELD,X(01),ALPHANUMERIC,30,1,Edit validation flag for phone number 2 exchange component (PIC X(01)),WS-EDIT-PHONE-NUM-2-FLGS,X,1,0,NO,DISPLAY,,,,,WS-MISC-STORAGE,419,NO,,NO,,,,YES
COACTUPC,FLG-PHONE-NUM-2B-ISVALID,CONDITION,N/A,DISPLAY,88,0,Condition: phone number 2 exchange is valid (VALUE LOW-VALUES),WS-EDIT-PHONE-NUM-2B,N/A,0,0,NO,DISPLAY,,,,,WS-MISC-STORAGE,419,NO,,NO,,LOW-VALUES,,YES
COACTUPC,FLG-PHONE-NUM-2B-NOT-OK,CONDITION,N/A,DISPLAY,88,0,Condition: phone number 2 exchange validation failed (VALUE '0'),WS-EDIT-PHONE-NUM-2B,N/A,0,0,NO,DISPLAY,,,,,WS-MISC-STORAGE,419,NO,,NO,,'0',,YES
COACTUPC,FLG-PHONE-NUM-2B-BLANK,CONDITION,N/A,DISPLAY,88,0,Condition: phone number 2 exchange field is blank (VALUE 'B'),WS-EDIT-PHONE-NUM-2B,N/A,0,0,NO,DISPLAY,,,,,WS-MISC-STORAGE,419,NO,,NO,,'B',,YES
COACTUPC,WS-EDIT-PHONE-NUM-2C,FIELD,X(01),ALPHANUMERIC,30,1,Edit validation flag for phone number 2 line number component (PIC X(01)),WS-EDIT-PHONE-NUM-2-FLGS,X,1,0,NO,DISPLAY,,,,,WS-MISC-STORAGE,420,NO,,NO,,,,YES
COACTUPC,FLG-PHONE-NUM-2C-ISVALID,CONDITION,N/A,DISPLAY,88,0,Condition: phone number 2 line number is valid (VALUE LOW-VALUES),WS-EDIT-PHONE-NUM-2C,N/A,0,0,NO,DISPLAY,,,,,WS-MISC-STORAGE,420,NO,,NO,,LOW-VALUES,,YES
COACTUPC,FLG-PHONE-NUM-2C-NOT-OK,CONDITION,N/A,DISPLAY,88,0,Condition: phone number 2 line number validation failed (VALUE '0'),WS-EDIT-PHONE-NUM-2C,N/A,0,0,NO,DISPLAY,,,,,WS-MISC-STORAGE,420,NO,,NO,,'0',,YES
COACTUPC,FLG-PHONE-NUM-2C-BLANK,CONDITION,N/A,DISPLAY,88,0,Condition: phone number 2 line number field is blank (VALUE 'B'),WS-EDIT-PHONE-NUM-2C,N/A,0,0,NO,DISPLAY,,,,,WS-MISC-STORAGE,420,NO,,NO,,'B',,YES
COACTUPC,WS-EFT-ACCOUNT-ID-FLGS,FIELD,X(01),ALPHANUMERIC,10,1,Edit validation flag for EFT account ID field (PIC X(01)),WS-NON-KEY-FLAGS,X,1,0,NO,DISPLAY,,,,,WS-MISC-STORAGE,421,NO,,NO,,,,YES
COACTUPC,FLG-EFT-ACCOUNT-ID-ISVALID,CONDITION,N/A,DISPLAY,88,0,Condition: EFT account ID is valid (VALUE LOW-VALUES),WS-EFT-ACCOUNT-ID-FLGS,N/A,0,0,NO,DISPLAY,,,,,WS-MISC-STORAGE,421,NO,,NO,,LOW-VALUES,,YES
COACTUPC,FLG-EFT-ACCOUNT-ID-NOT-OK,CONDITION,N/A,DISPLAY,88,0,Condition: EFT account ID validation failed (VALUE '0'),WS-EFT-ACCOUNT-ID-FLGS,N/A,0,0,NO,DISPLAY,,,,,WS-MISC-STORAGE,421,NO,,NO,,'0',,YES
COACTUPC,FLG-EFT-ACCOUNT-ID-BLANK,CONDITION,N/A,DISPLAY,88,0,Condition: EFT account ID field is blank (VALUE 'B'),WS-EFT-ACCOUNT-ID-FLGS,N/A,0,0,NO,DISPLAY,,,,,WS-MISC-STORAGE,421,NO,,NO,,'B',,YES
COACTUPC,WS-EDIT-PRI-CARDHOLDER,FIELD,X(1),ALPHANUMERIC,10,1,Edit validation flag for primary cardholder indicator field (PIC X(1)),WS-NON-KEY-FLAGS,X,1,0,NO,DISPLAY,,,,,WS-MISC-STORAGE,422,NO,,NO,,,,YES
COACTUPC,FLG-PRI-CARDHOLDER-ISVALID,CONDITION,N/A,DISPLAY,88,0,"Condition: primary cardholder indicator is valid (VALUE 'Y', 'N')",WS-EDIT-PRI-CARDHOLDER,N/A,0,0,NO,DISPLAY,,,,,WS-MISC-STORAGE,422,NO,,NO,,"'Y', 'N'",,YES
COACTUPC,FLG-PRI-CARDHOLDER-NOT-OK,CONDITION,N/A,DISPLAY,88,0,Condition: primary cardholder indicator validation failed (VALUE '0'),WS-EDIT-PRI-CARDHOLDER,N/A,0,0,NO,DISPLAY,,,,,WS-MISC-STORAGE,422,NO,,NO,,'0',,YES
COACTUPC,FLG-PRI-CARDHOLDER-BLANK,CONDITION,N/A,DISPLAY,88,0,Condition: primary cardholder indicator field is blank (VALUE 'B'),WS-EDIT-PRI-CARDHOLDER,N/A,0,0,NO,DISPLAY,,,,,WS-MISC-STORAGE,422,NO,,NO,,'B',,YES
COACTUPC,CICS-OUTPUT-EDIT-VARS,GROUP,N/A,GROUP,5,51,Group containing CICS output variables for data editing and formatting,WS-MISC-STORAGE,N/A,0,0,NO,DISPLAY,,,,,WS-MISC-STORAGE,423,NO,,NO,,,,YES
COACTUPC,CUST-ACCT-ID-X,FIELD,X(11),ALPHANUMERIC,10,11,Customer account ID in alphanumeric format (PIC X(11)),CICS-OUTPUT-EDIT-VARS,X(11),11,0,NO,DISPLAY,,,,,WS-MISC-STORAGE,423,NO,,NO,,,,YES
COACTUPC,CUST-ACCT-ID-N,FIELD,9(11),NUMERIC,10,11,Customer account ID in numeric format (PIC 9(11)) (REDEFINES CUST-ACCT-ID-X),CICS-OUTPUT-EDIT-VARS,99999999999,11,0,NO,DISPLAY,,,,CUST-ACCT-ID-X,WS-MISC-STORAGE,423,NO,,NO,,,,YES
COACTUPC,WS-EDIT-DATE-X,FIELD,9(10),NUMERIC,10,10,Edit date in numeric format (PIC 9(10)) (REDEFINES WS-EDIT-DATE-X),CICS-OUTPUT-EDIT-VARS,9999999999,10,0,NO,DISPLAY,,,,WS-EDIT-DATE-X,WS-MISC-STORAGE,434,NO,,NO,,,,YES
COACTUPC,FILLER-5,GROUP,N/A,GROUP,10,10,"Reserved placeholder field used for data structure alignment, padding, or holding constant values",CICS-OUTPUT-EDIT-VARS,N/A,0,0,NO,DISPLAY,,,,WS-EDIT-DATE-X,WS-MISC-STORAGE,434,NO,,NO,,,,YES
COACTUPC,WS-EDIT-DATE-X-YEAR,FIELD,X(4),ALPHANUMERIC,20,4,Edit date year component in 4-digit format (PIC X(4)),FILLER-5,X(4),4,0,NO,DISPLAY,,,,,WS-MISC-STORAGE,434,NO,,NO,,,,YES
COACTUPC,FILLER-6,FIELD,X(1),ALPHANUMERIC,20,1,"Reserved placeholder field used for data structure alignment, padding, or holding constant values",FILLER-5,X,1,0,NO,DISPLAY,,,,,WS-MISC-STORAGE,438,NO,,NO,,,,YES
COACTUPC,WS-EDIT-DATE-MONTH,FIELD,X(2),ALPHANUMERIC,20,2,Edit date month component in 2-digit format (PIC X(2)),FILLER-5,X(2),2,0,NO,DISPLAY,,,,,WS-MISC-STORAGE,439,NO,,NO,,,,YES
COACTUPC,FILLER-7,FIELD,X(1),ALPHANUMERIC,20,1,"Reserved placeholder field used for data structure alignment, padding, or holding constant values",FILLER-5,X,1,0,NO,DISPLAY,,,,,WS-MISC-STORAGE,441,NO,,NO,,,,YES
COACTUPC,WS-EDIT-DATE-DAY,FIELD,X(2),ALPHANUMERIC,20,2,Edit date day component in 2-digit format (PIC X(2)),FILLER-5,X(2),2,0,NO,DISPLAY,,,,,WS-MISC-STORAGE,442,NO,,NO,,,,YES
COACTUPC,WS-EDIT-CURRENCY-9-2,FIELD,X(15),ALPHANUMERIC,10,15,Edit currency amount in alphanumeric format (PIC X(15)),CICS-OUTPUT-EDIT-VARS,X(15),15,0,NO,DISPLAY,,,,,WS-MISC-STORAGE,444,NO,,NO,,,,YES
COACTUPC,WS-EDIT-CURRENCY-9-2-F,FIELD,"'+ZZZ,ZZZ,ZZZ.99",DECIMAL,10,15,"Edit currency amount formatted with sign and decimal places (PIC +ZZZ,ZZZ,ZZZ.99)",CICS-OUTPUT-EDIT-VARS,"'+ZZZ,ZZZ,ZZZ.99",15,2,YES,DISPLAY,,,,,WS-MISC-STORAGE,459,NO,,NO,,,,YES
COACTUPC,WS-XREF-RID,GROUP,N/A,GROUP,5,36,Group containing cross-reference record ID components for card and account lookup,WS-MISC-STORAGE,N/A,0,0,NO,DISPLAY,,,,,WS-MISC-STORAGE,474,NO,,NO,,,,YES
COACTUPC,WS-CARD-RID-CARDNUM,FIELD,X(16),ALPHANUMERIC,10,16,Card number for cross-reference lookup (PIC X(16)),WS-XREF-RID,X(16),16,0,NO,DISPLAY,,,,,WS-MISC-STORAGE,474,NO,,NO,,,,YES
COACTUPC,WS-CARD-RID-CUST-ID,FIELD,9(09),NUMERIC,10,9,Customer ID in numeric format for cross-reference (PIC 9(09)),WS-XREF-RID,999999999,9,0,NO,DISPLAY,,,,,WS-MISC-STORAGE,490,NO,,NO,,,,YES
COACTUPC,WS-CARD-RID-CUST-ID-X,FIELD,X(09),ALPHANUMERIC,10,9,Customer ID in alphanumeric format for cross-reference (PIC X(09)) (REDEFINES WS-CARD-RID-CUST-ID),WS-XREF-RID,X(9),9,0,NO,DISPLAY,,,,WS-CARD-RID-CUST-ID,WS-MISC-STORAGE,490,NO,,NO,,,,YES
COACTUPC,WS-CARD-RID-ACCT-ID,FIELD,9(11),NUMERIC,10,11,Account ID in numeric format for cross-reference (PIC 9(11)),WS-XREF-RID,99999999999,11,0,NO,DISPLAY,,,,,WS-MISC-STORAGE,499,NO,,NO,,,,YES
COACTUPC,WS-CARD-RID-ACCT-ID-X,FIELD,X(11),ALPHANUMERIC,10,11,Account ID in alphanumeric format for cross-reference (PIC X(11)) (REDEFINES WS-CARD-RID-ACCT-ID),WS-XREF-RID,X(11),11,0,NO,DISPLAY,,,,WS-CARD-RID-ACCT-ID,WS-MISC-STORAGE,499,NO,,NO,,,,YES
COACTUPC,WS-FILE-READ-FLAGS,GROUP,N/A,GROUP,5,2,Group containing flags indicating successful file read operations,WS-MISC-STORAGE,N/A,0,0,NO,DISPLAY,,,,,WS-MISC-STORAGE,510,NO,,NO,,,,YES
COACTUPC,WS-ACCOUNT-MASTER-READ-FLAG,FIELD,X(1),ALPHANUMERIC,10,1,Flag indicating account master file read status (PIC X(1)),WS-FILE-READ-FLAGS,X,1,0,NO,DISPLAY,,,,,WS-MISC-STORAGE,510,NO,,NO,,,,YES
COACTUPC,FOUND-ACCT-IN-MASTER,CONDITION,N/A,DISPLAY,88,0,Condition: account record found in master file (VALUE '1'),WS-ACCOUNT-MASTER-READ-FLAG,N/A,0,0,NO,DISPLAY,,,,,WS-MISC-STORAGE,510,NO,,NO,,'1',,YES
COACTUPC,WS-CUST-MASTER-READ-FLAG,FIELD,X(1),ALPHANUMERIC,10,1,Flag indicating customer master file read status (PIC X(1)),WS-FILE-READ-FLAGS,X,1,0,NO,DISPLAY,,,,,WS-MISC-STORAGE,511,NO,,NO,,,,YES
COACTUPC,FOUND-CUST-IN-MASTER,CONDITION,N/A,DISPLAY,88,0,Condition: customer record found in master file (VALUE '1'),WS-CUST-MASTER-READ-FLAG,N/A,0,0,NO,DISPLAY,,,,,WS-MISC-STORAGE,511,NO,,NO,,'1',,YES
COACTUPC,WS-FILE-ERROR-MESSAGE,GROUP,N/A,GROUP,5,80,Group containing formatted file error message components,WS-MISC-STORAGE,N/A,0,0,NO,DISPLAY,,,,,WS-MISC-STORAGE,512,NO,,NO,,,,YES
COACTUPC,FILLER-8,FIELD,X(12),ALPHANUMERIC,10,12,"Reserved placeholder field used for data structure alignment, padding, or holding constant values",WS-FILE-ERROR-MESSAGE,X(12),12,0,NO,DISPLAY,,,,,WS-MISC-STORAGE,512,NO,,NO,'File Error: ',,,YES
COACTUPC,ERROR-OPNAME,FIELD,X(8),ALPHANUMERIC,10,8,File operation name that encountered error (PIC X(8)),WS-FILE-ERROR-MESSAGE,X(8),8,0,NO,DISPLAY,,,,,WS-MISC-STORAGE,524,NO,,NO,SPACES,,,YES
COACTUPC,FILLER-9,FIELD,X(4),ALPHANUMERIC,10,4,"Reserved placeholder field used for data structure alignment, padding, or holding constant values",WS-FILE-ERROR-MESSAGE,X(4),4,0,NO,DISPLAY,,,,,WS-MISC-STORAGE,532,NO,,NO,' on ',,,YES
COACTUPC,ERROR-FILE,FIELD,X(9),ALPHANUMERIC,10,9,File name where error occurred (PIC X(9)),WS-FILE-ERROR-MESSAGE,X(9),9,0,NO,DISPLAY,,,,,WS-MISC-STORAGE,536,NO,,NO,SPACES,,,YES
COACTUPC,FILLER-10,FIELD,X(15),ALPHANUMERIC,10,15,"Reserved placeholder field used for data structure alignment, padding, or holding constant values",WS-FILE-ERROR-MESSAGE,X(15),15,0,NO,DISPLAY,,,,,WS-MISC-STORAGE,545,NO,,NO,' returned RESP ',,,YES
COACTUPC,ERROR-RESP,FIELD,X(10),ALPHANUMERIC,10,10,CICS RESP code returned from file operation (PIC X(10)),WS-FILE-ERROR-MESSAGE,X(10),10,0,NO,DISPLAY,,,,,WS-MISC-STORAGE,560,NO,,NO,SPACES,,,YES
COACTUPC,FILLER-11,FIELD,X(7),ALPHANUMERIC,10,7,"Reserved placeholder field used for data structure alignment, padding, or holding constant values",WS-FILE-ERROR-MESSAGE,X(7),7,0,NO,DISPLAY,,,,,WS-MISC-STORAGE,570,NO,,NO,"',RESP2 '",,,YES
COACTUPC,ERROR-RESP2,FIELD,X(10),ALPHANUMERIC,10,10,CICS RESP2 code returned from file operation (PIC X(10)),WS-FILE-ERROR-MESSAGE,X(10),10,0,NO,DISPLAY,,,,,WS-MISC-STORAGE,577,NO,,NO,SPACES,,,YES
COACTUPC,FILLER-12,FIELD,X(5),ALPHANUMERIC,10,5,"Reserved placeholder field used for data structure alignment, padding, or holding constant values",WS-FILE-ERROR-MESSAGE,X(5),5,0,NO,DISPLAY,,,,,WS-MISC-STORAGE,587,NO,,NO,SPACES,,,YES
COACTUPC,ALPHA-VARS-FOR-DATA-EDITING,GROUP,N/A,GROUP,5,75,Group containing alphanumeric variables for account update data editing,WS-MISC-STORAGE,N/A,0,0,NO,DISPLAY,,,,,WS-MISC-STORAGE,592,NO,,NO,,,,YES
COACTUPC,ACUP-NEW-CREDIT-LIMIT-X,FIELD,X(15),ALPHANUMERIC,15,15,New credit limit value in alphanumeric format for editing (PIC X(15)),ALPHA-VARS-FOR-DATA-EDITING,X(15),15,0,NO,DISPLAY,,,,,WS-MISC-STORAGE,592,NO,,NO,,,,YES
COACTUPC,ACUP-NEW-CASH-CREDIT-LIMIT-X,FIELD,X(15),ALPHANUMERIC,15,15,New cash credit limit value in alphanumeric format for editing (PIC X(15)),ALPHA-VARS-FOR-DATA-EDITING,X(15),15,0,NO,DISPLAY,,,,,WS-MISC-STORAGE,607,NO,,NO,,,,YES
COACTUPC,ACUP-NEW-CURR-BAL-X,FIELD,X(15),ALPHANUMERIC,15,15,New current balance value in alphanumeric format for editing (PIC X(15)),ALPHA-VARS-FOR-DATA-EDITING,X(15),15,0,NO,DISPLAY,,,,,WS-MISC-STORAGE,622,NO,,NO,,,,YES
COACTUPC,ACUP-NEW-CURR-CYC-CREDIT-X,FIELD,X(15),ALPHANUMERIC,15,15,New current cycle credit value in alphanumeric format for editing (PIC X(15)),ALPHA-VARS-FOR-DATA-EDITING,X(15),15,0,NO,DISPLAY,,,,,WS-MISC-STORAGE,637,NO,,NO,,,,YES
COACTUPC,ACUP-NEW-CURR-CYC-DEBIT-X,FIELD,X(15),ALPHANUMERIC,15,15,New current cycle debit value in alphanumeric format for editing (PIC X(15)),ALPHA-VARS-FOR-DATA-EDITING,X(15),15,0,NO,DISPLAY,,,,,WS-MISC-STORAGE,652,NO,,NO,,,,YES
COACTUPC,ACCT-UPDATE-RECORD,GROUP,N/A,GROUP,5,300,Record containing account update data fields,WS-MISC-STORAGE,N/A,0,0,NO,DISPLAY,,,,,WS-MISC-STORAGE,667,NO,,NO,,,,YES
COACTUPC,ACCT-UPDATE-ID,FIELD,9(11),NUMERIC,15,11,Account ID for update operation (PIC 9(11)),ACCT-UPDATE-RECORD,99999999999,11,0,NO,DISPLAY,,,,,WS-MISC-STORAGE,667,NO,,NO,,,,YES
COACTUPC,ACCT-UPDATE-ACTIVE-STATUS,FIELD,X(01),ALPHANUMERIC,15,1,Account active status indicator Y or N (PIC X(01)),ACCT-UPDATE-RECORD,X,1,0,NO,DISPLAY,,,,,WS-MISC-STORAGE,678,NO,,NO,,,,YES
COACTUPC,ACCT-UPDATE-CURR-BAL,FIELD,S9(10)V99,DECIMAL,15,12,Current account balance with 2 decimal places (PIC S9(10)V99),ACCT-UPDATE-RECORD,'+/-9999999999.99,14,2,YES,DISPLAY,,,,,WS-MISC-STORAGE,679,NO,,NO,,,,YES
COACTUPC,ACCT-UPDATE-CREDIT-LIMIT,FIELD,S9(10)V99,DECIMAL,15,12,Account credit limit with 2 decimal places (PIC S9(10)V99),ACCT-UPDATE-RECORD,'+/-9999999999.99,14,2,YES,DISPLAY,,,,,WS-MISC-STORAGE,691,NO,,NO,,,,YES
COACTUPC,ACCT-UPDATE-CASH-CREDIT-LIMIT,FIELD,S9(10)V99,DECIMAL,15,12,Account cash credit limit with 2 decimal places (PIC S9(10)V99),ACCT-UPDATE-RECORD,'+/-9999999999.99,14,2,YES,DISPLAY,,,,,WS-MISC-STORAGE,703,NO,,NO,,,,YES
COACTUPC,ACCT-UPDATE-OPEN-DATE,FIELD,X(10),ALPHANUMERIC,15,10,Account open date in YYYY-MM-DD format (PIC X(10)),ACCT-UPDATE-RECORD,X(10),10,0,NO,DISPLAY,,,,,WS-MISC-STORAGE,715,NO,,NO,,,,YES
COACTUPC,ACCT-UPDATE-EXPIRAION-DATE,FIELD,X(10),ALPHANUMERIC,15,10,Account expiration date in YYYY-MM-DD format (PIC X(10)),ACCT-UPDATE-RECORD,X(10),10,0,NO,DISPLAY,,,,,WS-MISC-STORAGE,725,NO,,NO,,,,YES
COACTUPC,ACCT-UPDATE-REISSUE-DATE,FIELD,X(10),ALPHANUMERIC,15,10,Account reissue date in YYYY-MM-DD format (PIC X(10)),ACCT-UPDATE-RECORD,X(10),10,0,NO,DISPLAY,,,,,WS-MISC-STORAGE,735,NO,,NO,,,,YES
COACTUPC,ACCT-UPDATE-CURR-CYC-CREDIT,FIELD,S9(10)V99,DECIMAL,15,12,Current cycle credit amount with 2 decimal places (PIC S9(10)V99),ACCT-UPDATE-RECORD,'+/-9999999999.99,14,2,YES,DISPLAY,,,,,WS-MISC-STORAGE,745,NO,,NO,,,,YES
COACTUPC,ACCT-UPDATE-CURR-CYC-DEBIT,FIELD,S9(10)V99,DECIMAL,15,12,Current cycle debit amount with 2 decimal places (PIC S9(10)V99),ACCT-UPDATE-RECORD,'+/-9999999999.99,14,2,YES,DISPLAY,,,,,WS-MISC-STORAGE,757,NO,,NO,,,,YES
COACTUPC,ACCT-UPDATE-GROUP-ID,FIELD,X(10),ALPHANUMERIC,15,10,Account group ID identifier (PIC X(10)),ACCT-UPDATE-RECORD,X(10),10,0,NO,DISPLAY,,,,,WS-MISC-STORAGE,769,NO,,NO,,,,YES
COACTUPC,FILLER-13,FIELD,X(188),ALPHANUMERIC,15,188,"Reserved placeholder field used for data structure alignment, padding, or holding constant values",ACCT-UPDATE-RECORD,X(188),188,0,NO,DISPLAY,,,,,WS-MISC-STORAGE,779,NO,,NO,,,,YES
COACTUPC,CUST-UPDATE-RECORD,GROUP,N/A,GROUP,5,500,Record containing customer update data fields,WS-MISC-STORAGE,N/A,0,0,NO,DISPLAY,,,,,WS-MISC-STORAGE,967,NO,,NO,,,,YES
COACTUPC,CUST-UPDATE-ID,FIELD,9(09),NUMERIC,15,9,Customer ID for update operation (PIC 9(09)),CUST-UPDATE-RECORD,999999999,9,0,NO,DISPLAY,,,,,WS-MISC-STORAGE,967,NO,,NO,,,,YES
COACTUPC,CUST-UPDATE-FIRST-NAME,FIELD,X(25),ALPHANUMERIC,15,25,Customer first name (PIC X(25)),CUST-UPDATE-RECORD,X(25),25,0,NO,DISPLAY,,,,,WS-MISC-STORAGE,976,NO,,NO,,,,YES
COACTUPC,CUST-UPDATE-MIDDLE-NAME,FIELD,X(25),ALPHANUMERIC,15,25,Customer middle name (PIC X(25)),CUST-UPDATE-RECORD,X(25),25,0,NO,DISPLAY,,,,,WS-MISC-STORAGE,1001,NO,,NO,,,,YES
COACTUPC,CUST-UPDATE-LAST-NAME,FIELD,X(25),ALPHANUMERIC,15,25,Customer last name (PIC X(25)),CUST-UPDATE-RECORD,X(25),25,0,NO,DISPLAY,,,,,WS-MISC-STORAGE,1026,NO,,NO,,,,YES
COACTUPC,CUST-UPDATE-ADDR-LINE-1,FIELD,X(50),ALPHANUMERIC,15,50,Customer address line 1 (PIC X(50)),CUST-UPDATE-RECORD,X(50),50,0,NO,DISPLAY,,,,,WS-MISC-STORAGE,1051,NO,,NO,,,,YES
COACTUPC,CUST-UPDATE-ADDR-LINE-2,FIELD,X(50),ALPHANUMERIC,15,50,Customer address line 2 (PIC X(50)),CUST-UPDATE-RECORD,X(50),50,0,NO,DISPLAY,,,,,WS-MISC-STORAGE,1101,NO,,NO,,,,YES
COACTUPC,CUST-UPDATE-ADDR-LINE-3,FIELD,X(50),ALPHANUMERIC,15,50,Customer address line 3 (PIC X(50)),CUST-UPDATE-RECORD,X(50),50,0,NO,DISPLAY,,,,,WS-MISC-STORAGE,1151,NO,,NO,,,,YES
COACTUPC,CUST-UPDATE-ADDR-STATE-CD,FIELD,X(02),ALPHANUMERIC,15,2,Customer address state code 2-character (PIC X(02)),CUST-UPDATE-RECORD,X(2),2,0,NO,DISPLAY,,,,,WS-MISC-STORAGE,1201,NO,,NO,,,,YES
COACTUPC,CUST-UPDATE-ADDR-COUNTRY-CD,FIELD,X(03),ALPHANUMERIC,15,3,Customer address country code 3-character (PIC X(03)),CUST-UPDATE-RECORD,X(3),3,0,NO,DISPLAY,,,,,WS-MISC-STORAGE,1203,NO,,NO,,,,YES
COACTUPC,CUST-UPDATE-ADDR-ZIP,FIELD,X(10),ALPHANUMERIC,15,10,Customer address ZIP code (PIC X(10)),CUST-UPDATE-RECORD,X(10),10,0,NO,DISPLAY,,,,,WS-MISC-STORAGE,1206,NO,,NO,,,,YES
COACTUPC,CUST-UPDATE-PHONE-NUM-1,FIELD,X(15),ALPHANUMERIC,15,15,Customer primary phone number (PIC X(15)),CUST-UPDATE-RECORD,X(15),15,0,NO,DISPLAY,,,,,WS-MISC-STORAGE,1216,NO,,NO,,,,YES
COACTUPC,CUST-UPDATE-PHONE-NUM-2,FIELD,X(15),ALPHANUMERIC,15,15,Customer secondary phone number (PIC X(15)),CUST-UPDATE-RECORD,X(15),15,0,NO,DISPLAY,,,,,WS-MISC-STORAGE,1231,NO,,NO,,,,YES
COACTUPC,CUST-UPDATE-SSN,FIELD,9(09),NUMERIC,15,9,Customer social security number 9-digit (PIC 9(09)),CUST-UPDATE-RECORD,999999999,9,0,NO,DISPLAY,,,,,WS-MISC-STORAGE,1246,NO,,NO,,,,YES
COACTUPC,CUST-UPDATE-GOVT-ISSUED-ID,FIELD,X(20),ALPHANUMERIC,15,20,Customer government issued ID (PIC X(20)),CUST-UPDATE-RECORD,X(20),20,0,NO,DISPLAY,,,,,WS-MISC-STORAGE,1255,NO,,NO,,,,YES
COACTUPC,CUST-UPDATE-DOB-YYYY-MM-DD,FIELD,X(10),ALPHANUMERIC,15,10,Customer date of birth in YYYY-MM-DD format (PIC X(10)),CUST-UPDATE-RECORD,X(10),10,0,NO,DISPLAY,,,,,WS-MISC-STORAGE,1275,NO,,NO,,,,YES
COACTUPC,CUST-UPDATE-EFT-ACCOUNT-ID,FIELD,X(10),ALPHANUMERIC,15,10,Customer EFT account ID (PIC X(10)),CUST-UPDATE-RECORD,X(10),10,0,NO,DISPLAY,,,,,WS-MISC-STORAGE,1285,NO,,NO,,,,YES
COACTUPC,CUST-UPDATE-PRI-CARD-IND,FIELD,X(01),ALPHANUMERIC,15,1,Customer primary card indicator Y or N (PIC X(01)),CUST-UPDATE-RECORD,X,1,0,NO,DISPLAY,,,,,WS-MISC-STORAGE,1295,NO,,NO,,,,YES
COACTUPC,CUST-UPDATE-FICO-CREDIT-SCORE,FIELD,9(03),NUMERIC,15,3,Customer FICO credit score 3-digit (PIC 9(03)),CUST-UPDATE-RECORD,999,3,0,NO,DISPLAY,,,,,WS-MISC-STORAGE,1296,NO,,NO,,,,YES
COACTUPC,FILLER-14,FIELD,X(168),ALPHANUMERIC,15,168,"Reserved placeholder field used for data structure alignment, padding, or holding constant values",CUST-UPDATE-RECORD,X(168),168,0,NO,DISPLAY,,,,,WS-MISC-STORAGE,1299,NO,,NO,,,,YES
COACTUPC,WS-LONG-MSG,FIELD,X(500),ALPHANUMERIC,5,500,Long message text for detailed error or status information (PIC X(500)),WS-MISC-STORAGE,X(500),500,0,NO,DISPLAY,,,,,WS-MISC-STORAGE,1467,NO,,NO,,,,YES
COACTUPC,WS-INFO-MSG,FIELD,X(40),ALPHANUMERIC,5,40,Information message text for user prompts and status (PIC X(40)),WS-MISC-STORAGE,X(40),40,0,NO,DISPLAY,,,,,WS-MISC-STORAGE,1967,NO,,NO,,,,YES
COACTUPC,WS-NO-INFO-MESSAGE,CONDITION,N/A,DISPLAY,88,0,"Condition: no information message to display (VALUE SPACES, LOW-VALUES)",WS-INFO-MSG,N/A,0,0,NO,DISPLAY,,,,,WS-MISC-STORAGE,1967,NO,,NO,,"SPACES, LOW-VALUES",,YES
COACTUPC,FOUND-ACCOUNT-DATA,CONDITION,N/A,DISPLAY,88,0,Condition: account details successfully retrieved and displayed (VALUE 'Details of selected account shown above'),WS-INFO-MSG,N/A,0,0,NO,DISPLAY,,,,,WS-MISC-STORAGE,1967,NO,,NO,,'Details of selected account shown above',,YES
COACTUPC,PROMPT-FOR-SEARCH-KEYS,CONDITION,N/A,DISPLAY,88,0,Condition: prompt user to enter or update account ID (VALUE 'Enter or update id of account to update'),WS-INFO-MSG,N/A,0,0,NO,DISPLAY,,,,,WS-MISC-STORAGE,1967,NO,,NO,,'Enter or update id of account to update',,YES
COACTUPC,PROMPT-FOR-CHANGES,CONDITION,N/A,DISPLAY,88,0,Condition: prompt user to update account details (VALUE 'Update account details presented above.'),WS-INFO-MSG,N/A,0,0,NO,DISPLAY,,,,,WS-MISC-STORAGE,1967,NO,,NO,,'Update account details presented above.',,YES
COACTUPC,PROMPT-FOR-CONFIRMATION,CONDITION,N/A,DISPLAY,88,0,Condition: prompt user to confirm changes (VALUE 'Changes validated.Press F5 to save'),WS-INFO-MSG,N/A,0,0,NO,DISPLAY,,,,,WS-MISC-STORAGE,1967,NO,,NO,,'Changes validated.Press F5 to save',,YES
COACTUPC,CONFIRM-UPDATE-SUCCESS,CONDITION,N/A,DISPLAY,88,0,Condition: account update successfully committed (VALUE 'Changes committed to database'),WS-INFO-MSG,N/A,0,0,NO,DISPLAY,,,,,WS-MISC-STORAGE,1967,NO,,NO,,'Changes committed to database',,YES
COACTUPC,INFORM-FAILURE,CONDITION,N/A,DISPLAY,88,0,Condition: account update operation failed (VALUE 'Changes unsuccessful. Please try again'),WS-INFO-MSG,N/A,0,0,NO,DISPLAY,,,,,WS-MISC-STORAGE,1967,NO,,NO,,'Changes unsuccessful. Please try again',,YES
COACTUPC,WS-RETURN-MSG,FIELD,X(75),ALPHANUMERIC,5,75,Return message text for user communication (PIC X(75)),WS-MISC-STORAGE,X(75),75,0,NO,DISPLAY,,,,,WS-MISC-STORAGE,2007,NO,,NO,,,,YES
COACTUPC,WS-RETURN-MSG-OFF,CONDITION,N/A,DISPLAY,88,0,Condition: return message is cleared (VALUE SPACES),WS-RETURN-MSG,N/A,0,0,NO,DISPLAY,,,,,WS-MISC-STORAGE,2007,NO,,NO,,SPACES,,YES
COACTUPC,WS-EXIT-MESSAGE,CONDITION,N/A,DISPLAY,88,0,Condition: user pressed PF03 to exit (VALUE 'PF03 pressed.Exiting              '),WS-RETURN-MSG,N/A,0,0,NO,DISPLAY,,,,,WS-MISC-STORAGE,2007,NO,,NO,,'PF03 pressed.Exiting              ',,YES
COACTUPC,WS-PROMPT-FOR-ACCT,CONDITION,N/A,DISPLAY,88,0,Condition: account number not provided by user (VALUE 'Account number not provided'),WS-RETURN-MSG,N/A,0,0,NO,DISPLAY,,,,,WS-MISC-STORAGE,2007,NO,,NO,,'Account number not provided',,YES
COACTUPC,WS-PROMPT-FOR-LASTNAME,CONDITION,N/A,DISPLAY,88,0,Condition: last name not provided by user (VALUE 'Last name not provided'),WS-RETURN-MSG,N/A,0,0,NO,DISPLAY,,,,,WS-MISC-STORAGE,2007,NO,,NO,,'Last name not provided',,YES
COACTUPC,WS-NAME-MUST-BE-ALPHA,CONDITION,N/A,DISPLAY,88,0,Condition: name contains invalid characters (VALUE 'Name can only contain alphabets and spaces'),WS-RETURN-MSG,N/A,0,0,NO,DISPLAY,,,,,WS-MISC-STORAGE,2007,NO,,NO,,'Name can only contain alphabets and spaces',,YES
COACTUPC,NO-SEARCH-CRITERIA-RECEIVED,CONDITION,N/A,DISPLAY,88,0,Condition: no search input received from user (VALUE 'No input received'),WS-RETURN-MSG,N/A,0,0,NO,DISPLAY,,,,,WS-MISC-STORAGE,2007,NO,,NO,,'No input received',,YES
COACTUPC,NO-CHANGES-DETECTED,CONDITION,N/A,DISPLAY,88,0,Condition: no changes detected in update data (VALUE 'No change detected with respect to values fetched.'),WS-RETURN-MSG,N/A,0,0,NO,DISPLAY,,,,,WS-MISC-STORAGE,2007,NO,,NO,,'No change detected with respect to values fetched.',,YES
COACTUPC,SEARCHED-ACCT-ZEROES,CONDITION,N/A,DISPLAY,88,0,Condition: account number contains all zeros (VALUE 'Account number must be a non zero 11 digit number'),WS-RETURN-MSG,N/A,0,0,NO,DISPLAY,,,,,WS-MISC-STORAGE,2007,NO,,NO,,'Account number must be a non zero 11 digit number',,YES
COACTUPC,SEARCHED-ACCT-NOT-NUMERIC,CONDITION,N/A,DISPLAY,88,0,Condition: account number is not numeric (VALUE 'Account number must be a non zero 11 digit number'),WS-RETURN-MSG,N/A,0,0,NO,DISPLAY,,,,,WS-MISC-STORAGE,2007,NO,,NO,,'Account number must be a non zero 11 digit number',,YES
COACTUPC,DID-NOT-FIND-ACCT-IN-CARDXREF,CONDITION,N/A,DISPLAY,88,0,Condition: account not found in card cross-reference file (VALUE 'Did not find this account in cards database'),WS-RETURN-MSG,N/A,0,0,NO,DISPLAY,,,,,WS-MISC-STORAGE,2007,NO,,NO,,'Did not find this account in cards database',,YES
COACTUPC,DID-NOT-FIND-ACCT-IN-ACCTDAT,CONDITION,N/A,DISPLAY,88,0,Condition: account not found in account master file (VALUE 'Did not find this account in account master file'),WS-RETURN-MSG,N/A,0,0,NO,DISPLAY,,,,,WS-MISC-STORAGE,2007,NO,,NO,,'Did not find this account in account master file',,YES
COACTUPC,DID-NOT-FIND-CUST-IN-CUSTDAT,CONDITION,N/A,DISPLAY,88,0,Condition: customer not found in customer master file (VALUE 'Did not find associated customer in master file'),WS-RETURN-MSG,N/A,0,0,NO,DISPLAY,,,,,WS-MISC-STORAGE,2007,NO,,NO,,'Did not find associated customer in master file',,YES
COACTUPC,ACCT-STATUS-MUST-BE-YES-NO,CONDITION,N/A,DISPLAY,88,0,Condition: account status must be Y or N (VALUE 'Account Active Status must be Y or N'),WS-RETURN-MSG,N/A,0,0,NO,DISPLAY,,,,,WS-MISC-STORAGE,2007,NO,,NO,,'Account Active Status must be Y or N',,YES
COACTUPC,CRED-LIMIT-IS-BLANK,CONDITION,N/A,DISPLAY,88,0,Condition: credit limit field is blank (VALUE 'Credit Limit must be supplied'),WS-RETURN-MSG,N/A,0,0,NO,DISPLAY,,,,,WS-MISC-STORAGE,2007,NO,,NO,,'Credit Limit must be supplied',,YES
COACTUPC,CRED-LIMIT-IS-NOT-VALID,CONDITION,N/A,DISPLAY,88,0,Condition: credit limit value is invalid (VALUE 'Credit Limit is not valid'),WS-RETURN-MSG,N/A,0,0,NO,DISPLAY,,,,,WS-MISC-STORAGE,2007,NO,,NO,,'Credit Limit is not valid',,YES
COACTUPC,THIS-MONTH-NOT-VALID,CONDITION,N/A,DISPLAY,88,0,Condition: card expiry month is out of range (VALUE 'Card expiry month must be between 1 and 12'),WS-RETURN-MSG,N/A,0,0,NO,DISPLAY,,,,,WS-MISC-STORAGE,2007,NO,,NO,,'Card expiry month must be between 1 and 12',,YES
COACTUPC,THIS-YEAR-NOT-VALID,CONDITION,N/A,DISPLAY,88,0,Condition: card expiry year is invalid (VALUE 'Invalid card expiry year'),WS-RETURN-MSG,N/A,0,0,NO,DISPLAY,,,,,WS-MISC-STORAGE,2007,NO,,NO,,'Invalid card expiry year',,YES
COACTUPC,DID-NOT-FIND-ACCTCARD-COMBO,CONDITION,N/A,DISPLAY,88,0,Condition: no cards found for search criteria (VALUE 'Did not find cards for this search condition'),WS-RETURN-MSG,N/A,0,0,NO,DISPLAY,,,,,WS-MISC-STORAGE,2007,NO,,NO,,'Did not find cards for this search condition',,YES
COACTUPC,COULD-NOT-LOCK-ACCT-FOR-UPDATE,CONDITION,N/A,DISPLAY,88,0,Condition: account record lock failed (VALUE 'Could not lock account record for update'),WS-RETURN-MSG,N/A,0,0,NO,DISPLAY,,,,,WS-MISC-STORAGE,2007,NO,,NO,,'Could not lock account record for update',,YES
COACTUPC,COULD-NOT-LOCK-CUST-FOR-UPDATE,CONDITION,N/A,DISPLAY,88,0,Condition: customer record lock failed (VALUE 'Could not lock customer record for update'),WS-RETURN-MSG,N/A,0,0,NO,DISPLAY,,,,,WS-MISC-STORAGE,2007,NO,,NO,,'Could not lock customer record for update',,YES
COACTUPC,DATA-WAS-CHANGED-BEFORE-UPDATE,CONDITION,N/A,DISPLAY,88,0,Condition: record was modified by another user (VALUE 'Record changed by some one else. Please review'),WS-RETURN-MSG,N/A,0,0,NO,DISPLAY,,,,,WS-MISC-STORAGE,2007,NO,,NO,,'Record changed by some one else. Please review',,YES
COACTUPC,LOCKED-BUT-UPDATE-FAILED,CONDITION,N/A,DISPLAY,88,0,Condition: record update failed after lock (VALUE 'Update of record failed'),WS-RETURN-MSG,N/A,0,0,NO,DISPLAY,,,,,WS-MISC-STORAGE,2007,NO,,NO,,'Update of record failed',,YES
COACTUPC,XREF-READ-ERROR,CONDITION,N/A,DISPLAY,88,0,Condition: error reading card cross-reference file (VALUE 'Error reading Card Data File'),WS-RETURN-MSG,N/A,0,0,NO,DISPLAY,,,,,WS-MISC-STORAGE,2007,NO,,NO,,'Error reading Card Data File',,YES
COACTUPC,CODING-TO-BE-DONE,CONDITION,N/A,DISPLAY,88,0,Condition: placeholder for incomplete coding (VALUE 'Looks Good.... so far'),WS-RETURN-MSG,N/A,0,0,NO,DISPLAY,,,,,WS-MISC-STORAGE,2007,NO,,NO,,'Looks Good.... so far',,YES
COACTUPC,WS-LITERALS,RECORD,N/A,GROUP,1,234,Group containing literal constant values for program and transaction identifiers,WS-LITERALS,N/A,0,0,NO,DISPLAY,,,,,WS-LITERALS,1,NO,,NO,,,,YES
COACTUPC,LIT-THISPGM,FIELD,X(8),ALPHANUMERIC,5,8,Current program name COACTUPC (PIC X(8)) (VALUE 'COACTUPC'),WS-LITERALS,X(8),8,0,NO,DISPLAY,,,,,WS-LITERALS,1,NO,,NO,'COACTUPC',,,YES
COACTUPC,LIT-THISTRANID,FIELD,X(4),ALPHANUMERIC,5,4,Current transaction ID CAUP (PIC X(4)) (VALUE 'CAUP'),WS-LITERALS,X(4),4,0,NO,DISPLAY,,,,,WS-LITERALS,9,NO,,NO,'CAUP',,,YES
COACTUPC,LIT-THISMAPSET,FIELD,X(8),ALPHANUMERIC,5,8,Current mapset name COACTUP (PIC X(8)) (VALUE 'COACTUP '),WS-LITERALS,X(8),8,0,NO,DISPLAY,,,,,WS-LITERALS,13,NO,,NO,'COACTUP ',,,YES
COACTUPC,LIT-THISMAP,FIELD,X(7),ALPHANUMERIC,5,7,Current map name CACTUPA (PIC X(7)) (VALUE 'CACTUPA'),WS-LITERALS,X(7),7,0,NO,DISPLAY,,,,,WS-LITERALS,21,NO,,NO,'CACTUPA',,,YES
COACTUPC,LIT-CARDUPDATE-PGM,FIELD,X(8),ALPHANUMERIC,5,8,Card update program name COCRDUPC (PIC X(8)) (VALUE 'COCRDUPC'),WS-LITERALS,X(8),8,0,NO,DISPLAY,,,,,WS-LITERALS,28,NO,,NO,'COCRDUPC',,,YES
COACTUPC,LIT-CARDUPDATE-TRANID,FIELD,X(4),ALPHANUMERIC,5,4,Card update transaction ID CCUP (PIC X(4)) (VALUE 'CCUP'),WS-LITERALS,X(4),4,0,NO,DISPLAY,,,,,WS-LITERALS,36,NO,,NO,'CCUP',,,YES
COACTUPC,LIT-CARDUPDATE-MAPSET,FIELD,X(8),ALPHANUMERIC,5,8,Card update mapset name COCRDUP (PIC X(8)) (VALUE 'COCRDUP '),WS-LITERALS,X(8),8,0,NO,DISPLAY,,,,,WS-LITERALS,40,NO,,NO,'COCRDUP ',,,YES
COACTUPC,LIT-CARDUPDATE-MAP,FIELD,X(7),ALPHANUMERIC,5,7,Card update map name CCRDUPA (PIC X(7)) (VALUE 'CCRDUPA'),WS-LITERALS,X(7),7,0,NO,DISPLAY,,,,,WS-LITERALS,48,NO,,NO,'CCRDUPA',,,YES
COACTUPC,LIT-CCLISTPGM,FIELD,X(8),ALPHANUMERIC,5,8,Card list program name COCRDLIC (PIC X(8)) (VALUE 'COCRDLIC'),WS-LITERALS,X(8),8,0,NO,DISPLAY,,,,,WS-LITERALS,55,NO,,NO,'COCRDLIC',,,YES
COACTUPC,LIT-CCLISTTRANID,FIELD,X(4),ALPHANUMERIC,5,4,Card list transaction ID CCLI (PIC X(4)) (VALUE 'CCLI'),WS-LITERALS,X(4),4,0,NO,DISPLAY,,,,,WS-LITERALS,63,NO,,NO,'CCLI',,,YES
COACTUPC,LIT-CCLISTMAPSET,FIELD,X(7),ALPHANUMERIC,5,7,Card list mapset name COCRDLI (PIC X(7)) (VALUE 'COCRDLI'),WS-LITERALS,X(7),7,0,NO,DISPLAY,,,,,WS-LITERALS,67,NO,,NO,'COCRDLI',,,YES
COACTUPC,LIT-CCLISTMAP,FIELD,X(7),ALPHANUMERIC,5,7,Card list map name CCRDSLA (PIC X(7)) (VALUE 'CCRDSLA'),WS-LITERALS,X(7),7,0,NO,DISPLAY,,,,,WS-LITERALS,74,NO,,NO,'CCRDSLA',,,YES
COACTUPC,LIT-MENUPGM,FIELD,X(8),ALPHANUMERIC,5,8,Menu program name COMEN01C (PIC X(8)) (VALUE 'COMEN01C'),WS-LITERALS,X(8),8,0,NO,DISPLAY,,,,,WS-LITERALS,81,NO,,NO,'COMEN01C',,,YES
COACTUPC,LIT-MENUTRANID,FIELD,X(4),ALPHANUMERIC,5,4,Menu transaction ID CM00 (PIC X(4)) (VALUE 'CM00'),WS-LITERALS,X(4),4,0,NO,DISPLAY,,,,,WS-LITERALS,89,NO,,NO,'CM00',,,YES
COACTUPC,LIT-MENUMAPSET,FIELD,X(7),ALPHANUMERIC,5,7,Menu mapset name COMEN01 (PIC X(7)) (VALUE 'COMEN01'),WS-LITERALS,X(7),7,0,NO,DISPLAY,,,,,WS-LITERALS,93,NO,,NO,'COMEN01',,,YES
COACTUPC,LIT-MENUMAP,FIELD,X(7),ALPHANUMERIC,5,7,Menu map name COMEN1A (PIC X(7)) (VALUE 'COMEN1A'),WS-LITERALS,X(7),7,0,NO,DISPLAY,,,,,WS-LITERALS,100,NO,,NO,'COMEN1A',,,YES
COACTUPC,LIT-CARDDTLPGM,FIELD,X(8),ALPHANUMERIC,5,8,Card detail program name COCRDSLC (PIC X(8)) (VALUE 'COCRDSLC'),WS-LITERALS,X(8),8,0,NO,DISPLAY,,,,,WS-LITERALS,107,NO,,NO,'COCRDSLC',,,YES
COACTUPC,LIT-CARDDTLTRANID,FIELD,X(4),ALPHANUMERIC,5,4,Card detail transaction ID CCDL (PIC X(4)) (VALUE 'CCDL'),WS-LITERALS,X(4),4,0,NO,DISPLAY,,,,,WS-LITERALS,115,NO,,NO,'CCDL',,,YES
COACTUPC,LIT-CARDDTLMAPSET,FIELD,X(7),ALPHANUMERIC,5,7,Card detail mapset name COCRDSL (PIC X(7)) (VALUE 'COCRDSL'),WS-LITERALS,X(7),7,0,NO,DISPLAY,,,,,WS-LITERALS,119,NO,,NO,'COCRDSL',,,YES
COACTUPC,LIT-CARDDTLMAP,FIELD,X(7),ALPHANUMERIC,5,7,Card detail map name CCRDSLA (PIC X(7)) (VALUE 'CCRDSLA'),WS-LITERALS,X(7),7,0,NO,DISPLAY,,,,,WS-LITERALS,126,NO,,NO,'CCRDSLA',,,YES
COACTUPC,LIT-ACCTFILENAME,FIELD,X(8),ALPHANUMERIC,5,8,Account master file name ACCTDAT (PIC X(8)) (VALUE 'ACCTDAT '),WS-LITERALS,X(8),8,0,NO,DISPLAY,,,,,WS-LITERALS,133,NO,,NO,'ACCTDAT ',,,YES
COACTUPC,LIT-CUSTFILENAME,FIELD,X(8),ALPHANUMERIC,5,8,Customer master file name CUSTDAT (PIC X(8)) (VALUE 'CUSTDAT '),WS-LITERALS,X(8),8,0,NO,DISPLAY,,,,,WS-LITERALS,141,NO,,NO,'CUSTDAT ',,,YES
COACTUPC,LIT-CARDFILENAME,FIELD,X(8),ALPHANUMERIC,5,8,Card data file name CARDDAT (PIC X(8)) (VALUE 'CARDDAT '),WS-LITERALS,X(8),8,0,NO,DISPLAY,,,,,WS-LITERALS,149,NO,,NO,'CARDDAT ',,,YES
COACTUPC,LIT-CARDFILENAME-ACCT-PATH,FIELD,X(8),ALPHANUMERIC,5,8,Card data file access path by account CARDAIX (PIC X(8)) (VALUE 'CARDAIX '),WS-LITERALS,X(8),8,0,NO,DISPLAY,,,,,WS-LITERALS,157,NO,,NO,'CARDAIX ',,,YES
COACTUPC,LIT-CARDXREFNAME-ACCT-PATH,FIELD,X(8),ALPHANUMERIC,5,8,Card cross-reference file access path by account CXACAIX (PIC X(8)) (VALUE 'CXACAIX '),WS-LITERALS,X(8),8,0,NO,DISPLAY,,,,,WS-LITERALS,165,NO,,NO,'CXACAIX ',,,YES
COACTUPC,LIT-ALL-ALPHANUM-FROM-X,GROUP,N/A,GROUP,5,62,Group containing all alphanumeric character literals for string operations,WS-LITERALS,N/A,0,0,NO,DISPLAY,,,,,WS-LITERALS,173,NO,,NO,,,,YES
COACTUPC,LIT-ALL-ALPHA-FROM-X,GROUP,N/A,GROUP,10,52,Group containing uppercase and lowercase alphabetic character literals,LIT-ALL-ALPHANUM-FROM-X,N/A,0,0,NO,DISPLAY,,,,,WS-LITERALS,173,NO,,NO,,,,YES
COACTUPC,LIT-UPPER,FIELD,X(26),ALPHANUMERIC,15,26,Uppercase alphabet literal string A through Z (VALUE 'ABCDEFGHIJKLMNOPQRSTUVWXYZ'),LIT-ALL-ALPHA-FROM-X,X(26),26,0,NO,DISPLAY,,,,,WS-LITERALS,173,NO,,NO,'ABCDEFGHIJKLMNOPQRSTUVWXYZ',,,YES
COACTUPC,LIT-LOWER,FIELD,X(26),ALPHANUMERIC,15,26,Lowercase alphabet literal string a through z (VALUE 'abcdefghijklmnopqrstuvwxyz'),LIT-ALL-ALPHA-FROM-X,X(26),26,0,NO,DISPLAY,,,,,WS-LITERALS,199,NO,,NO,'abcdefghijklmnopqrstuvwxyz',,,YES
COACTUPC,LIT-NUMBERS,FIELD,X(10),ALPHANUMERIC,10,10,Numeric digit literal string 0 through 9 (VALUE '0123456789'),LIT-ALL-ALPHANUM-FROM-X,X(10),10,0,NO,DISPLAY,,,,,WS-LITERALS,225,NO,,NO,'0123456789',,,YES
COACTUPC,LIT-ALL-ALPHA-FROM,FIELD,X(52),ALPHANUMERIC,1,52,Source string for alphabetic character translation operations (52 characters),LIT-ALL-ALPHA-FROM,X(52),52,0,NO,DISPLAY,,,,,LIT-ALL-ALPHA-FROM,1,NO,,NO,SPACES,,,YES
COACTUPC,LIT-ALL-ALPHANUM-FROM,FIELD,X(62),ALPHANUMERIC,1,62,Source string for alphanumeric character translation operations (62 characters),LIT-ALL-ALPHANUM-FROM,X(62),62,0,NO,DISPLAY,,,,,LIT-ALL-ALPHANUM-FROM,1,NO,,NO,SPACES,,,YES
COACTUPC,LIT-ALL-NUM-FROM,FIELD,X(10),ALPHANUMERIC,1,10,Source string for numeric character translation operations (10 characters),LIT-ALL-NUM-FROM,X(10),10,0,NO,DISPLAY,,,,,LIT-ALL-NUM-FROM,1,NO,,NO,SPACES,,,YES
COACTUPC,LIT-ALPHA-SPACES-TO,FIELD,X(52),ALPHANUMERIC,77,52,Target string for alphabetic character translation operations initialized to spaces (52 characters),LIT-ALPHA-SPACES-TO,X(52),52,0,NO,DISPLAY,,,,,LIT-ALPHA-SPACES-TO,1,NO,,NO,SPACES,,,YES
COACTUPC,LIT-ALPHANUM-SPACES-TO,FIELD,X(62),ALPHANUMERIC,77,62,Target string for alphanumeric character translation operations initialized to spaces (62 characters),LIT-ALPHANUM-SPACES-TO,X(62),62,0,NO,DISPLAY,,,,,LIT-ALPHANUM-SPACES-TO,1,NO,,NO,SPACES,,,YES
COACTUPC,LIT-NUM-SPACES-TO,FIELD,X(10),ALPHANUMERIC,77,10,Target string for numeric character translation operations initialized to spaces (10 characters),LIT-NUM-SPACES-TO,X(10),10,0,NO,DISPLAY,,,,,LIT-NUM-SPACES-TO,1,NO,,NO,SPACES,,,YES
COACTUPC,WS-THIS-PROGCOMMAREA,RECORD,N/A,GROUP,1,873,Program communication area group for inter-program data exchange,WS-THIS-PROGCOMMAREA,N/A,0,0,NO,DISPLAY,,,,,WS-THIS-PROGCOMMAREA,1,NO,,NO,,,,YES
COACTUPC,ACCT-UPDATE-SCREEN-DATA,GROUP,N/A,GROUP,5,1,Group containing account update screen action and status information,WS-THIS-PROGCOMMAREA,N/A,0,0,NO,DISPLAY,,,,,WS-THIS-PROGCOMMAREA,1,NO,,NO,,,,YES
COACTUPC,ACUP-CHANGE-ACTION,FIELD,X(1),ALPHANUMERIC,10,1,Action code indicating the current state of account update processing (1 character),ACCT-UPDATE-SCREEN-DATA,X,1,0,NO,DISPLAY,,,,,WS-THIS-PROGCOMMAREA,1,NO,,NO,LOW-S,,,YES
COACTUPC,ACUP-DETAILS-NOT-FETCHED,CONDITION,N/A,DISPLAY,88,0,Condition: account details have not been fetched or are in initial state (VALUE LOW-VALUES or SPACES),ACUP-CHANGE-ACTION,N/A,0,0,NO,DISPLAY,,,,,WS-THIS-PROGCOMMAREA,1,NO,,NO,,"LOW-VALUES, SPACES",,YES
COACTUPC,ACUP-SHOW-DETAILS,CONDITION,N/A,DISPLAY,88,0,Condition: request to show account details (VALUE 'S'),ACUP-CHANGE-ACTION,N/A,0,0,NO,DISPLAY,,,,,WS-THIS-PROGCOMMAREA,1,NO,,NO,,'S',,YES
COACTUPC,ACUP-CHANGES-MADE,CONDITION,N/A,DISPLAY,88,0,"Condition: changes have been made to account data (VALUE 'E', 'N', 'C', 'L', 'F')",ACUP-CHANGE-ACTION,N/A,0,0,NO,DISPLAY,,,,,WS-THIS-PROGCOMMAREA,1,NO,,NO,,"'E', 'N', 'C', 'L', 'F'",,YES
COACTUPC,ACUP-CHANGES-NOT-OK,CONDITION,N/A,DISPLAY,88,0,Condition: changes validation failed (VALUE 'E'),ACUP-CHANGE-ACTION,N/A,0,0,NO,DISPLAY,,,,,WS-THIS-PROGCOMMAREA,1,NO,,NO,,'E',,YES
COACTUPC,ACUP-CHANGES-OK-NOT-CONFIRMED,CONDITION,N/A,DISPLAY,88,0,Condition: changes are valid but not yet confirmed (VALUE 'N'),ACUP-CHANGE-ACTION,N/A,0,0,NO,DISPLAY,,,,,WS-THIS-PROGCOMMAREA,1,NO,,NO,,'N',,YES
COACTUPC,ACUP-CHANGES-OKAYED-AND-DONE,CONDITION,N/A,DISPLAY,88,0,Condition: changes have been confirmed and completed (VALUE 'C'),ACUP-CHANGE-ACTION,N/A,0,0,NO,DISPLAY,,,,,WS-THIS-PROGCOMMAREA,1,NO,,NO,,'C',,YES
COACTUPC,ACUP-CHANGES-FAILED,CONDITION,N/A,DISPLAY,88,0,"Condition: changes failed during processing (VALUE 'L', 'F')",ACUP-CHANGE-ACTION,N/A,0,0,NO,DISPLAY,,,,,WS-THIS-PROGCOMMAREA,1,NO,,NO,,"'L', 'F'",,YES
COACTUPC,ACUP-CHANGES-OKAYED-LOCK-ERROR,CONDITION,N/A,DISPLAY,88,0,Condition: changes confirmed but failed due to lock error (VALUE 'L'),ACUP-CHANGE-ACTION,N/A,0,0,NO,DISPLAY,,,,,WS-THIS-PROGCOMMAREA,1,NO,,NO,,'L',,YES
COACTUPC,ACUP-CHANGES-OKAYED-BUT-FAILED,CONDITION,N/A,DISPLAY,88,0,Condition: changes confirmed but failed during update (VALUE 'F'),ACUP-CHANGE-ACTION,N/A,0,0,NO,DISPLAY,,,,,WS-THIS-PROGCOMMAREA,1,NO,,NO,,'F',,YES
COACTUPC,ACUP-OLD-DETAILS,GROUP,N/A,GROUP,5,436,Group containing previous account and customer data before updates,WS-THIS-PROGCOMMAREA,N/A,0,0,NO,DISPLAY,,,,,WS-THIS-PROGCOMMAREA,2,NO,,NO,,,,YES
COACTUPC,ACUP-OLD-ACCT-DATA,GROUP,N/A,GROUP,10,106,Group containing previous account-level information,ACUP-OLD-DETAILS,N/A,0,0,NO,DISPLAY,,,,,WS-THIS-PROGCOMMAREA,2,NO,,NO,,,,YES
COACTUPC,ACUP-OLD-ACCT-ID-X,FIELD,X(11),ALPHANUMERIC,15,11,Previous account identifier as character string (11 characters),ACUP-OLD-ACCT-DATA,X(11),11,0,NO,DISPLAY,,,,,WS-THIS-PROGCOMMAREA,2,NO,,NO,,,,YES
COACTUPC,ACUP-OLD-ACCT-ID,FIELD,9(11),NUMERIC,15,11,Previous account identifier as numeric value (REDEFINES ACUP-OLD-ACCT-ID-X) (11 digits),ACUP-OLD-ACCT-DATA,99999999999,11,0,NO,DISPLAY,,,,ACUP-OLD-ACCT-ID-X,WS-THIS-PROGCOMMAREA,2,NO,,NO,,,,YES
COACTUPC,ACUP-OLD-ACTIVE-STATUS,FIELD,X(01),ALPHANUMERIC,15,1,Previous account active status indicator (1 character),ACUP-OLD-ACCT-DATA,X,1,0,NO,DISPLAY,,,,,WS-THIS-PROGCOMMAREA,13,NO,,NO,,,,YES
COACTUPC,ACUP-OLD-CURR-BAL,FIELD,X(12),ALPHANUMERIC,15,12,Previous current account balance as character string (12 characters),ACUP-OLD-ACCT-DATA,X(12),12,0,NO,DISPLAY,,,,,WS-THIS-PROGCOMMAREA,14,NO,,NO,,,,YES
COACTUPC,ACUP-OLD-CURR-BAL-N,FIELD,S9(10)V99,DECIMAL,15,12,Previous current account balance as signed numeric value with 2 decimal places (REDEFINES ACUP-OLD-CURR-BAL) (S9(10)V99),ACUP-OLD-ACCT-DATA,'+/-9999999999.99,14,2,YES,DISPLAY,,,,ACUP-OLD-CURR-BAL,WS-THIS-PROGCOMMAREA,14,NO,,NO,,,,YES
COACTUPC,ACUP-OLD-CREDIT-LIMIT,FIELD,X(12),ALPHANUMERIC,15,12,Previous credit limit as character string (12 characters),ACUP-OLD-ACCT-DATA,X(12),12,0,NO,DISPLAY,,,,,WS-THIS-PROGCOMMAREA,26,NO,,NO,,,,YES
COACTUPC,ACUP-OLD-CREDIT-LIMIT-N,FIELD,S9(10)V99,DECIMAL,15,12,Previous credit limit as signed numeric value with 2 decimal places (REDEFINES ACUP-OLD-CREDIT-LIMIT) (S9(10)V99),ACUP-OLD-ACCT-DATA,'+/-9999999999.99,14,2,YES,DISPLAY,,,,ACUP-OLD-CREDIT-LIMIT,WS-THIS-PROGCOMMAREA,26,NO,,NO,,,,YES
COACTUPC,ACUP-OLD-CASH-CREDIT-LIMIT,FIELD,X(12),ALPHANUMERIC,15,12,Previous cash credit limit as character string (12 characters),ACUP-OLD-ACCT-DATA,X(12),12,0,NO,DISPLAY,,,,,WS-THIS-PROGCOMMAREA,38,NO,,NO,,,,YES
COACTUPC,ACUP-OLD-CASH-CREDIT-LIMIT-N,FIELD,S9(10)V99,DECIMAL,15,12,Previous cash credit limit as signed numeric value with 2 decimal places (REDEFINES ACUP-OLD-CASH-CREDIT-LIMIT) (S9(10)V99),ACUP-OLD-ACCT-DATA,'+/-9999999999.99,14,2,YES,DISPLAY,,,,ACUP-OLD-CASH-CREDIT-LIMIT,WS-THIS-PROGCOMMAREA,38,NO,,NO,,,,YES
COACTUPC,ACUP-OLD-OPEN-DATE,FIELD,X(08),ALPHANUMERIC,15,8,Previous account open date in YYYYMMDD format (8 characters),ACUP-OLD-ACCT-DATA,X(8),8,0,NO,DISPLAY,,,,,WS-THIS-PROGCOMMAREA,50,NO,,NO,,,,YES
COACTUPC,ACUP-OLD-OPEN-DATE-PARTS,GROUP,N/A,GROUP,15,8,Group containing previous account open date components (REDEFINES ACUP-OLD-OPEN-DATE),ACUP-OLD-ACCT-DATA,N/A,0,0,NO,DISPLAY,,,,ACUP-OLD-OPEN-DATE,WS-THIS-PROGCOMMAREA,50,NO,,NO,,,,YES
COACTUPC,ACUP-OLD-OPEN-YEAR,FIELD,X(4),ALPHANUMERIC,20,4,Previous account open year component (4 characters),ACUP-OLD-OPEN-DATE-PARTS,X(4),4,0,NO,DISPLAY,,,,,WS-THIS-PROGCOMMAREA,50,NO,,NO,,,,YES
COACTUPC,ACUP-OLD-OPEN-MON,FIELD,X(2),ALPHANUMERIC,20,2,Previous account open month component (2 characters),ACUP-OLD-OPEN-DATE-PARTS,X(2),2,0,NO,DISPLAY,,,,,WS-THIS-PROGCOMMAREA,54,NO,,NO,,,,YES
COACTUPC,ACUP-OLD-OPEN-DAY,FIELD,X(2),ALPHANUMERIC,20,2,Previous account open day component (2 characters),ACUP-OLD-OPEN-DATE-PARTS,X(2),2,0,NO,DISPLAY,,,,,WS-THIS-PROGCOMMAREA,56,NO,,NO,,,,YES
COACTUPC,ACUP-OLD-EXPIRAION-DATE,FIELD,X(08),ALPHANUMERIC,15,8,Previous account expiration date in YYYYMMDD format (8 characters),ACUP-OLD-ACCT-DATA,X(8),8,0,NO,DISPLAY,,,,,WS-THIS-PROGCOMMAREA,58,NO,,NO,,,,YES
COACTUPC,ACUP-OLD-EXPIRAION-DATE-PARTS,GROUP,N/A,GROUP,15,8,Group containing previous account expiration date components (REDEFINES ACUP-OLD-EXPIRAION-DATE),ACUP-OLD-ACCT-DATA,N/A,0,0,NO,DISPLAY,,,,ACUP-OLD-EXPIRAION-DATE,WS-THIS-PROGCOMMAREA,58,NO,,NO,,,,YES
COACTUPC,ACUP-OLD-EXP-YEAR,FIELD,X(4),ALPHANUMERIC,20,4,Previous account expiration year component (4 characters),ACUP-OLD-EXPIRAION-DATE-PARTS,X(4),4,0,NO,DISPLAY,,,,,WS-THIS-PROGCOMMAREA,58,NO,,NO,,,,YES
COACTUPC,ACUP-OLD-EXP-MON,FIELD,X(2),ALPHANUMERIC,20,2,Previous account expiration month component (2 characters),ACUP-OLD-EXPIRAION-DATE-PARTS,X(2),2,0,NO,DISPLAY,,,,,WS-THIS-PROGCOMMAREA,62,NO,,NO,,,,YES
COACTUPC,ACUP-OLD-EXP-DAY,FIELD,X(2),ALPHANUMERIC,20,2,Previous account expiration day component (2 characters),ACUP-OLD-EXPIRAION-DATE-PARTS,X(2),2,0,NO,DISPLAY,,,,,WS-THIS-PROGCOMMAREA,64,NO,,NO,,,,YES
COACTUPC,ACUP-OLD-REISSUE-DATE,FIELD,X(08),ALPHANUMERIC,15,8,Previous account reissue date in YYYYMMDD format (8 characters),ACUP-OLD-ACCT-DATA,X(8),8,0,NO,DISPLAY,,,,,WS-THIS-PROGCOMMAREA,66,NO,,NO,,,,YES
COACTUPC,ACUP-OLD-REISSUE-DATE-PARTS,GROUP,N/A,GROUP,15,8,Group containing previous account reissue date components (REDEFINES ACUP-OLD-REISSUE-DATE),ACUP-OLD-ACCT-DATA,N/A,0,0,NO,DISPLAY,,,,ACUP-OLD-REISSUE-DATE,WS-THIS-PROGCOMMAREA,66,NO,,NO,,,,YES
COACTUPC,ACUP-OLD-REISSUE-YEAR,FIELD,X(4),ALPHANUMERIC,20,4,Previous account reissue year component (4 characters),ACUP-OLD-REISSUE-DATE-PARTS,X(4),4,0,NO,DISPLAY,,,,,WS-THIS-PROGCOMMAREA,66,NO,,NO,,,,YES
COACTUPC,ACUP-OLD-REISSUE-MON,FIELD,X(2),ALPHANUMERIC,20,2,Previous account reissue month component (2 characters),ACUP-OLD-REISSUE-DATE-PARTS,X(2),2,0,NO,DISPLAY,,,,,WS-THIS-PROGCOMMAREA,70,NO,,NO,,,,YES
COACTUPC,ACUP-OLD-REISSUE-DAY,FIELD,X(2),ALPHANUMERIC,20,2,Previous account reissue day component (2 characters),ACUP-OLD-REISSUE-DATE-PARTS,X(2),2,0,NO,DISPLAY,,,,,WS-THIS-PROGCOMMAREA,72,NO,,NO,,,,YES
COACTUPC,ACUP-OLD-CURR-CYC-CREDIT,FIELD,X(12),ALPHANUMERIC,15,12,Previous current cycle credit amount as character string (12 characters),ACUP-OLD-ACCT-DATA,X(12),12,0,NO,DISPLAY,,,,,WS-THIS-PROGCOMMAREA,74,NO,,NO,,,,YES
COACTUPC,ACUP-OLD-CURR-CYC-CREDIT-N,FIELD,S9(10)V99,DECIMAL,15,12,Previous current cycle credit amount as signed numeric value with 2 decimal places (REDEFINES ACUP-OLD-CURR-CYC-CREDIT) (S9(10)V99),ACUP-OLD-ACCT-DATA,'+/-9999999999.99,14,2,YES,DISPLAY,,,,ACUP-OLD-CURR-CYC-CREDIT,WS-THIS-PROGCOMMAREA,74,NO,,NO,,,,YES
COACTUPC,ACUP-OLD-CURR-CYC-DEBIT,FIELD,X(12),ALPHANUMERIC,15,12,Previous current cycle debit amount as character string (12 characters),ACUP-OLD-ACCT-DATA,X(12),12,0,NO,DISPLAY,,,,,WS-THIS-PROGCOMMAREA,86,NO,,NO,,,,YES
COACTUPC,ACUP-OLD-CURR-CYC-DEBIT-N,FIELD,S9(10)V99,DECIMAL,15,12,Previous current cycle debit amount as signed numeric value with 2 decimal places (REDEFINES ACUP-OLD-CURR-CYC-DEBIT) (S9(10)V99),ACUP-OLD-ACCT-DATA,'+/-9999999999.99,14,2,YES,DISPLAY,,,,ACUP-OLD-CURR-CYC-DEBIT,WS-THIS-PROGCOMMAREA,86,NO,,NO,,,,YES
COACTUPC,ACUP-OLD-GROUP-ID,FIELD,X(10),ALPHANUMERIC,15,10,Previous account group identifier (10 characters),ACUP-OLD-ACCT-DATA,X(10),10,0,NO,DISPLAY,,,,,WS-THIS-PROGCOMMAREA,98,NO,,NO,,,,YES
COACTUPC,ACUP-OLD-CUST-DATA,GROUP,N/A,GROUP,10,330,Group containing previous customer-level information,ACUP-OLD-DETAILS,N/A,0,0,NO,DISPLAY,,,,,WS-THIS-PROGCOMMAREA,108,NO,,NO,,,,YES
COACTUPC,ACUP-OLD-CUST-ID-X,FIELD,X(09),ALPHANUMERIC,15,9,Previous customer identifier as character string (9 characters),ACUP-OLD-CUST-DATA,X(9),9,0,NO,DISPLAY,,,,,WS-THIS-PROGCOMMAREA,108,NO,,NO,,,,YES
COACTUPC,ACUP-OLD-CUST-ID,FIELD,9(09),NUMERIC,15,9,Previous customer identifier as numeric value (REDEFINES ACUP-OLD-CUST-ID-X) (9 digits),ACUP-OLD-CUST-DATA,999999999,9,0,NO,DISPLAY,,,,ACUP-OLD-CUST-ID-X,WS-THIS-PROGCOMMAREA,108,NO,,NO,,,,YES
COACTUPC,ACUP-OLD-CUST-FIRST-NAME,FIELD,X(25),ALPHANUMERIC,15,25,Previous customer first name (25 characters),ACUP-OLD-CUST-DATA,X(25),25,0,NO,DISPLAY,,,,,WS-THIS-PROGCOMMAREA,117,NO,,NO,,,,YES
COACTUPC,ACUP-OLD-CUST-MIDDLE-NAME,FIELD,X(25),ALPHANUMERIC,15,25,Previous customer middle name (25 characters),ACUP-OLD-CUST-DATA,X(25),25,0,NO,DISPLAY,,,,,WS-THIS-PROGCOMMAREA,142,NO,,NO,,,,YES
COACTUPC,ACUP-OLD-CUST-LAST-NAME,FIELD,X(25),ALPHANUMERIC,15,25,Previous customer last name (25 characters),ACUP-OLD-CUST-DATA,X(25),25,0,NO,DISPLAY,,,,,WS-THIS-PROGCOMMAREA,167,NO,,NO,,,,YES
COACTUPC,ACUP-OLD-CUST-ADDR-LINE-1,FIELD,X(50),ALPHANUMERIC,15,50,Previous customer address line 1 (50 characters),ACUP-OLD-CUST-DATA,X(50),50,0,NO,DISPLAY,,,,,WS-THIS-PROGCOMMAREA,192,NO,,NO,,,,YES
COACTUPC,ACUP-OLD-CUST-ADDR-LINE-2,FIELD,X(50),ALPHANUMERIC,15,50,Previous customer address line 2 (50 characters),ACUP-OLD-CUST-DATA,X(50),50,0,NO,DISPLAY,,,,,WS-THIS-PROGCOMMAREA,242,NO,,NO,,,,YES
COACTUPC,ACUP-OLD-CUST-ADDR-LINE-3,FIELD,X(50),ALPHANUMERIC,15,50,Previous customer address line 3 (50 characters),ACUP-OLD-CUST-DATA,X(50),50,0,NO,DISPLAY,,,,,WS-THIS-PROGCOMMAREA,292,NO,,NO,,,,YES
COACTUPC,ACUP-OLD-CUST-ADDR-STATE-CD,FIELD,X(02),ALPHANUMERIC,15,2,Previous customer address state code (2 characters),ACUP-OLD-CUST-DATA,X(2),2,0,NO,DISPLAY,,,,,WS-THIS-PROGCOMMAREA,342,NO,,NO,,,,YES
COACTUPC,ACUP-OLD-CUST-ADDR-COUNTRY-CD,FIELD,X(03),ALPHANUMERIC,15,3,Previous customer address country code (3 characters),ACUP-OLD-CUST-DATA,X(3),3,0,NO,DISPLAY,,,,,WS-THIS-PROGCOMMAREA,344,NO,,NO,,,,YES
COACTUPC,ACUP-OLD-CUST-ADDR-ZIP,FIELD,X(10),ALPHANUMERIC,15,10,Previous customer address ZIP code (10 characters),ACUP-OLD-CUST-DATA,X(10),10,0,NO,DISPLAY,,,,,WS-THIS-PROGCOMMAREA,347,NO,,NO,,,,YES
COACTUPC,ACUP-OLD-CUST-PHONE-NUM-1,FIELD,X(15),ALPHANUMERIC,15,15,Previous customer primary phone number in formatted string (15 characters),ACUP-OLD-CUST-DATA,X(15),15,0,NO,DISPLAY,,,,,WS-THIS-PROGCOMMAREA,357,NO,,NO,,,,YES
COACTUPC,ACUP-OLD-CUST-PHONE-NUM-1-X,GROUP,N/A,GROUP,15,15,Group containing previous customer primary phone number components (REDEFINES ACUP-OLD-CUST-PHONE-NUM-1),ACUP-OLD-CUST-DATA,N/A,0,0,NO,DISPLAY,,,,ACUP-OLD-CUST-PHONE-NUM-1,WS-THIS-PROGCOMMAREA,357,NO,,NO,,,,YES
COACTUPC,FILLER-15,FIELD,X(1),ALPHANUMERIC,20,1,"Reserved placeholder field used for data structure alignment, padding, or holding constant values",ACUP-OLD-CUST-PHONE-NUM-1-X,X,1,0,NO,DISPLAY,,,,,WS-THIS-PROGCOMMAREA,357,NO,,NO,,,,YES
COACTUPC,ACUP-OLD-CUST-PHONE-NUM-1A,FIELD,X(3),ALPHANUMERIC,20,3,Previous customer primary phone number area code component (3 characters),ACUP-OLD-CUST-PHONE-NUM-1-X,X(3),3,0,NO,DISPLAY,,,,,WS-THIS-PROGCOMMAREA,358,NO,,NO,,,,YES
COACTUPC,FILLER-16,FIELD,X(1),ALPHANUMERIC,20,1,"Reserved placeholder field used for data structure alignment, padding, or holding constant values",ACUP-OLD-CUST-PHONE-NUM-1-X,X,1,0,NO,DISPLAY,,,,,WS-THIS-PROGCOMMAREA,361,NO,,NO,,,,YES
COACTUPC,ACUP-OLD-CUST-PHONE-NUM-1B,FIELD,X(3),ALPHANUMERIC,20,3,Previous customer primary phone number exchange code component (3 characters),ACUP-OLD-CUST-PHONE-NUM-1-X,X(3),3,0,NO,DISPLAY,,,,,WS-THIS-PROGCOMMAREA,362,NO,,NO,,,,YES
COACTUPC,FILLER-17,FIELD,X(1),ALPHANUMERIC,20,1,"Reserved placeholder field used for data structure alignment, padding, or holding constant values",ACUP-OLD-CUST-PHONE-NUM-1-X,X,1,0,NO,DISPLAY,,,,,WS-THIS-PROGCOMMAREA,365,NO,,NO,,,,YES
COACTUPC,ACUP-OLD-CUST-PHONE-NUM-1C,FIELD,X(4),ALPHANUMERIC,20,4,Previous customer primary phone number line number component (4 characters),ACUP-OLD-CUST-PHONE-NUM-1-X,X(4),4,0,NO,DISPLAY,,,,,WS-THIS-PROGCOMMAREA,366,NO,,NO,,,,YES
COACTUPC,FILLER-18,FIELD,X(2),ALPHANUMERIC,20,2,"Reserved placeholder field used for data structure alignment, padding, or holding constant values",ACUP-OLD-CUST-PHONE-NUM-1-X,X(2),2,0,NO,DISPLAY,,,,,WS-THIS-PROGCOMMAREA,370,NO,,NO,,,,YES
COACTUPC,ACUP-OLD-CUST-PHONE-NUM-2,FIELD,X(15),ALPHANUMERIC,15,15,Previous customer secondary phone number in formatted string (15 characters),ACUP-OLD-CUST-DATA,X(15),15,0,NO,DISPLAY,,,,,WS-THIS-PROGCOMMAREA,372,NO,,NO,,,,YES
COACTUPC,ACUP-OLD-CUST-PHONE-NUM-2-X,GROUP,N/A,GROUP,15,15,Group containing previous customer secondary phone number components (REDEFINES ACUP-OLD-CUST-PHONE-NUM-2),ACUP-OLD-CUST-DATA,N/A,0,0,NO,DISPLAY,,,,ACUP-OLD-CUST-PHONE-NUM-2,WS-THIS-PROGCOMMAREA,372,NO,,NO,,,,YES
COACTUPC,FILLER-19,FIELD,X(1),ALPHANUMERIC,20,1,"Reserved placeholder field used for data structure alignment, padding, or holding constant values",ACUP-OLD-CUST-PHONE-NUM-2-X,X,1,0,NO,DISPLAY,,,,,WS-THIS-PROGCOMMAREA,372,NO,,NO,,,,YES
COACTUPC,ACUP-OLD-CUST-PHONE-NUM-2A,FIELD,X(3),ALPHANUMERIC,20,3,Previous customer secondary phone number area code component (3 characters),ACUP-OLD-CUST-PHONE-NUM-2-X,X(3),3,0,NO,DISPLAY,,,,,WS-THIS-PROGCOMMAREA,373,NO,,NO,,,,YES
COACTUPC,FILLER-20,FIELD,X(1),ALPHANUMERIC,20,1,"Reserved placeholder field used for data structure alignment, padding, or holding constant values",ACUP-OLD-CUST-PHONE-NUM-2-X,X,1,0,NO,DISPLAY,,,,,WS-THIS-PROGCOMMAREA,376,NO,,NO,,,,YES
COACTUPC,ACUP-OLD-CUST-PHONE-NUM-2B,FIELD,X(3),ALPHANUMERIC,20,3,Previous customer secondary phone number exchange code component (3 characters),ACUP-OLD-CUST-PHONE-NUM-2-X,X(3),3,0,NO,DISPLAY,,,,,WS-THIS-PROGCOMMAREA,377,NO,,NO,,,,YES
COACTUPC,FILLER-21,FIELD,X(1),ALPHANUMERIC,20,1,"Reserved placeholder field used for data structure alignment, padding, or holding constant values",ACUP-OLD-CUST-PHONE-NUM-2-X,X,1,0,NO,DISPLAY,,,,,WS-THIS-PROGCOMMAREA,380,NO,,NO,,,,YES
COACTUPC,ACUP-OLD-CUST-PHONE-NUM-2C,FIELD,X(4),ALPHANUMERIC,20,4,Previous customer secondary phone number line number component (4 characters),ACUP-OLD-CUST-PHONE-NUM-2-X,X(4),4,0,NO,DISPLAY,,,,,WS-THIS-PROGCOMMAREA,381,NO,,NO,,,,YES
COACTUPC,FILLER-22,FIELD,X(2),ALPHANUMERIC,20,2,"Reserved placeholder field used for data structure alignment, padding, or holding constant values",ACUP-OLD-CUST-PHONE-NUM-2-X,X(2),2,0,NO,DISPLAY,,,,,WS-THIS-PROGCOMMAREA,385,NO,,NO,,,,YES
COACTUPC,ACUP-OLD-CUST-SSN-X,FIELD,X(09),ALPHANUMERIC,15,9,Previous customer Social Security Number as character string (9 characters),ACUP-OLD-CUST-DATA,X(9),9,0,NO,DISPLAY,,,,,WS-THIS-PROGCOMMAREA,387,NO,,NO,,,,YES
COACTUPC,ACUP-OLD-CUST-SSN,FIELD,9(09),NUMERIC,15,9,Previous customer Social Security Number as numeric value (REDEFINES ACUP-OLD-CUST-SSN-X) (9 digits),ACUP-OLD-CUST-DATA,999999999,9,0,NO,DISPLAY,,,,ACUP-OLD-CUST-SSN-X,WS-THIS-PROGCOMMAREA,387,NO,,NO,,,,YES
COACTUPC,ACUP-OLD-CUST-GOVT-ISSUED-ID,FIELD,X(20),ALPHANUMERIC,15,20,Previous customer government-issued identification number (20 characters),ACUP-OLD-CUST-DATA,X(20),20,0,NO,DISPLAY,,,,,WS-THIS-PROGCOMMAREA,396,NO,,NO,,,,YES
COACTUPC,ACUP-OLD-CUST-DOB-YYYY-MM-DD,FIELD,X(08),ALPHANUMERIC,15,8,Previous customer date of birth in YYYYMMDD format (8 characters),ACUP-OLD-CUST-DATA,X(8),8,0,NO,DISPLAY,,,,,WS-THIS-PROGCOMMAREA,416,NO,,NO,,,,YES
COACTUPC,ACUP-OLD-CUST-DOB-PARTS,GROUP,N/A,GROUP,15,8,Group containing previous customer date of birth components (REDEFINES ACUP-OLD-CUST-DOB-YYYY-MM-DD),ACUP-OLD-CUST-DATA,N/A,0,0,NO,DISPLAY,,,,ACUP-OLD-CUST-DOB-YYYY-MM-DD,WS-THIS-PROGCOMMAREA,416,NO,,NO,,,,YES
COACTUPC,ACUP-OLD-CUST-DOB-YEAR,FIELD,X(4),ALPHANUMERIC,20,4,Previous customer date of birth year component (4 characters),ACUP-OLD-CUST-DOB-PARTS,X(4),4,0,NO,DISPLAY,,,,,WS-THIS-PROGCOMMAREA,416,NO,,NO,,,,YES
COACTUPC,ACUP-OLD-CUST-DOB-MON,FIELD,X(2),ALPHANUMERIC,20,2,Previous customer date of birth month component (2 characters),ACUP-OLD-CUST-DOB-PARTS,X(2),2,0,NO,DISPLAY,,,,,WS-THIS-PROGCOMMAREA,420,NO,,NO,,,,YES
COACTUPC,ACUP-OLD-CUST-DOB-DAY,FIELD,X(2),ALPHANUMERIC,20,2,Previous customer date of birth day component (2 characters),ACUP-OLD-CUST-DOB-PARTS,X(2),2,0,NO,DISPLAY,,,,,WS-THIS-PROGCOMMAREA,422,NO,,NO,,,,YES
COACTUPC,ACUP-OLD-CUST-EFT-ACCOUNT-ID,FIELD,X(10),ALPHANUMERIC,15,10,Previous customer electronic funds transfer account identifier (10 characters),ACUP-OLD-CUST-DATA,X(10),10,0,NO,DISPLAY,,,,,WS-THIS-PROGCOMMAREA,424,NO,,NO,,,,YES
COACTUPC,ACUP-OLD-CUST-PRI-HOLDER-IND,FIELD,X(01),ALPHANUMERIC,15,1,Previous customer primary account holder indicator (1 character),ACUP-OLD-CUST-DATA,X,1,0,NO,DISPLAY,,,,,WS-THIS-PROGCOMMAREA,434,NO,,NO,,,,YES
COACTUPC,ACUP-OLD-CUST-FICO-SCORE-X,FIELD,X(03),ALPHANUMERIC,15,3,Previous customer FICO credit score as character string (3 characters),ACUP-OLD-CUST-DATA,X(3),3,0,NO,DISPLAY,,,,,WS-THIS-PROGCOMMAREA,435,NO,,NO,,,,YES
COACTUPC,ACUP-OLD-CUST-FICO-SCORE,FIELD,9(03),NUMERIC,15,3,Previous customer FICO credit score as numeric value (REDEFINES ACUP-OLD-CUST-FICO-SCORE-X) (3 digits),ACUP-OLD-CUST-DATA,999,3,0,NO,DISPLAY,,,,ACUP-OLD-CUST-FICO-SCORE-X,WS-THIS-PROGCOMMAREA,435,NO,,NO,,,,YES
COACTUPC,ACUP-NEW-DETAILS,GROUP,N/A,GROUP,5,436,Group containing updated account and customer data after changes,WS-THIS-PROGCOMMAREA,N/A,0,0,NO,DISPLAY,,,,,WS-THIS-PROGCOMMAREA,438,NO,,NO,,,,YES
COACTUPC,ACUP-NEW-ACCT-DATA,GROUP,N/A,GROUP,10,106,Group containing updated account-level information,ACUP-NEW-DETAILS,N/A,0,0,NO,DISPLAY,,,,,WS-THIS-PROGCOMMAREA,438,NO,,NO,,,,YES
COACTUPC,ACUP-NEW-ACCT-ID-X,FIELD,X(11),ALPHANUMERIC,15,11,Updated account identifier as character string (11 characters),ACUP-NEW-ACCT-DATA,X(11),11,0,NO,DISPLAY,,,,,WS-THIS-PROGCOMMAREA,438,NO,,NO,,,,YES
COACTUPC,ACUP-NEW-ACCT-ID,FIELD,9(11),NUMERIC,15,11,Updated account identifier as numeric value (REDEFINES ACUP-NEW-ACCT-ID-X) (11 digits),ACUP-NEW-ACCT-DATA,99999999999,11,0,NO,DISPLAY,,,,ACUP-NEW-ACCT-ID-X,WS-THIS-PROGCOMMAREA,438,NO,,NO,,,,YES
COACTUPC,ACUP-NEW-ACTIVE-STATUS,FIELD,X(01),ALPHANUMERIC,15,1,Updated account active status indicator (1 character),ACUP-NEW-ACCT-DATA,X,1,0,NO,DISPLAY,,,,,WS-THIS-PROGCOMMAREA,449,NO,,NO,,,,YES
COACTUPC,ACUP-NEW-CURR-BAL,FIELD,X(12),ALPHANUMERIC,15,12,Updated current account balance as character string (12 characters),ACUP-NEW-ACCT-DATA,X(12),12,0,NO,DISPLAY,,,,,WS-THIS-PROGCOMMAREA,450,NO,,NO,,,,YES
COACTUPC,ACUP-NEW-CURR-BAL-N,FIELD,S9(10)V99,DECIMAL,15,12,Updated current account balance as signed numeric value with 2 decimal places (REDEFINES ACUP-NEW-CURR-BAL) (S9(10)V99),ACUP-NEW-ACCT-DATA,'+/-9999999999.99,14,2,YES,DISPLAY,,,,ACUP-NEW-CURR-BAL,WS-THIS-PROGCOMMAREA,450,NO,,NO,,,,YES
COACTUPC,ACUP-NEW-CREDIT-LIMIT,FIELD,X(12),ALPHANUMERIC,15,12,Updated credit limit as character string (12 characters),ACUP-NEW-ACCT-DATA,X(12),12,0,NO,DISPLAY,,,,,WS-THIS-PROGCOMMAREA,462,NO,,NO,,,,YES
COACTUPC,ACUP-NEW-CREDIT-LIMIT-N,FIELD,S9(10)V99,DECIMAL,15,12,Updated credit limit as signed numeric value with 2 decimal places (REDEFINES ACUP-NEW-CREDIT-LIMIT) (S9(10)V99),ACUP-NEW-ACCT-DATA,'+/-9999999999.99,14,2,YES,DISPLAY,,,,ACUP-NEW-CREDIT-LIMIT,WS-THIS-PROGCOMMAREA,462,NO,,NO,,,,YES
COACTUPC,ACUP-NEW-CASH-CREDIT-LIMIT,FIELD,X(12),ALPHANUMERIC,15,12,Updated cash credit limit as character string (12 characters),ACUP-NEW-ACCT-DATA,X(12),12,0,NO,DISPLAY,,,,,WS-THIS-PROGCOMMAREA,474,NO,,NO,,,,YES
COACTUPC,ACUP-NEW-CASH-CREDIT-LIMIT-N,FIELD,S9(10)V99,DECIMAL,15,12,Updated cash credit limit as signed numeric value with 2 decimal places (REDEFINES ACUP-NEW-CASH-CREDIT-LIMIT) (S9(10)V99),ACUP-NEW-ACCT-DATA,'+/-9999999999.99,14,2,YES,DISPLAY,,,,ACUP-NEW-CASH-CREDIT-LIMIT,WS-THIS-PROGCOMMAREA,474,NO,,NO,,,,YES
COACTUPC,ACUP-NEW-OPEN-DATE,FIELD,X(08),ALPHANUMERIC,15,8,Updated account open date in YYYYMMDD format (8 characters),ACUP-NEW-ACCT-DATA,X(8),8,0,NO,DISPLAY,,,,,WS-THIS-PROGCOMMAREA,486,NO,,NO,,,,YES
COACTUPC,ACUP-NEW-OPEN-DATE-PARTS,GROUP,N/A,GROUP,15,8,Group containing updated account open date components (REDEFINES ACUP-NEW-OPEN-DATE),ACUP-NEW-ACCT-DATA,N/A,0,0,NO,DISPLAY,,,,ACUP-NEW-OPEN-DATE,WS-THIS-PROGCOMMAREA,486,NO,,NO,,,,YES
COACTUPC,ACUP-NEW-OPEN-YEAR,FIELD,X(4),ALPHANUMERIC,20,4,Updated account open year component (4 characters),ACUP-NEW-OPEN-DATE-PARTS,X(4),4,0,NO,DISPLAY,,,,,WS-THIS-PROGCOMMAREA,486,NO,,NO,,,,YES
COACTUPC,ACUP-NEW-OPEN-MON,FIELD,X(2),ALPHANUMERIC,20,2,Updated account open month component (2 characters),ACUP-NEW-OPEN-DATE-PARTS,X(2),2,0,NO,DISPLAY,,,,,WS-THIS-PROGCOMMAREA,490,NO,,NO,,,,YES
COACTUPC,ACUP-NEW-OPEN-DAY,FIELD,X(2),ALPHANUMERIC,20,2,Updated account open day component (2 characters),ACUP-NEW-OPEN-DATE-PARTS,X(2),2,0,NO,DISPLAY,,,,,WS-THIS-PROGCOMMAREA,492,NO,,NO,,,,YES
COACTUPC,ACUP-NEW-EXPIRAION-DATE,FIELD,X(08),ALPHANUMERIC,15,8,Updated account expiration date in YYYYMMDD format (8 characters),ACUP-NEW-ACCT-DATA,X(8),8,0,NO,DISPLAY,,,,,WS-THIS-PROGCOMMAREA,494,NO,,NO,,,,YES
COACTUPC,ACUP-NEW-EXPIRAION-DATE-PARTS,GROUP,N/A,GROUP,15,8,Group containing updated account expiration date components (REDEFINES ACUP-NEW-EXPIRAION-DATE),ACUP-NEW-ACCT-DATA,N/A,0,0,NO,DISPLAY,,,,ACUP-NEW-EXPIRAION-DATE,WS-THIS-PROGCOMMAREA,494,NO,,NO,,,,YES
COACTUPC,ACUP-NEW-EXP-YEAR,FIELD,X(4),ALPHANUMERIC,20,4,Updated account expiration year component (4 characters),ACUP-NEW-EXPIRAION-DATE-PARTS,X(4),4,0,NO,DISPLAY,,,,,WS-THIS-PROGCOMMAREA,494,NO,,NO,,,,YES
COACTUPC,ACUP-NEW-EXP-MON,FIELD,X(2),ALPHANUMERIC,20,2,Updated account expiration month component (2 characters),ACUP-NEW-EXPIRAION-DATE-PARTS,X(2),2,0,NO,DISPLAY,,,,,WS-THIS-PROGCOMMAREA,498,NO,,NO,,,,YES
COACTUPC,ACUP-NEW-EXP-DAY,FIELD,X(2),ALPHANUMERIC,20,2,Updated account expiration day component (2 characters),ACUP-NEW-EXPIRAION-DATE-PARTS,X(2),2,0,NO,DISPLAY,,,,,WS-THIS-PROGCOMMAREA,500,NO,,NO,,,,YES
COACTUPC,ACUP-NEW-REISSUE-DATE,FIELD,X(08),ALPHANUMERIC,15,8,Updated account reissue date in YYYYMMDD format (8 characters),ACUP-NEW-ACCT-DATA,X(8),8,0,NO,DISPLAY,,,,,WS-THIS-PROGCOMMAREA,502,NO,,NO,,,,YES
COACTUPC,ACUP-NEW-REISSUE-DATE-PARTS,GROUP,N/A,GROUP,15,8,Group containing updated account reissue date components (REDEFINES ACUP-NEW-REISSUE-DATE),ACUP-NEW-ACCT-DATA,N/A,0,0,NO,DISPLAY,,,,ACUP-NEW-REISSUE-DATE,WS-THIS-PROGCOMMAREA,502,NO,,NO,,,,YES
COACTUPC,ACUP-NEW-REISSUE-YEAR,FIELD,X(4),ALPHANUMERIC,20,4,Updated account reissue year component (4 characters),ACUP-NEW-REISSUE-DATE-PARTS,X(4),4,0,NO,DISPLAY,,,,,WS-THIS-PROGCOMMAREA,502,NO,,NO,,,,YES
COACTUPC,ACUP-NEW-REISSUE-MON,FIELD,X(2),ALPHANUMERIC,20,2,Updated account reissue month component (2 characters),ACUP-NEW-REISSUE-DATE-PARTS,X(2),2,0,NO,DISPLAY,,,,,WS-THIS-PROGCOMMAREA,506,NO,,NO,,,,YES
COACTUPC,ACUP-NEW-REISSUE-DAY,FIELD,X(2),ALPHANUMERIC,20,2,Updated account reissue day component (2 characters),ACUP-NEW-REISSUE-DATE-PARTS,X(2),2,0,NO,DISPLAY,,,,,WS-THIS-PROGCOMMAREA,508,NO,,NO,,,,YES
COACTUPC,ACUP-NEW-CURR-CYC-CREDIT,FIELD,X(12),ALPHANUMERIC,15,12,Updated current cycle credit amount as character string (12 characters),ACUP-NEW-ACCT-DATA,X(12),12,0,NO,DISPLAY,,,,,WS-THIS-PROGCOMMAREA,510,NO,,NO,,,,YES
COACTUPC,ACUP-NEW-CURR-CYC-CREDIT-N,FIELD,S9(10)V99,DECIMAL,15,12,Updated current cycle credit amount as signed numeric value with 2 decimal places (REDEFINES ACUP-NEW-CURR-CYC-CREDIT) (S9(10)V99),ACUP-NEW-ACCT-DATA,'+/-9999999999.99,14,2,YES,DISPLAY,,,,ACUP-NEW-CURR-CYC-CREDIT,WS-THIS-PROGCOMMAREA,510,NO,,NO,,,,YES
COACTUPC,ACUP-NEW-CURR-CYC-DEBIT,FIELD,X(12),ALPHANUMERIC,15,12,Updated current cycle debit amount as character string (12 characters),ACUP-NEW-ACCT-DATA,X(12),12,0,NO,DISPLAY,,,,,WS-THIS-PROGCOMMAREA,522,NO,,NO,,,,YES
COACTUPC,ACUP-NEW-CURR-CYC-DEBIT-N,FIELD,S9(10)V99,DECIMAL,15,12,Updated current cycle debit amount as signed numeric value with 2 decimal places (REDEFINES ACUP-NEW-CURR-CYC-DEBIT) (S9(10)V99),ACUP-NEW-ACCT-DATA,'+/-9999999999.99,14,2,YES,DISPLAY,,,,ACUP-NEW-CURR-CYC-DEBIT,WS-THIS-PROGCOMMAREA,522,NO,,NO,,,,YES
COACTUPC,ACUP-NEW-GROUP-ID,FIELD,X(10),ALPHANUMERIC,15,10,Updated account group identifier (10 characters),ACUP-NEW-ACCT-DATA,X(10),10,0,NO,DISPLAY,,,,,WS-THIS-PROGCOMMAREA,534,NO,,NO,,,,YES
COACTUPC,ACUP-NEW-CUST-DATA,GROUP,N/A,GROUP,10,330,Group containing updated customer-level information,ACUP-NEW-DETAILS,N/A,0,0,NO,DISPLAY,,,,,WS-THIS-PROGCOMMAREA,544,NO,,NO,,,,YES
COACTUPC,ACUP-NEW-CUST-ID-X,FIELD,X(09),ALPHANUMERIC,15,9,Updated customer identifier as character string (9 characters),ACUP-NEW-CUST-DATA,X(9),9,0,NO,DISPLAY,,,,,WS-THIS-PROGCOMMAREA,544,NO,,NO,,,,YES
COACTUPC,ACUP-NEW-CUST-ID,FIELD,9(09),NUMERIC,15,9,Updated customer identifier as numeric value (REDEFINES ACUP-NEW-CUST-ID-X) (9 digits),ACUP-NEW-CUST-DATA,999999999,9,0,NO,DISPLAY,,,,ACUP-NEW-CUST-ID-X,WS-THIS-PROGCOMMAREA,544,NO,,NO,,,,YES
COACTUPC,ACUP-NEW-CUST-FIRST-NAME,FIELD,X(25),ALPHANUMERIC,15,25,Updated customer first name (25 characters),ACUP-NEW-CUST-DATA,X(25),25,0,NO,DISPLAY,,,,,WS-THIS-PROGCOMMAREA,553,NO,,NO,,,,YES
COACTUPC,ACUP-NEW-CUST-MIDDLE-NAME,FIELD,X(25),ALPHANUMERIC,15,25,Updated customer middle name (25 characters),ACUP-NEW-CUST-DATA,X(25),25,0,NO,DISPLAY,,,,,WS-THIS-PROGCOMMAREA,578,NO,,NO,,,,YES
COACTUPC,ACUP-NEW-CUST-LAST-NAME,FIELD,X(25),ALPHANUMERIC,15,25,Updated customer last name (25 characters),ACUP-NEW-CUST-DATA,X(25),25,0,NO,DISPLAY,,,,,WS-THIS-PROGCOMMAREA,603,NO,,NO,,,,YES
COACTUPC,ACUP-NEW-CUST-ADDR-LINE-1,FIELD,X(50),ALPHANUMERIC,15,50,Updated customer address line 1 (50 characters),ACUP-NEW-CUST-DATA,X(50),50,0,NO,DISPLAY,,,,,WS-THIS-PROGCOMMAREA,628,NO,,NO,,,,YES
COACTUPC,ACUP-NEW-CUST-ADDR-LINE-2,FIELD,X(50),ALPHANUMERIC,15,50,Updated customer address line 2 (50 characters),ACUP-NEW-CUST-DATA,X(50),50,0,NO,DISPLAY,,,,,WS-THIS-PROGCOMMAREA,678,NO,,NO,,,,YES
COACTUPC,ACUP-NEW-CUST-ADDR-LINE-3,FIELD,X(50),ALPHANUMERIC,15,50,Updated customer address line 3 (50 characters),ACUP-NEW-CUST-DATA,X(50),50,0,NO,DISPLAY,,,,,WS-THIS-PROGCOMMAREA,728,NO,,NO,,,,YES
COACTUPC,ACUP-NEW-CUST-ADDR-STATE-CD,FIELD,X(02),ALPHANUMERIC,15,2,Updated customer address state code (2 characters),ACUP-NEW-CUST-DATA,X(2),2,0,NO,DISPLAY,,,,,WS-THIS-PROGCOMMAREA,778,NO,,NO,,,,YES
COACTUPC,ACUP-NEW-CUST-ADDR-COUNTRY-CD,FIELD,X(03),ALPHANUMERIC,15,3,Updated customer address country code (3 characters),ACUP-NEW-CUST-DATA,X(3),3,0,NO,DISPLAY,,,,,WS-THIS-PROGCOMMAREA,780,NO,,NO,,,,YES
COACTUPC,ACUP-NEW-CUST-ADDR-ZIP,FIELD,X(10),ALPHANUMERIC,15,10,Updated customer address ZIP code (10 characters),ACUP-NEW-CUST-DATA,X(10),10,0,NO,DISPLAY,,,,,WS-THIS-PROGCOMMAREA,783,NO,,NO,,,,YES
COACTUPC,ACUP-NEW-CUST-PHONE-NUM-1,FIELD,X(15),ALPHANUMERIC,15,15,Updated customer primary phone number in formatted string (15 characters),ACUP-NEW-CUST-DATA,X(15),15,0,NO,DISPLAY,,,,,WS-THIS-PROGCOMMAREA,793,NO,,NO,,,,YES
COACTUPC,ACUP-NEW-CUST-PHONE-NUM-1-X,GROUP,N/A,GROUP,15,15,Group containing updated customer primary phone number components (REDEFINES ACUP-NEW-CUST-PHONE-NUM-1),ACUP-NEW-CUST-DATA,N/A,0,0,NO,DISPLAY,,,,ACUP-NEW-CUST-PHONE-NUM-1,WS-THIS-PROGCOMMAREA,793,NO,,NO,,,,YES
COACTUPC,FILLER-23,FIELD,X(1),ALPHANUMERIC,20,1,"Reserved placeholder field used for data structure alignment, padding, or holding constant values",ACUP-NEW-CUST-PHONE-NUM-1-X,X,1,0,NO,DISPLAY,,,,,WS-THIS-PROGCOMMAREA,793,NO,,NO,,,,YES
COACTUPC,ACUP-NEW-CUST-PHONE-NUM-1A,FIELD,X(3),ALPHANUMERIC,20,3,Updated customer primary phone number area code component (3 characters),ACUP-NEW-CUST-PHONE-NUM-1-X,X(3),3,0,NO,DISPLAY,,,,,WS-THIS-PROGCOMMAREA,794,NO,,NO,,,,YES
COACTUPC,FILLER-24,FIELD,X(1),ALPHANUMERIC,20,1,"Reserved placeholder field used for data structure alignment, padding, or holding constant values",ACUP-NEW-CUST-PHONE-NUM-1-X,X,1,0,NO,DISPLAY,,,,,WS-THIS-PROGCOMMAREA,797,NO,,NO,,,,YES
COACTUPC,ACUP-NEW-CUST-PHONE-NUM-1B,FIELD,X(3),ALPHANUMERIC,20,3,Updated customer primary phone number exchange code component (3 characters),ACUP-NEW-CUST-PHONE-NUM-1-X,X(3),3,0,NO,DISPLAY,,,,,WS-THIS-PROGCOMMAREA,798,NO,,NO,,,,YES
COACTUPC,FILLER-25,FIELD,X(1),ALPHANUMERIC,20,1,"Reserved placeholder field used for data structure alignment, padding, or holding constant values",ACUP-NEW-CUST-PHONE-NUM-1-X,X,1,0,NO,DISPLAY,,,,,WS-THIS-PROGCOMMAREA,801,NO,,NO,,,,YES
COACTUPC,ACUP-NEW-CUST-PHONE-NUM-1C,FIELD,X(4),ALPHANUMERIC,20,4,Updated customer primary phone number line number component (4 characters),ACUP-NEW-CUST-PHONE-NUM-1-X,X(4),4,0,NO,DISPLAY,,,,,WS-THIS-PROGCOMMAREA,802,NO,,NO,,,,YES
COACTUPC,FILLER-26,FIELD,X(2),ALPHANUMERIC,20,2,"Reserved placeholder field used for data structure alignment, padding, or holding constant values",ACUP-NEW-CUST-PHONE-NUM-1-X,X(2),2,0,NO,DISPLAY,,,,,WS-THIS-PROGCOMMAREA,806,NO,,NO,,,,YES
COACTUPC,ACUP-NEW-CUST-PHONE-NUM-2,FIELD,X(15),ALPHANUMERIC,15,15,Updated customer secondary phone number in formatted string (15 characters),ACUP-NEW-CUST-DATA,X(15),15,0,NO,DISPLAY,,,,,WS-THIS-PROGCOMMAREA,808,NO,,NO,,,,YES
COACTUPC,ACUP-NEW-CUST-PHONE-NUM-2-X,GROUP,N/A,GROUP,15,15,Group containing updated customer secondary phone number components (REDEFINES ACUP-NEW-CUST-PHONE-NUM-2),ACUP-NEW-CUST-DATA,N/A,0,0,NO,DISPLAY,,,,ACUP-NEW-CUST-PHONE-NUM-2,WS-THIS-PROGCOMMAREA,808,NO,,NO,,,,YES
COACTUPC,FILLER-27,FIELD,X(1),ALPHANUMERIC,20,1,"Reserved placeholder field used for data structure alignment, padding, or holding constant values",ACUP-NEW-CUST-PHONE-NUM-2-X,X,1,0,NO,DISPLAY,,,,,WS-THIS-PROGCOMMAREA,808,NO,,NO,,,,YES
COACTUPC,ACUP-NEW-CUST-PHONE-NUM-2A,FIELD,X(3),ALPHANUMERIC,20,3,Updated customer secondary phone number area code component (3 characters),ACUP-NEW-CUST-PHONE-NUM-2-X,X(3),3,0,NO,DISPLAY,,,,,WS-THIS-PROGCOMMAREA,809,NO,,NO,,,,YES
COACTUPC,FILLER-28,FIELD,X(1),ALPHANUMERIC,20,1,"Reserved placeholder field used for data structure alignment, padding, or holding constant values",ACUP-NEW-CUST-PHONE-NUM-2-X,X,1,0,NO,DISPLAY,,,,,WS-THIS-PROGCOMMAREA,812,NO,,NO,,,,YES
COACTUPC,ACUP-NEW-CUST-PHONE-NUM-2B,FIELD,X(3),ALPHANUMERIC,20,3,Updated customer secondary phone number exchange code component (3 characters),ACUP-NEW-CUST-PHONE-NUM-2-X,X(3),3,0,NO,DISPLAY,,,,,WS-THIS-PROGCOMMAREA,813,NO,,NO,,,,YES
COACTUPC,FILLER-29,FIELD,X(1),ALPHANUMERIC,20,1,"Reserved placeholder field used for data structure alignment, padding, or holding constant values",ACUP-NEW-CUST-PHONE-NUM-2-X,X,1,0,NO,DISPLAY,,,,,WS-THIS-PROGCOMMAREA,816,NO,,NO,,,,YES
COACTUPC,ACUP-NEW-CUST-PHONE-NUM-2C,FIELD,X(4),ALPHANUMERIC,20,4,Updated customer secondary phone number line number component (4 characters),ACUP-NEW-CUST-PHONE-NUM-2-X,X(4),4,0,NO,DISPLAY,,,,,WS-THIS-PROGCOMMAREA,817,NO,,NO,,,,YES
COACTUPC,FILLER-30,FIELD,X(2),ALPHANUMERIC,20,2,"Reserved placeholder field used for data structure alignment, padding, or holding constant values",ACUP-NEW-CUST-PHONE-NUM-2-X,X(2),2,0,NO,DISPLAY,,,,,WS-THIS-PROGCOMMAREA,821,NO,,NO,,,,YES
COACTUPC,ACUP-NEW-CUST-SSN-X,GROUP,N/A,GROUP,15,9,Group containing updated customer Social Security Number components,ACUP-NEW-CUST-DATA,N/A,0,0,NO,DISPLAY,,,,,WS-THIS-PROGCOMMAREA,823,NO,,NO,,,,YES
COACTUPC,ACUP-NEW-CUST-SSN-1,FIELD,X(03),ALPHANUMERIC,20,3,Updated customer Social Security Number first segment (3 characters),ACUP-NEW-CUST-SSN-X,X(3),3,0,NO,DISPLAY,,,,,WS-THIS-PROGCOMMAREA,823,NO,,NO,,,,YES
COACTUPC,ACUP-NEW-CUST-SSN-2,FIELD,X(02),ALPHANUMERIC,20,2,Updated customer Social Security Number second segment (2 characters),ACUP-NEW-CUST-SSN-X,X(2),2,0,NO,DISPLAY,,,,,WS-THIS-PROGCOMMAREA,826,NO,,NO,,,,YES
COACTUPC,ACUP-NEW-CUST-SSN-3,FIELD,X(04),ALPHANUMERIC,20,4,Updated customer Social Security Number third segment (4 characters),ACUP-NEW-CUST-SSN-X,X(4),4,0,NO,DISPLAY,,,,,WS-THIS-PROGCOMMAREA,828,NO,,NO,,,,YES
COACTUPC,ACUP-NEW-CUST-SSN,FIELD,9(09),NUMERIC,15,9,Updated customer Social Security Number as numeric value (REDEFINES ACUP-NEW-CUST-SSN-X) (9 digits),ACUP-NEW-CUST-DATA,999999999,9,0,NO,DISPLAY,,,,ACUP-NEW-CUST-SSN-X,WS-THIS-PROGCOMMAREA,823,NO,,NO,,,,YES
COACTUPC,ACUP-NEW-CUST-GOVT-ISSUED-ID,FIELD,X(20),ALPHANUMERIC,15,20,Updated customer government-issued identification number (20 characters),ACUP-NEW-CUST-DATA,X(20),20,0,NO,DISPLAY,,,,,WS-THIS-PROGCOMMAREA,832,NO,,NO,,,,YES
COACTUPC,ACUP-NEW-CUST-DOB-YYYY-MM-DD,FIELD,X(08),ALPHANUMERIC,15,8,Updated customer date of birth in YYYYMMDD format (8 characters),ACUP-NEW-CUST-DATA,X(8),8,0,NO,DISPLAY,,,,,WS-THIS-PROGCOMMAREA,852,NO,,NO,,,,YES
COACTUPC,ACUP-NEW-CUST-DOB-PARTS,GROUP,N/A,GROUP,15,8,Group containing updated customer date of birth components (REDEFINES ACUP-NEW-CUST-DOB-YYYY-MM-DD),ACUP-NEW-CUST-DATA,N/A,0,0,NO,DISPLAY,,,,ACUP-NEW-CUST-DOB-YYYY-MM-DD,WS-THIS-PROGCOMMAREA,852,NO,,NO,,,,YES
COACTUPC,ACUP-NEW-CUST-DOB-YEAR,FIELD,X(4),ALPHANUMERIC,20,4,Updated customer date of birth year component (4 characters),ACUP-NEW-CUST-DOB-PARTS,X(4),4,0,NO,DISPLAY,,,,,WS-THIS-PROGCOMMAREA,852,NO,,NO,,,,YES
COACTUPC,ACUP-NEW-CUST-DOB-MON,FIELD,X(2),ALPHANUMERIC,20,2,Updated customer date of birth month component (2 characters),ACUP-NEW-CUST-DOB-PARTS,X(2),2,0,NO,DISPLAY,,,,,WS-THIS-PROGCOMMAREA,856,NO,,NO,,,,YES
COACTUPC,ACUP-NEW-CUST-DOB-DAY,FIELD,X(2),ALPHANUMERIC,20,2,Updated customer date of birth day component (2 characters),ACUP-NEW-CUST-DOB-PARTS,X(2),2,0,NO,DISPLAY,,,,,WS-THIS-PROGCOMMAREA,858,NO,,NO,,,,YES
COACTUPC,ACUP-NEW-CUST-EFT-ACCOUNT-ID,FIELD,X(10),ALPHANUMERIC,15,10,Updated customer electronic funds transfer account identifier (10 characters),ACUP-NEW-CUST-DATA,X(10),10,0,NO,DISPLAY,,,,,WS-THIS-PROGCOMMAREA,860,NO,,NO,,,,YES
COACTUPC,ACUP-NEW-CUST-PRI-HOLDER-IND,FIELD,X(01),ALPHANUMERIC,15,1,Updated customer primary account holder indicator (1 character),ACUP-NEW-CUST-DATA,X,1,0,NO,DISPLAY,,,,,WS-THIS-PROGCOMMAREA,870,NO,,NO,,,,YES
COACTUPC,ACUP-NEW-CUST-FICO-SCORE-X,FIELD,X(03),ALPHANUMERIC,15,3,Updated customer FICO credit score as character string (3 characters),ACUP-NEW-CUST-DATA,X(3),3,0,NO,DISPLAY,,,,,WS-THIS-PROGCOMMAREA,871,NO,,NO,,,,YES
COACTUPC,ACUP-NEW-CUST-FICO-SCORE,FIELD,9(03),NUMERIC,15,3,Updated customer FICO credit score as numeric value (REDEFINES ACUP-NEW-CUST-FICO-SCORE-X) (3 digits),ACUP-NEW-CUST-DATA,999,3,0,NO,DISPLAY,,,,ACUP-NEW-CUST-FICO-SCORE-X,WS-THIS-PROGCOMMAREA,871,NO,,NO,,,,YES
COACTUPC,FICO-RANGE-IS-VALID,CONDITION,N/A,DISPLAY,88,0,Condition: FICO score value is within valid range,ACUP-NEW-CUST-FICO-SCORE,N/A,0,0,NO,DISPLAY,,,,,WS-THIS-PROGCOMMAREA,871,NO,,NO,,,300 THROUGH 850,YES
COACTUPC,WS-COMMAREA,FIELD,X(2000),ALPHANUMERIC,1,2000,Communication area for inter-program data exchange (2000 characters),WS-COMMAREA,X(2000),2000,0,NO,DISPLAY,,,,,WS-COMMAREA,1,NO,,NO,,,,YES
COACTUPC,DFHCOMMAREA,RECORD,N/A,GROUP,1,32767,CICS-provided communication area for program linkage (OCCURS 32767),DFHCOMMAREA,N/A,0,0,NO,DISPLAY,,,,,DFHCOMMAREA,1,NO,,NO,,,,YES
COACTUPC,FILLER-31,FIELD,X(1),ALPHANUMERIC,5,1,"Reserved placeholder field used for data structure alignment, padding, or holding constant values",DFHCOMMAREA,X,1,0,NO,DISPLAY,1,32767,,,DFHCOMMAREA,1,NO,,NO,,,,YES
COCRDUPC,WS-MISC-STORAGE,RECORD,N/A,GROUP,1,895,Miscellaneous working storage variables group,WS-MISC-STORAGE,N/A,0,0,NO,DISPLAY,,,,,WS-MISC-STORAGE,1,NO,,NO,,,,YES
COCRDUPC,WS-CICS-PROCESSNG-VARS,GROUP,N/A,GROUP,5,16,CICS processing variables group,WS-MISC-STORAGE,N/A,0,0,NO,DISPLAY,,,,,WS-MISC-STORAGE,1,NO,,NO,,,,YES
COCRDUPC,WS-RESP-CD,FIELD,S9(09) COMP,BINARY,7,4,CICS response code signed 9-digit numeric (USAGE COMP) (VALUE ZEROS),WS-CICS-PROCESSNG-VARS,'+/-999999999,10,0,YES,COMP,,,,,WS-MISC-STORAGE,1,NO,,NO,ZEROS,,,YES
COCRDUPC,WS-REAS-CD,FIELD,S9(09) COMP,BINARY,7,4,CICS reason code signed 9-digit numeric (USAGE COMP) (VALUE ZEROS),WS-CICS-PROCESSNG-VARS,'+/-999999999,10,0,YES,COMP,,,,,WS-MISC-STORAGE,5,NO,,NO,ZEROS,,,YES
COCRDUPC,WS-TRANID,FIELD,X(4),ALPHANUMERIC,7,4,Transaction identifier 4-character alphanumeric (VALUE SPACES),WS-CICS-PROCESSNG-VARS,X(4),4,0,NO,DISPLAY,,,,,WS-MISC-STORAGE,9,NO,,NO,SPACES,,,YES
COCRDUPC,WS-UCTRANS,FIELD,X(4),ALPHANUMERIC,7,4,Uppercase transaction identifier 4-character alphanumeric (VALUE SPACES),WS-CICS-PROCESSNG-VARS,X(4),4,0,NO,DISPLAY,,,,,WS-MISC-STORAGE,13,NO,,NO,SPACES,,,YES
COCRDUPC,WS-INPUT-FLAG,FIELD,X(1),ALPHANUMERIC,5,1,Input validation status flag 1-character alphanumeric,WS-MISC-STORAGE,X,1,0,NO,DISPLAY,,,,,WS-MISC-STORAGE,17,NO,,NO,,,,YES
COCRDUPC,INPUT-OK,CONDITION,N/A,DISPLAY,88,0,Condition: input validation successful (VALUE '0'),WS-INPUT-FLAG,N/A,0,0,NO,DISPLAY,,,,,WS-MISC-STORAGE,17,NO,,NO,,'0',,YES
COCRDUPC,INPUT-ERROR,CONDITION,N/A,DISPLAY,88,0,Condition: input validation failed (VALUE '1'),WS-INPUT-FLAG,N/A,0,0,NO,DISPLAY,,,,,WS-MISC-STORAGE,17,NO,,NO,,'1',,YES
COCRDUPC,INPUT-PENDING,CONDITION,N/A,DISPLAY,88,0,Condition: input validation pending (VALUE LOW-VALUES),WS-INPUT-FLAG,N/A,0,0,NO,DISPLAY,,,,,WS-MISC-STORAGE,17,NO,,NO,,LOW-VALUES,,YES
COCRDUPC,WS-EDIT-ACCT-FLAG,FIELD,X(1),ALPHANUMERIC,5,1,Account filter validation status flag 1-character alphanumeric,WS-MISC-STORAGE,X,1,0,NO,DISPLAY,,,,,WS-MISC-STORAGE,18,NO,,NO,,,,YES
COCRDUPC,FLG-ACCTFILTER-NOT-OK,CONDITION,N/A,DISPLAY,88,0,Condition: account filter validation failed (VALUE '0'),WS-EDIT-ACCT-FLAG,N/A,0,0,NO,DISPLAY,,,,,WS-MISC-STORAGE,18,NO,,NO,,'0',,YES
COCRDUPC,FLG-ACCTFILTER-ISVALID,CONDITION,N/A,DISPLAY,88,0,Condition: account filter validation successful (VALUE '1'),WS-EDIT-ACCT-FLAG,N/A,0,0,NO,DISPLAY,,,,,WS-MISC-STORAGE,18,NO,,NO,,'1',,YES
COCRDUPC,FLG-ACCTFILTER-BLANK,CONDITION,N/A,DISPLAY,88,0,Condition: account filter blank (VALUE ' '),WS-EDIT-ACCT-FLAG,N/A,0,0,NO,DISPLAY,,,,,WS-MISC-STORAGE,18,NO,,NO,,' ',,YES
COCRDUPC,WS-EDIT-CARD-FLAG,FIELD,X(1),ALPHANUMERIC,5,1,Card filter validation status flag 1-character alphanumeric,WS-MISC-STORAGE,X,1,0,NO,DISPLAY,,,,,WS-MISC-STORAGE,19,NO,,NO,,,,YES
COCRDUPC,FLG-CARDFILTER-NOT-OK,CONDITION,N/A,DISPLAY,88,0,Condition: card filter validation failed (VALUE '0'),WS-EDIT-CARD-FLAG,N/A,0,0,NO,DISPLAY,,,,,WS-MISC-STORAGE,19,NO,,NO,,'0',,YES
COCRDUPC,FLG-CARDFILTER-ISVALID,CONDITION,N/A,DISPLAY,88,0,Condition: card filter validation successful (VALUE '1'),WS-EDIT-CARD-FLAG,N/A,0,0,NO,DISPLAY,,,,,WS-MISC-STORAGE,19,NO,,NO,,'1',,YES
COCRDUPC,FLG-CARDFILTER-BLANK,CONDITION,N/A,DISPLAY,88,0,Condition: card filter blank (VALUE ' '),WS-EDIT-CARD-FLAG,N/A,0,0,NO,DISPLAY,,,,,WS-MISC-STORAGE,19,NO,,NO,,' ',,YES
COCRDUPC,WS-EDIT-CARDNAME-FLAG,FIELD,X(1),ALPHANUMERIC,5,1,Card name validation status flag 1-character alphanumeric,WS-MISC-STORAGE,X,1,0,NO,DISPLAY,,,,,WS-MISC-STORAGE,20,NO,,NO,,,,YES
COCRDUPC,FLG-CARDNAME-NOT-OK,CONDITION,N/A,DISPLAY,88,0,Condition: card name validation failed (VALUE '0'),WS-EDIT-CARDNAME-FLAG,N/A,0,0,NO,DISPLAY,,,,,WS-MISC-STORAGE,20,NO,,NO,,'0',,YES
COCRDUPC,FLG-CARDNAME-ISVALID,CONDITION,N/A,DISPLAY,88,0,Condition: card name validation successful (VALUE '1'),WS-EDIT-CARDNAME-FLAG,N/A,0,0,NO,DISPLAY,,,,,WS-MISC-STORAGE,20,NO,,NO,,'1',,YES
COCRDUPC,FLG-CARDNAME-BLANK,CONDITION,N/A,DISPLAY,88,0,Condition: card name blank (VALUE ' '),WS-EDIT-CARDNAME-FLAG,N/A,0,0,NO,DISPLAY,,,,,WS-MISC-STORAGE,20,NO,,NO,,' ',,YES
COCRDUPC,WS-EDIT-CARDSTATUS-FLAG,FIELD,X(1),ALPHANUMERIC,5,1,Card status validation status flag 1-character alphanumeric,WS-MISC-STORAGE,X,1,0,NO,DISPLAY,,,,,WS-MISC-STORAGE,21,NO,,NO,,,,YES
COCRDUPC,FLG-CARDSTATUS-NOT-OK,CONDITION,N/A,DISPLAY,88,0,Condition: card status validation failed (VALUE '0'),WS-EDIT-CARDSTATUS-FLAG,N/A,0,0,NO,DISPLAY,,,,,WS-MISC-STORAGE,21,NO,,NO,,'0',,YES
COCRDUPC,FLG-CARDSTATUS-ISVALID,CONDITION,N/A,DISPLAY,88,0,Condition: card status validation successful (VALUE '1'),WS-EDIT-CARDSTATUS-FLAG,N/A,0,0,NO,DISPLAY,,,,,WS-MISC-STORAGE,21,NO,,NO,,'1',,YES
COCRDUPC,FLG-CARDSTATUS-BLANK,CONDITION,N/A,DISPLAY,88,0,Condition: card status blank (VALUE ' '),WS-EDIT-CARDSTATUS-FLAG,N/A,0,0,NO,DISPLAY,,,,,WS-MISC-STORAGE,21,NO,,NO,,' ',,YES
COCRDUPC,WS-EDIT-CARDEXPMON-FLAG,FIELD,X(1),ALPHANUMERIC,5,1,Card expiration month validation status flag 1-character alphanumeric,WS-MISC-STORAGE,X,1,0,NO,DISPLAY,,,,,WS-MISC-STORAGE,22,NO,,NO,,,,YES
COCRDUPC,FLG-CARDEXPMON-NOT-OK,CONDITION,N/A,DISPLAY,88,0,Condition: card expiration month validation failed (VALUE '0'),WS-EDIT-CARDEXPMON-FLAG,N/A,0,0,NO,DISPLAY,,,,,WS-MISC-STORAGE,22,NO,,NO,,'0',,YES
COCRDUPC,FLG-CARDEXPMON-ISVALID,CONDITION,N/A,DISPLAY,88,0,Condition: card expiration month validation successful (VALUE '1'),WS-EDIT-CARDEXPMON-FLAG,N/A,0,0,NO,DISPLAY,,,,,WS-MISC-STORAGE,22,NO,,NO,,'1',,YES
COCRDUPC,FLG-CARDEXPMON-BLANK,CONDITION,N/A,DISPLAY,88,0,Condition: card expiration month blank (VALUE ' '),WS-EDIT-CARDEXPMON-FLAG,N/A,0,0,NO,DISPLAY,,,,,WS-MISC-STORAGE,22,NO,,NO,,' ',,YES
COCRDUPC,WS-EDIT-CARDEXPYEAR-FLAG,FIELD,X(1),ALPHANUMERIC,5,1,Card expiration year validation status flag 1-character alphanumeric,WS-MISC-STORAGE,X,1,0,NO,DISPLAY,,,,,WS-MISC-STORAGE,23,NO,,NO,,,,YES
COCRDUPC,FLG-CARDEXPYEAR-NOT-OK,CONDITION,N/A,DISPLAY,88,0,Condition: card expiration year validation failed (VALUE '0'),WS-EDIT-CARDEXPYEAR-FLAG,N/A,0,0,NO,DISPLAY,,,,,WS-MISC-STORAGE,23,NO,,NO,,'0',,YES
COCRDUPC,FLG-CARDEXPYEAR-ISVALID,CONDITION,N/A,DISPLAY,88,0,Condition: card expiration year validation successful (VALUE '1'),WS-EDIT-CARDEXPYEAR-FLAG,N/A,0,0,NO,DISPLAY,,,,,WS-MISC-STORAGE,23,NO,,NO,,'1',,YES
COCRDUPC,FLG-CARDEXPYEAR-BLANK,CONDITION,N/A,DISPLAY,88,0,Condition: card expiration year blank (VALUE ' '),WS-EDIT-CARDEXPYEAR-FLAG,N/A,0,0,NO,DISPLAY,,,,,WS-MISC-STORAGE,23,NO,,NO,,' ',,YES
COCRDUPC,WS-RETURN-FLAG,FIELD,X(1),ALPHANUMERIC,5,1,Return flag control indicator 1-character alphanumeric,WS-MISC-STORAGE,X,1,0,NO,DISPLAY,,,,,WS-MISC-STORAGE,24,NO,,NO,,,,YES
COCRDUPC,WS-RETURN-FLAG-OFF,CONDITION,N/A,DISPLAY,88,0,Condition: return flag off (VALUE LOW-VALUES),WS-RETURN-FLAG,N/A,0,0,NO,DISPLAY,,,,,WS-MISC-STORAGE,24,NO,,NO,,LOW-VALUES,,YES
COCRDUPC,WS-RETURN-FLAG-ON,CONDITION,N/A,DISPLAY,88,0,Condition: return flag on (VALUE '1'),WS-RETURN-FLAG,N/A,0,0,NO,DISPLAY,,,,,WS-MISC-STORAGE,24,NO,,NO,,'1',,YES
COCRDUPC,WS-PFK-FLAG,FIELD,X(1),ALPHANUMERIC,5,1,Program function key validation status flag 1-character alphanumeric,WS-MISC-STORAGE,X,1,0,NO,DISPLAY,,,,,WS-MISC-STORAGE,25,NO,,NO,,,,YES
COCRDUPC,PFK-VALID,CONDITION,N/A,DISPLAY,88,0,Condition: program function key valid (VALUE '0'),WS-PFK-FLAG,N/A,0,0,NO,DISPLAY,,,,,WS-MISC-STORAGE,25,NO,,NO,,'0',,YES
COCRDUPC,PFK-INVALID,CONDITION,N/A,DISPLAY,88,0,Condition: program function key invalid (VALUE '1'),WS-PFK-FLAG,N/A,0,0,NO,DISPLAY,,,,,WS-MISC-STORAGE,25,NO,,NO,,'1',,YES
COCRDUPC,CARD-NAME-CHECK,FIELD,X(50),ALPHANUMERIC,5,50,Card name validation work field 50-character alphanumeric (VALUE LOW-VALUES),WS-MISC-STORAGE,X(50),50,0,NO,DISPLAY,,,,,WS-MISC-STORAGE,26,NO,,NO,LOW-S,,,YES
COCRDUPC,FLG-YES-NO-CHECK,FIELD,X(1),ALPHANUMERIC,5,1,Yes or no flag validation field 1-character alphanumeric (VALUE 'N'),WS-MISC-STORAGE,X,1,0,NO,DISPLAY,,,,,WS-MISC-STORAGE,76,NO,,NO,'N',,,YES
COCRDUPC,FLG-YES-NO-VALID,CONDITION,N/A,DISPLAY,88,0,"Condition: yes or no flag valid (VALUE 'Y', 'N')",FLG-YES-NO-CHECK,N/A,0,0,NO,DISPLAY,,,,,WS-MISC-STORAGE,76,NO,,NO,,"'Y', 'N'",,YES
COCRDUPC,CARD-MONTH-CHECK,FIELD,X(2),ALPHANUMERIC,5,2,Card expiration month validation field 2-character alphanumeric,WS-MISC-STORAGE,X(2),2,0,NO,DISPLAY,,,,,WS-MISC-STORAGE,77,NO,,NO,,,,YES
COCRDUPC,CARD-MONTH-CHECK-N,FIELD,9(2),NUMERIC,5,2,Card expiration month numeric validation field 2-digit numeric (REDEFINES CARD-MONTH-CHECK),WS-MISC-STORAGE,99,2,0,NO,DISPLAY,,,,CARD-MONTH-CHECK,WS-MISC-STORAGE,77,NO,,NO,,,,YES
COCRDUPC,VALID-MONTH,CONDITION,N/A,DISPLAY,88,0,Condition: valid month range,CARD-MONTH-CHECK-N,N/A,0,0,NO,DISPLAY,,,,,WS-MISC-STORAGE,77,NO,,NO,,,1 THROUGH 12,YES
COCRDUPC,CARD-YEAR-CHECK,FIELD,X(4),ALPHANUMERIC,5,4,Card expiration year validation field 4-character alphanumeric,WS-MISC-STORAGE,X(4),4,0,NO,DISPLAY,,,,,WS-MISC-STORAGE,79,NO,,NO,,,,YES
COCRDUPC,CARD-YEAR-CHECK-N,FIELD,9(4),NUMERIC,5,4,Card expiration year numeric validation field 4-digit numeric (REDEFINES CARD-YEAR-CHECK),WS-MISC-STORAGE,9999,4,0,NO,DISPLAY,,,,CARD-YEAR-CHECK,WS-MISC-STORAGE,79,NO,,NO,,,,YES
COCRDUPC,VALID-YEAR,CONDITION,N/A,DISPLAY,88,0,Condition: valid year range,CARD-YEAR-CHECK-N,N/A,0,0,NO,DISPLAY,,,,,WS-MISC-STORAGE,79,NO,,NO,,,1950 THROUGH 2099,YES
COCRDUPC,CICS-OUTPUT-EDIT-VARS,GROUP,N/A,GROUP,5,91,CICS output editing variables group,WS-MISC-STORAGE,N/A,0,0,NO,DISPLAY,,,,,WS-MISC-STORAGE,83,NO,,NO,,,,YES
COCRDUPC,CARD-ACCT-ID-X,FIELD,X(11),ALPHANUMERIC,10,11,Card account identifier alphanumeric field 11-character alphanumeric,CICS-OUTPUT-EDIT-VARS,X(11),11,0,NO,DISPLAY,,,,,WS-MISC-STORAGE,83,NO,,NO,,,,YES
COCRDUPC,CARD-ACCT-ID-N,FIELD,9(11),NUMERIC,10,11,Card account identifier numeric field 11-digit numeric (REDEFINES CARD-ACCT-ID-X),CICS-OUTPUT-EDIT-VARS,99999999999,11,0,NO,DISPLAY,,,,CARD-ACCT-ID-X,WS-MISC-STORAGE,83,NO,,NO,,,,YES
COCRDUPC,CARD-CVV-CD-X,FIELD,X(03),ALPHANUMERIC,10,3,Card CVV code alphanumeric field 3-character alphanumeric,CICS-OUTPUT-EDIT-VARS,X(3),3,0,NO,DISPLAY,,,,,WS-MISC-STORAGE,94,NO,,NO,,,,YES
COCRDUPC,CARD-CVV-CD-N,FIELD,9(03),NUMERIC,10,3,Card CVV code numeric field 3-digit numeric (REDEFINES CARD-CVV-CD-X),CICS-OUTPUT-EDIT-VARS,999,3,0,NO,DISPLAY,,,,CARD-CVV-CD-X,WS-MISC-STORAGE,94,NO,,NO,,,,YES
COCRDUPC,CARD-CARD-NUM-X,FIELD,X(16),ALPHANUMERIC,10,16,Card number alphanumeric field 16-character alphanumeric,CICS-OUTPUT-EDIT-VARS,X(16),16,0,NO,DISPLAY,,,,,WS-MISC-STORAGE,97,NO,,NO,,,,YES
COCRDUPC,CARD-CARD-NUM-N,FIELD,9(16),NUMERIC,10,16,Card number numeric field 16-digit numeric (REDEFINES CARD-CARD-NUM-X),CICS-OUTPUT-EDIT-VARS,9999999999999999,16,0,NO,DISPLAY,,,,CARD-CARD-NUM-X,WS-MISC-STORAGE,97,NO,,NO,,,,YES
COCRDUPC,CARD-NAME-EMBOSSED-X,FIELD,X(50),ALPHANUMERIC,10,50,Card embossed name field 50-character alphanumeric,CICS-OUTPUT-EDIT-VARS,X(50),50,0,NO,DISPLAY,,,,,WS-MISC-STORAGE,113,NO,,NO,,,,YES
COCRDUPC,CARD-STATUS-X,FIELD,X,ALPHANUMERIC,10,1,Card status code field 1-character alphanumeric,CICS-OUTPUT-EDIT-VARS,X,1,0,NO,DISPLAY,,,,,WS-MISC-STORAGE,163,NO,,NO,,,,YES
COCRDUPC,CARD-EXPIRAION-DATE-X,FIELD,X(10),ALPHANUMERIC,10,10,Card expiration date alphanumeric field 10-character alphanumeric,CICS-OUTPUT-EDIT-VARS,X(10),10,0,NO,DISPLAY,,,,,WS-MISC-STORAGE,164,NO,,NO,,,,YES
COCRDUPC,FILLER-1,GROUP,N/A,GROUP,10,10,"Reserved placeholder field used for data structure alignment, padding, or holding constant values",CICS-OUTPUT-EDIT-VARS,N/A,0,0,NO,DISPLAY,,,,CARD-EXPIRAION-DATE-X,WS-MISC-STORAGE,164,NO,,NO,,,,YES
COCRDUPC,CARD-EXPIRY-YEAR,FIELD,X(4),ALPHANUMERIC,20,4,Card expiration year component 4-character alphanumeric,FILLER-1,X(4),4,0,NO,DISPLAY,,,,,WS-MISC-STORAGE,164,NO,,NO,,,,YES
COCRDUPC,FILLER-2,FIELD,X(1),ALPHANUMERIC,20,1,"Reserved placeholder field used for data structure alignment, padding, or holding constant values",FILLER-1,X,1,0,NO,DISPLAY,,,,,WS-MISC-STORAGE,168,NO,,NO,,,,YES
COCRDUPC,CARD-EXPIRY-MONTH,FIELD,X(2),ALPHANUMERIC,20,2,Card expiration month component 2-character alphanumeric,FILLER-1,X(2),2,0,NO,DISPLAY,,,,,WS-MISC-STORAGE,169,NO,,NO,,,,YES
COCRDUPC,FILLER-3,FIELD,X(1),ALPHANUMERIC,20,1,"Reserved placeholder field used for data structure alignment, padding, or holding constant values",FILLER-1,X,1,0,NO,DISPLAY,,,,,WS-MISC-STORAGE,171,NO,,NO,,,,YES
COCRDUPC,CARD-EXPIRY-DAY,FIELD,X(2),ALPHANUMERIC,20,2,Card expiration day component 2-character alphanumeric,FILLER-1,X(2),2,0,NO,DISPLAY,,,,,WS-MISC-STORAGE,172,NO,,NO,,,,YES
COCRDUPC,CARD-EXPIRAION-DATE-N,FIELD,9(10),NUMERIC,10,10,Card expiration date numeric field 10-digit numeric (REDEFINES CARD-EXPIRAION-DATE-X),CICS-OUTPUT-EDIT-VARS,9999999999,10,0,NO,DISPLAY,,,,CARD-EXPIRAION-DATE-X,WS-MISC-STORAGE,164,NO,,NO,,,,YES
COCRDUPC,WS-CARD-RID,GROUP,N/A,GROUP,5,27,Card record identifier group,WS-MISC-STORAGE,N/A,0,0,NO,DISPLAY,,,,,WS-MISC-STORAGE,174,NO,,NO,,,,YES
COCRDUPC,WS-CARD-RID-CARDNUM,FIELD,X(16),ALPHANUMERIC,10,16,Card number for record identification 16-character alphanumeric,WS-CARD-RID,X(16),16,0,NO,DISPLAY,,,,,WS-MISC-STORAGE,174,NO,,NO,,,,YES
COCRDUPC,WS-CARD-RID-ACCT-ID,FIELD,9(11),NUMERIC,10,11,Account identifier for record identification 11-digit numeric,WS-CARD-RID,99999999999,11,0,NO,DISPLAY,,,,,WS-MISC-STORAGE,190,NO,,NO,,,,YES
COCRDUPC,WS-CARD-RID-ACCT-ID-X,FIELD,X(11),ALPHANUMERIC,10,11,Account identifier for record identification alphanumeric 11-character alphanumeric (REDEFINES WS-CARD-RID-ACCT-ID),WS-CARD-RID,X(11),11,0,NO,DISPLAY,,,,WS-CARD-RID-ACCT-ID,WS-MISC-STORAGE,190,NO,,NO,,,,YES
COCRDUPC,WS-FILE-ERROR-MESSAGE,GROUP,N/A,GROUP,5,80,File error message construction group,WS-MISC-STORAGE,N/A,0,0,NO,DISPLAY,,,,,WS-MISC-STORAGE,201,NO,,NO,,,,YES
COCRDUPC,FILLER-4,FIELD,X(12),ALPHANUMERIC,10,12,"Reserved placeholder field used for data structure alignment, padding, or holding constant values",WS-FILE-ERROR-MESSAGE,X(12),12,0,NO,DISPLAY,,,,,WS-MISC-STORAGE,201,NO,,NO,'File Error: ',,,YES
COCRDUPC,ERROR-OPNAME,FIELD,X(8),ALPHANUMERIC,10,8,File operation name field 8-character alphanumeric (VALUE SPACES),WS-FILE-ERROR-MESSAGE,X(8),8,0,NO,DISPLAY,,,,,WS-MISC-STORAGE,213,NO,,NO,SPACES,,,YES
COCRDUPC,FILLER-5,FIELD,X(4),ALPHANUMERIC,10,4,"Reserved placeholder field used for data structure alignment, padding, or holding constant values",WS-FILE-ERROR-MESSAGE,X(4),4,0,NO,DISPLAY,,,,,WS-MISC-STORAGE,221,NO,,NO,' on ',,,YES
COCRDUPC,ERROR-FILE,FIELD,X(9),ALPHANUMERIC,10,9,File name field 9-character alphanumeric (VALUE SPACES),WS-FILE-ERROR-MESSAGE,X(9),9,0,NO,DISPLAY,,,,,WS-MISC-STORAGE,225,NO,,NO,SPACES,,,YES
COCRDUPC,FILLER-6,FIELD,X(15),ALPHANUMERIC,10,15,"Reserved placeholder field used for data structure alignment, padding, or holding constant values",WS-FILE-ERROR-MESSAGE,X(15),15,0,NO,DISPLAY,,,,,WS-MISC-STORAGE,234,NO,,NO,' returned RESP ',,,YES
COCRDUPC,ERROR-RESP,FIELD,X(10),ALPHANUMERIC,10,10,CICS response code field 10-character alphanumeric (VALUE SPACES),WS-FILE-ERROR-MESSAGE,X(10),10,0,NO,DISPLAY,,,,,WS-MISC-STORAGE,249,NO,,NO,SPACES,,,YES
COCRDUPC,FILLER-7,FIELD,X(7),ALPHANUMERIC,10,7,"Reserved placeholder field used for data structure alignment, padding, or holding constant values",WS-FILE-ERROR-MESSAGE,X(7),7,0,NO,DISPLAY,,,,,WS-MISC-STORAGE,259,NO,,NO,"',RESP2 '",,,YES
COCRDUPC,ERROR-RESP2,FIELD,X(10),ALPHANUMERIC,10,10,CICS response code 2 field 10-character alphanumeric (VALUE SPACES),WS-FILE-ERROR-MESSAGE,X(10),10,0,NO,DISPLAY,,,,,WS-MISC-STORAGE,266,NO,,NO,SPACES,,,YES
COCRDUPC,FILLER-8,FIELD,X(5),ALPHANUMERIC,10,5,"Reserved placeholder field used for data structure alignment, padding, or holding constant values",WS-FILE-ERROR-MESSAGE,X(5),5,0,NO,DISPLAY,,,,,WS-MISC-STORAGE,276,NO,,NO,SPACES,,,YES
COCRDUPC,WS-LONG-MSG,FIELD,X(500),ALPHANUMERIC,5,500,Long message work field 500-character alphanumeric,WS-MISC-STORAGE,X(500),500,0,NO,DISPLAY,,,,,WS-MISC-STORAGE,281,NO,,NO,,,,YES
COCRDUPC,WS-INFO-MSG,FIELD,X(40),ALPHANUMERIC,5,40,Information message field 40-character alphanumeric,WS-MISC-STORAGE,X(40),40,0,NO,DISPLAY,,,,,WS-MISC-STORAGE,781,NO,,NO,,,,YES
COCRDUPC,WS-NO-INFO-MESSAGE,CONDITION,N/A,DISPLAY,88,0,"Condition: no information message (VALUE SPACES, LOW-VALUES)",WS-INFO-MSG,N/A,0,0,NO,DISPLAY,,,,,WS-MISC-STORAGE,781,NO,,NO,,"SPACES, LOW-VALUES",,YES
COCRDUPC,FOUND-CARDS-FOR-ACCOUNT,CONDITION,N/A,DISPLAY,88,0,Condition: cards found for account (VALUE 'Details of selected card shown above'),WS-INFO-MSG,N/A,0,0,NO,DISPLAY,,,,,WS-MISC-STORAGE,781,NO,,NO,,'Details of selected card shown above',,YES
COCRDUPC,PROMPT-FOR-SEARCH-KEYS,CONDITION,N/A,DISPLAY,88,0,Condition: prompt for search keys (VALUE 'Please enter Account and Card Number'),WS-INFO-MSG,N/A,0,0,NO,DISPLAY,,,,,WS-MISC-STORAGE,781,NO,,NO,,'Please enter Account and Card Number',,YES
COCRDUPC,PROMPT-FOR-CHANGES,CONDITION,N/A,DISPLAY,88,0,Condition: prompt for changes (VALUE 'Update card details presented above.'),WS-INFO-MSG,N/A,0,0,NO,DISPLAY,,,,,WS-MISC-STORAGE,781,NO,,NO,,'Update card details presented above.',,YES
COCRDUPC,PROMPT-FOR-CONFIRMATION,CONDITION,N/A,DISPLAY,88,0,Condition: prompt for confirmation (VALUE 'Changes validated.Press F5 to save'),WS-INFO-MSG,N/A,0,0,NO,DISPLAY,,,,,WS-MISC-STORAGE,781,NO,,NO,,'Changes validated.Press F5 to save',,YES
COCRDUPC,CONFIRM-UPDATE-SUCCESS,CONDITION,N/A,DISPLAY,88,0,Condition: update successful confirmation (VALUE 'Changes committed to database'),WS-INFO-MSG,N/A,0,0,NO,DISPLAY,,,,,WS-MISC-STORAGE,781,NO,,NO,,'Changes committed to database',,YES
COCRDUPC,INFORM-FAILURE,CONDITION,N/A,DISPLAY,88,0,Condition: update failure notification (VALUE 'Changes unsuccessful. Please try again'),WS-INFO-MSG,N/A,0,0,NO,DISPLAY,,,,,WS-MISC-STORAGE,781,NO,,NO,,'Changes unsuccessful. Please try again',,YES
COCRDUPC,WS-RETURN-MSG,FIELD,X(75),ALPHANUMERIC,5,75,Return message field 75-character alphanumeric,WS-MISC-STORAGE,X(75),75,0,NO,DISPLAY,,,,,WS-MISC-STORAGE,821,NO,,NO,,,,YES
COCRDUPC,WS-RETURN-MSG-OFF,CONDITION,N/A,DISPLAY,88,0,Condition: return message off (VALUE SPACES),WS-RETURN-MSG,N/A,0,0,NO,DISPLAY,,,,,WS-MISC-STORAGE,821,NO,,NO,,SPACES,,YES
COCRDUPC,WS-EXIT-MESSAGE,CONDITION,N/A,DISPLAY,88,0,Condition: exit message (VALUE 'PF03 pressed.Exiting              '),WS-RETURN-MSG,N/A,0,0,NO,DISPLAY,,,,,WS-MISC-STORAGE,821,NO,,NO,,'PF03 pressed.Exiting              ',,YES
COCRDUPC,WS-PROMPT-FOR-ACCT,CONDITION,N/A,DISPLAY,88,0,Condition: prompt for account (VALUE 'Account number not provided'),WS-RETURN-MSG,N/A,0,0,NO,DISPLAY,,,,,WS-MISC-STORAGE,821,NO,,NO,,'Account number not provided',,YES
COCRDUPC,WS-PROMPT-FOR-CARD,CONDITION,N/A,DISPLAY,88,0,Condition: prompt for card (VALUE 'Card number not provided'),WS-RETURN-MSG,N/A,0,0,NO,DISPLAY,,,,,WS-MISC-STORAGE,821,NO,,NO,,'Card number not provided',,YES
COCRDUPC,WS-PROMPT-FOR-NAME,CONDITION,N/A,DISPLAY,88,0,Condition: prompt for name (VALUE 'Card name not provided'),WS-RETURN-MSG,N/A,0,0,NO,DISPLAY,,,,,WS-MISC-STORAGE,821,NO,,NO,,'Card name not provided',,YES
COCRDUPC,WS-NAME-MUST-BE-ALPHA,CONDITION,N/A,DISPLAY,88,0,Condition: name must be alphabetic (VALUE 'Card name can only contain alphabets and spaces'),WS-RETURN-MSG,N/A,0,0,NO,DISPLAY,,,,,WS-MISC-STORAGE,821,NO,,NO,,'Card name can only contain alphabets and spaces',,YES
COCRDUPC,NO-SEARCH-CRITERIA-RECEIVED,CONDITION,N/A,DISPLAY,88,0,Condition: no search criteria received (VALUE 'No input received'),WS-RETURN-MSG,N/A,0,0,NO,DISPLAY,,,,,WS-MISC-STORAGE,821,NO,,NO,,'No input received',,YES
COCRDUPC,NO-CHANGES-DETECTED,CONDITION,N/A,DISPLAY,88,0,Condition: no changes detected (VALUE 'No change detected with respect to values fetched.'),WS-RETURN-MSG,N/A,0,0,NO,DISPLAY,,,,,WS-MISC-STORAGE,821,NO,,NO,,'No change detected with respect to values fetched.',,YES
COCRDUPC,SEARCHED-ACCT-ZEROES,CONDITION,N/A,DISPLAY,88,0,Condition: searched account zeroes (VALUE 'Account number must be a non zero 11 digit number'),WS-RETURN-MSG,N/A,0,0,NO,DISPLAY,,,,,WS-MISC-STORAGE,821,NO,,NO,,'Account number must be a non zero 11 digit number',,YES
COCRDUPC,SEARCHED-ACCT-NOT-NUMERIC,CONDITION,N/A,DISPLAY,88,0,Condition: searched account not numeric (VALUE 'Account number must be a non zero 11 digit number'),WS-RETURN-MSG,N/A,0,0,NO,DISPLAY,,,,,WS-MISC-STORAGE,821,NO,,NO,,'Account number must be a non zero 11 digit number',,YES
COCRDUPC,SEARCHED-CARD-NOT-NUMERIC,CONDITION,N/A,DISPLAY,88,0,Condition: searched card not numeric (VALUE 'Card number if supplied must be a 16 digit number'),WS-RETURN-MSG,N/A,0,0,NO,DISPLAY,,,,,WS-MISC-STORAGE,821,NO,,NO,,'Card number if supplied must be a 16 digit number',,YES
COCRDUPC,CARD-STATUS-MUST-BE-YES-NO,CONDITION,N/A,DISPLAY,88,0,Condition: card status must be yes or no (VALUE 'Card Active Status must be Y or N'),WS-RETURN-MSG,N/A,0,0,NO,DISPLAY,,,,,WS-MISC-STORAGE,821,NO,,NO,,'Card Active Status must be Y or N',,YES
COCRDUPC,CARD-EXPIRY-MONTH-NOT-VALID,CONDITION,N/A,DISPLAY,88,0,Condition: card expiry month not valid (VALUE 'Card expiry month must be between 1 and 12'),WS-RETURN-MSG,N/A,0,0,NO,DISPLAY,,,,,WS-MISC-STORAGE,821,NO,,NO,,'Card expiry month must be between 1 and 12',,YES
COCRDUPC,CARD-EXPIRY-YEAR-NOT-VALID,CONDITION,N/A,DISPLAY,88,0,Condition: card expiry year not valid (VALUE 'Invalid card expiry year'),WS-RETURN-MSG,N/A,0,0,NO,DISPLAY,,,,,WS-MISC-STORAGE,821,NO,,NO,,'Invalid card expiry year',,YES
COCRDUPC,DID-NOT-FIND-ACCT-IN-CARDXREF,CONDITION,N/A,DISPLAY,88,0,Condition: account not found in card cross reference (VALUE 'Did not find this account in cards database'),WS-RETURN-MSG,N/A,0,0,NO,DISPLAY,,,,,WS-MISC-STORAGE,821,NO,,NO,,'Did not find this account in cards database',,YES
COCRDUPC,DID-NOT-FIND-ACCTCARD-COMBO,CONDITION,N/A,DISPLAY,88,0,Condition: account card combination not found (VALUE 'Did not find cards for this search condition'),WS-RETURN-MSG,N/A,0,0,NO,DISPLAY,,,,,WS-MISC-STORAGE,821,NO,,NO,,'Did not find cards for this search condition',,YES
COCRDUPC,COULD-NOT-LOCK-FOR-UPDATE,CONDITION,N/A,DISPLAY,88,0,Condition: could not lock for update (VALUE 'Could not lock record for update'),WS-RETURN-MSG,N/A,0,0,NO,DISPLAY,,,,,WS-MISC-STORAGE,821,NO,,NO,,'Could not lock record for update',,YES
COCRDUPC,DATA-WAS-CHANGED-BEFORE-UPDATE,CONDITION,N/A,DISPLAY,88,0,Condition: data changed before update (VALUE 'Record changed by some one else. Please review'),WS-RETURN-MSG,N/A,0,0,NO,DISPLAY,,,,,WS-MISC-STORAGE,821,NO,,NO,,'Record changed by some one else. Please review',,YES
COCRDUPC,LOCKED-BUT-UPDATE-FAILED,CONDITION,N/A,DISPLAY,88,0,Condition: locked but update failed (VALUE 'Update of record failed'),WS-RETURN-MSG,N/A,0,0,NO,DISPLAY,,,,,WS-MISC-STORAGE,821,NO,,NO,,'Update of record failed',,YES
COCRDUPC,XREF-READ-ERROR,CONDITION,N/A,DISPLAY,88,0,Condition: cross reference read error (VALUE 'Error reading Card Data File'),WS-RETURN-MSG,N/A,0,0,NO,DISPLAY,,,,,WS-MISC-STORAGE,821,NO,,NO,,'Error reading Card Data File',,YES
COCRDUPC,CODING-TO-BE-DONE,CONDITION,N/A,DISPLAY,88,0,Condition: coding to be done (VALUE 'Looks Good.... so far'),WS-RETURN-MSG,N/A,0,0,NO,DISPLAY,,,,,WS-MISC-STORAGE,821,NO,,NO,,'Looks Good.... so far',,YES
COCRDUPC,WS-LITERALS,RECORD,N/A,GROUP,1,277,Literal constants group,WS-LITERALS,N/A,0,0,NO,DISPLAY,,,,,WS-LITERALS,1,NO,,NO,,,,YES
COCRDUPC,LIT-THISPGM,FIELD,X(8),ALPHANUMERIC,5,8,This program name literal 8-character alphanumeric (VALUE 'COCRDUPC'),WS-LITERALS,X(8),8,0,NO,DISPLAY,,,,,WS-LITERALS,1,NO,,NO,'COCRDUPC',,,YES
COCRDUPC,LIT-THISTRANID,FIELD,X(4),ALPHANUMERIC,5,4,This transaction identifier literal 4-character alphanumeric (VALUE 'CCUP'),WS-LITERALS,X(4),4,0,NO,DISPLAY,,,,,WS-LITERALS,9,NO,,NO,'CCUP',,,YES
COCRDUPC,LIT-THISMAPSET,FIELD,X(8),ALPHANUMERIC,5,8,This mapset name literal 8-character alphanumeric (VALUE 'COCRDUP '),WS-LITERALS,X(8),8,0,NO,DISPLAY,,,,,WS-LITERALS,13,NO,,NO,'COCRDUP ',,,YES
COCRDUPC,LIT-THISMAP,FIELD,X(7),ALPHANUMERIC,5,7,This map name literal 7-character alphanumeric (VALUE 'CCRDUPA'),WS-LITERALS,X(7),7,0,NO,DISPLAY,,,,,WS-LITERALS,21,NO,,NO,'CCRDUPA',,,YES
COCRDUPC,LIT-CCLISTPGM,FIELD,X(8),ALPHANUMERIC,5,8,Credit card list program name literal 8-character alphanumeric (VALUE 'COCRDLIC'),WS-LITERALS,X(8),8,0,NO,DISPLAY,,,,,WS-LITERALS,28,NO,,NO,'COCRDLIC',,,YES
COCRDUPC,LIT-CCLISTTRANID,FIELD,X(4),ALPHANUMERIC,5,4,Credit card list transaction identifier literal 4-character alphanumeric (VALUE 'CCLI'),WS-LITERALS,X(4),4,0,NO,DISPLAY,,,,,WS-LITERALS,36,NO,,NO,'CCLI',,,YES
COCRDUPC,LIT-CCLISTMAPSET,FIELD,X(7),ALPHANUMERIC,5,7,Credit card list mapset name literal 7-character alphanumeric (VALUE 'COCRDLI'),WS-LITERALS,X(7),7,0,NO,DISPLAY,,,,,WS-LITERALS,40,NO,,NO,'COCRDLI',,,YES
COCRDUPC,LIT-CCLISTMAP,FIELD,X(7),ALPHANUMERIC,5,7,Credit card list map name literal 7-character alphanumeric (VALUE 'CCRDSLA'),WS-LITERALS,X(7),7,0,NO,DISPLAY,,,,,WS-LITERALS,47,NO,,NO,'CCRDSLA',,,YES
COCRDUPC,LIT-MENUPGM,FIELD,X(8),ALPHANUMERIC,5,8,Menu program name literal 8-character alphanumeric (VALUE 'COMEN01C'),WS-LITERALS,X(8),8,0,NO,DISPLAY,,,,,WS-LITERALS,54,NO,,NO,'COMEN01C',,,YES
COCRDUPC,LIT-MENUTRANID,FIELD,X(4),ALPHANUMERIC,5,4,Menu transaction identifier literal 4-character alphanumeric (VALUE 'CM00'),WS-LITERALS,X(4),4,0,NO,DISPLAY,,,,,WS-LITERALS,62,NO,,NO,'CM00',,,YES
COCRDUPC,LIT-MENUMAPSET,FIELD,X(7),ALPHANUMERIC,5,7,Menu mapset name literal 7-character alphanumeric (VALUE 'COMEN01'),WS-LITERALS,X(7),7,0,NO,DISPLAY,,,,,WS-LITERALS,66,NO,,NO,'COMEN01',,,YES
COCRDUPC,LIT-MENUMAP,FIELD,X(7),ALPHANUMERIC,5,7,Menu map name literal 7-character alphanumeric (VALUE 'COMEN1A'),WS-LITERALS,X(7),7,0,NO,DISPLAY,,,,,WS-LITERALS,73,NO,,NO,'COMEN1A',,,YES
COCRDUPC,LIT-CARDDTLPGM,FIELD,X(8),ALPHANUMERIC,5,8,Card details program name literal 8-character alphanumeric (VALUE 'COCRDSLC'),WS-LITERALS,X(8),8,0,NO,DISPLAY,,,,,WS-LITERALS,80,NO,,NO,'COCRDSLC',,,YES
COCRDUPC,LIT-CARDDTLTRANID,FIELD,X(4),ALPHANUMERIC,5,4,Card details transaction identifier literal 4-character alphanumeric (VALUE 'CCDL'),WS-LITERALS,X(4),4,0,NO,DISPLAY,,,,,WS-LITERALS,88,NO,,NO,'CCDL',,,YES
COCRDUPC,LIT-CARDDTLMAPSET,FIELD,X(7),ALPHANUMERIC,5,7,Card details mapset name literal 7-character alphanumeric (VALUE 'COCRDSL'),WS-LITERALS,X(7),7,0,NO,DISPLAY,,,,,WS-LITERALS,92,NO,,NO,'COCRDSL',,,YES
COCRDUPC,LIT-CARDDTLMAP,FIELD,X(7),ALPHANUMERIC,5,7,Card details map name literal 7-character alphanumeric (VALUE 'CCRDSLA'),WS-LITERALS,X(7),7,0,NO,DISPLAY,,,,,WS-LITERALS,99,NO,,NO,'CCRDSLA',,,YES
COCRDUPC,LIT-CARDFILENAME,FIELD,X(8),ALPHANUMERIC,5,8,Card data file name literal 8-character alphanumeric (VALUE 'CARDDAT '),WS-LITERALS,X(8),8,0,NO,DISPLAY,,,,,WS-LITERALS,106,NO,,NO,'CARDDAT ',,,YES
COCRDUPC,LIT-CARDFILENAME-ACCT-PATH,FIELD,X(8),ALPHANUMERIC,5,8,Card account path file name literal 8-character alphanumeric (VALUE 'CARDAIX '),WS-LITERALS,X(8),8,0,NO,DISPLAY,,,,,WS-LITERALS,114,NO,,NO,'CARDAIX ',,,YES
COCRDUPC,LIT-ALL-ALPHA-FROM,FIELD,X(52),ALPHANUMERIC,5,52,All alphabetic characters source literal 52-character alphanumeric (VALUE 'ABCDEFGHIJKLMNOPQRSTUVWXYZabcdefghijklmnopqrstuvwxyz'),WS-LITERALS,X(52),52,0,NO,DISPLAY,,,,,WS-LITERALS,122,NO,,NO,'ABCDEFGHIJKLMNOPQRSTUVWXYZabcdefghijklmnopqrstuvwxyz',,,YES
COCRDUPC,LIT-ALL-SPACES-TO,FIELD,X(52),ALPHANUMERIC,5,52,All spaces target literal 52-character alphanumeric (VALUE SPACES),WS-LITERALS,X(52),52,0,NO,DISPLAY,,,,,WS-LITERALS,174,NO,,NO,SPACES,,,YES
COCRDUPC,LIT-UPPER,FIELD,X(26),ALPHANUMERIC,5,26,Uppercase alphabet literal 26-character alphanumeric (VALUE 'ABCDEFGHIJKLMNOPQRSTUVWXYZ'),WS-LITERALS,X(26),26,0,NO,DISPLAY,,,,,WS-LITERALS,226,NO,,NO,'ABCDEFGHIJKLMNOPQRSTUVWXYZ',,,YES
COCRDUPC,LIT-LOWER,FIELD,X(26),ALPHANUMERIC,5,26,Lowercase alphabet literal 26-character alphanumeric (VALUE 'abcdefghijklmnopqrstuvwxyz'),WS-LITERALS,X(26),26,0,NO,DISPLAY,,,,,WS-LITERALS,252,NO,,NO,'abcdefghijklmnopqrstuvwxyz',,,YES
COCRDUPC,WS-THIS-PROGCOMMAREA,RECORD,N/A,GROUP,1,329,This program communication area group,WS-THIS-PROGCOMMAREA,N/A,0,0,NO,DISPLAY,,,,,WS-THIS-PROGCOMMAREA,1,NO,,NO,,,,YES
COCRDUPC,CARD-UPDATE-SCREEN-DATA,GROUP,N/A,GROUP,5,1,Card update screen data group,WS-THIS-PROGCOMMAREA,N/A,0,0,NO,DISPLAY,,,,,WS-THIS-PROGCOMMAREA,1,NO,,NO,,,,YES
COCRDUPC,CCUP-CHANGE-ACTION,FIELD,X(1),ALPHANUMERIC,10,1,Card update change action code 1-character alphanumeric (VALUE LOW-VALUES),CARD-UPDATE-SCREEN-DATA,X,1,0,NO,DISPLAY,,,,,WS-THIS-PROGCOMMAREA,1,NO,,NO,LOW-S,,,YES
COCRDUPC,CCUP-DETAILS-NOT-FETCHED,CONDITION,N/A,DISPLAY,88,0,"Condition: card update details not fetched (VALUE LOW-VALUES, SPACES)",CCUP-CHANGE-ACTION,N/A,0,0,NO,DISPLAY,,,,,WS-THIS-PROGCOMMAREA,1,NO,,NO,,"LOW-VALUES, SPACES",,YES
COCRDUPC,CCUP-SHOW-DETAILS,CONDITION,N/A,DISPLAY,88,0,Condition: card update show details (VALUE 'S'),CCUP-CHANGE-ACTION,N/A,0,0,NO,DISPLAY,,,,,WS-THIS-PROGCOMMAREA,1,NO,,NO,,'S',,YES
COCRDUPC,CCUP-CHANGES-MADE,CONDITION,N/A,DISPLAY,88,0,"Condition: card update changes made (VALUE 'E', 'N', 'C', 'L', 'F')",CCUP-CHANGE-ACTION,N/A,0,0,NO,DISPLAY,,,,,WS-THIS-PROGCOMMAREA,1,NO,,NO,,"'E', 'N', 'C', 'L', 'F'",,YES
COCRDUPC,CCUP-CHANGES-NOT-OK,CONDITION,N/A,DISPLAY,88,0,Condition: card update changes not ok (VALUE 'E'),CCUP-CHANGE-ACTION,N/A,0,0,NO,DISPLAY,,,,,WS-THIS-PROGCOMMAREA,1,NO,,NO,,'E',,YES
COCRDUPC,CCUP-CHANGES-OK-NOT-CONFIRMED,CONDITION,N/A,DISPLAY,88,0,Condition: card update changes ok not confirmed (VALUE 'N'),CCUP-CHANGE-ACTION,N/A,0,0,NO,DISPLAY,,,,,WS-THIS-PROGCOMMAREA,1,NO,,NO,,'N',,YES
COCRDUPC,CCUP-CHANGES-OKAYED-AND-DONE,CONDITION,N/A,DISPLAY,88,0,Condition: card update changes okayed and done (VALUE 'C'),CCUP-CHANGE-ACTION,N/A,0,0,NO,DISPLAY,,,,,WS-THIS-PROGCOMMAREA,1,NO,,NO,,'C',,YES
COCRDUPC,CCUP-CHANGES-FAILED,CONDITION,N/A,DISPLAY,88,0,"Condition: card update changes failed (VALUE 'L', 'F')",CCUP-CHANGE-ACTION,N/A,0,0,NO,DISPLAY,,,,,WS-THIS-PROGCOMMAREA,1,NO,,NO,,"'L', 'F'",,YES
COCRDUPC,CCUP-CHANGES-OKAYED-LOCK-ERROR,CONDITION,N/A,DISPLAY,88,0,Condition: card update changes okayed lock error (VALUE 'L'),CCUP-CHANGE-ACTION,N/A,0,0,NO,DISPLAY,,,,,WS-THIS-PROGCOMMAREA,1,NO,,NO,,'L',,YES
COCRDUPC,CCUP-CHANGES-OKAYED-BUT-FAILED,CONDITION,N/A,DISPLAY,88,0,Condition: card update changes okayed but failed (VALUE 'F'),CCUP-CHANGE-ACTION,N/A,0,0,NO,DISPLAY,,,,,WS-THIS-PROGCOMMAREA,1,NO,,NO,,'F',,YES
COCRDUPC,CCUP-OLD-DETAILS,GROUP,N/A,GROUP,5,89,Card update old details group,WS-THIS-PROGCOMMAREA,N/A,0,0,NO,DISPLAY,,,,,WS-THIS-PROGCOMMAREA,2,NO,,NO,,,,YES
COCRDUPC,CCUP-OLD-ACCTID,FIELD,X(11),ALPHANUMERIC,10,11,Card update old account identifier 11-character alphanumeric,CCUP-OLD-DETAILS,X(11),11,0,NO,DISPLAY,,,,,WS-THIS-PROGCOMMAREA,2,NO,,NO,,,,YES
COCRDUPC,CCUP-OLD-CARDID,FIELD,X(16),ALPHANUMERIC,10,16,Card update old card identifier 16-character alphanumeric,CCUP-OLD-DETAILS,X(16),16,0,NO,DISPLAY,,,,,WS-THIS-PROGCOMMAREA,13,NO,,NO,,,,YES
COCRDUPC,CCUP-OLD-CVV-CD,FIELD,X(3),ALPHANUMERIC,10,3,Card update old CVV code 3-character alphanumeric,CCUP-OLD-DETAILS,X(3),3,0,NO,DISPLAY,,,,,WS-THIS-PROGCOMMAREA,29,NO,,NO,,,,YES
COCRDUPC,CCUP-OLD-CARDDATA,GROUP,N/A,GROUP,10,59,Card update old card data group,CCUP-OLD-DETAILS,N/A,0,0,NO,DISPLAY,,,,,WS-THIS-PROGCOMMAREA,32,NO,,NO,,,,YES
COCRDUPC,CCUP-OLD-CRDNAME,FIELD,X(50),ALPHANUMERIC,20,50,Card update old card name 50-character alphanumeric,CCUP-OLD-CARDDATA,X(50),50,0,NO,DISPLAY,,,,,WS-THIS-PROGCOMMAREA,32,NO,,NO,,,,YES
COCRDUPC,CCUP-OLD-EXPIRAION-DATE,GROUP,N/A,GROUP,20,8,Card update old expiration date group,CCUP-OLD-CARDDATA,N/A,0,0,NO,DISPLAY,,,,,WS-THIS-PROGCOMMAREA,82,NO,,NO,,,,YES
COCRDUPC,CCUP-OLD-EXPYEAR,FIELD,X(4),ALPHANUMERIC,25,4,Card update old expiration year 4-character alphanumeric,CCUP-OLD-EXPIRAION-DATE,X(4),4,0,NO,DISPLAY,,,,,WS-THIS-PROGCOMMAREA,82,NO,,NO,,,,YES
COCRDUPC,CCUP-OLD-EXPMON,FIELD,X(2),ALPHANUMERIC,25,2,Card update old expiration month 2-character alphanumeric,CCUP-OLD-EXPIRAION-DATE,X(2),2,0,NO,DISPLAY,,,,,WS-THIS-PROGCOMMAREA,86,NO,,NO,,,,YES
COCRDUPC,CCUP-OLD-EXPDAY,FIELD,X(2),ALPHANUMERIC,25,2,Card update old expiration day 2-character alphanumeric,CCUP-OLD-EXPIRAION-DATE,X(2),2,0,NO,DISPLAY,,,,,WS-THIS-PROGCOMMAREA,88,NO,,NO,,,,YES
COCRDUPC,CCUP-OLD-CRDSTCD,FIELD,X(1),ALPHANUMERIC,20,1,Card update old card status code 1-character alphanumeric,CCUP-OLD-CARDDATA,X,1,0,NO,DISPLAY,,,,,WS-THIS-PROGCOMMAREA,90,NO,,NO,,,,YES
COCRDUPC,CCUP-NEW-DETAILS,GROUP,N/A,GROUP,5,89,Card update new details group,WS-THIS-PROGCOMMAREA,N/A,0,0,NO,DISPLAY,,,,,WS-THIS-PROGCOMMAREA,91,NO,,NO,,,,YES
COCRDUPC,CCUP-NEW-ACCTID,FIELD,X(11),ALPHANUMERIC,10,11,Card update new account identifier 11-character alphanumeric,CCUP-NEW-DETAILS,X(11),11,0,NO,DISPLAY,,,,,WS-THIS-PROGCOMMAREA,91,NO,,NO,,,,YES
COCRDUPC,CCUP-NEW-CARDID,FIELD,X(16),ALPHANUMERIC,10,16,Card update new card identifier 16-character alphanumeric,CCUP-NEW-DETAILS,X(16),16,0,NO,DISPLAY,,,,,WS-THIS-PROGCOMMAREA,102,NO,,NO,,,,YES
COCRDUPC,CCUP-NEW-CVV-CD,FIELD,X(3),ALPHANUMERIC,10,3,Card update new CVV code 3-character alphanumeric,CCUP-NEW-DETAILS,X(3),3,0,NO,DISPLAY,,,,,WS-THIS-PROGCOMMAREA,118,NO,,NO,,,,YES
COCRDUPC,CCUP-NEW-CARDDATA,GROUP,N/A,GROUP,10,59,Card update new card data group,CCUP-NEW-DETAILS,N/A,0,0,NO,DISPLAY,,,,,WS-THIS-PROGCOMMAREA,121,NO,,NO,,,,YES
COCRDUPC,CCUP-NEW-CRDNAME,FIELD,X(50),ALPHANUMERIC,20,50,Card update new card name 50-character alphanumeric,CCUP-NEW-CARDDATA,X(50),50,0,NO,DISPLAY,,,,,WS-THIS-PROGCOMMAREA,121,NO,,NO,,,,YES
COCRDUPC,CCUP-NEW-EXPIRAION-DATE,GROUP,N/A,GROUP,20,8,Card update new expiration date group,CCUP-NEW-CARDDATA,N/A,0,0,NO,DISPLAY,,,,,WS-THIS-PROGCOMMAREA,171,NO,,NO,,,,YES
COCRDUPC,CCUP-NEW-EXPYEAR,FIELD,X(4),ALPHANUMERIC,25,4,Card update new expiration year 4-character alphanumeric,CCUP-NEW-EXPIRAION-DATE,X(4),4,0,NO,DISPLAY,,,,,WS-THIS-PROGCOMMAREA,171,NO,,NO,,,,YES
COCRDUPC,CCUP-NEW-EXPMON,FIELD,X(2),ALPHANUMERIC,25,2,Card update new expiration month 2-character alphanumeric,CCUP-NEW-EXPIRAION-DATE,X(2),2,0,NO,DISPLAY,,,,,WS-THIS-PROGCOMMAREA,175,NO,,NO,,,,YES
COCRDUPC,CCUP-NEW-EXPDAY,FIELD,X(2),ALPHANUMERIC,25,2,Card update new expiration day 2-character alphanumeric,CCUP-NEW-EXPIRAION-DATE,X(2),2,0,NO,DISPLAY,,,,,WS-THIS-PROGCOMMAREA,177,NO,,NO,,,,YES
COCRDUPC,CCUP-NEW-CRDSTCD,FIELD,X(1),ALPHANUMERIC,20,1,Card update new card status code 1-character alphanumeric,CCUP-NEW-CARDDATA,X,1,0,NO,DISPLAY,,,,,WS-THIS-PROGCOMMAREA,179,NO,,NO,,,,YES
COCRDUPC,CARD-UPDATE-RECORD,GROUP,N/A,GROUP,5,150,Card update record group,WS-THIS-PROGCOMMAREA,N/A,0,0,NO,DISPLAY,,,,,WS-THIS-PROGCOMMAREA,180,NO,,NO,,,,YES
COCRDUPC,CARD-UPDATE-NUM,FIELD,X(16),ALPHANUMERIC,10,16,Card update number 16-character alphanumeric,CARD-UPDATE-RECORD,X(16),16,0,NO,DISPLAY,,,,,WS-THIS-PROGCOMMAREA,180,NO,,NO,,,,YES
COCRDUPC,CARD-UPDATE-ACCT-ID,FIELD,9(11),NUMERIC,10,11,Card update account identifier 11-digit numeric,CARD-UPDATE-RECORD,99999999999,11,0,NO,DISPLAY,,,,,WS-THIS-PROGCOMMAREA,196,NO,,NO,,,,YES
COCRDUPC,CARD-UPDATE-CVV-CD,FIELD,9(03),NUMERIC,10,3,Card update CVV code 3-digit numeric,CARD-UPDATE-RECORD,999,3,0,NO,DISPLAY,,,,,WS-THIS-PROGCOMMAREA,207,NO,,NO,,,,YES
COCRDUPC,CARD-UPDATE-EMBOSSED-NAME,FIELD,X(50),ALPHANUMERIC,10,50,Card update embossed name 50-character alphanumeric,CARD-UPDATE-RECORD,X(50),50,0,NO,DISPLAY,,,,,WS-THIS-PROGCOMMAREA,210,NO,,NO,,,,YES
COCRDUPC,CARD-UPDATE-EXPIRAION-DATE,FIELD,X(10),ALPHANUMERIC,10,10,Card update expiration date 10-character alphanumeric,CARD-UPDATE-RECORD,X(10),10,0,NO,DISPLAY,,,,,WS-THIS-PROGCOMMAREA,260,NO,,NO,,,,YES
COCRDUPC,CARD-UPDATE-ACTIVE-STATUS,FIELD,X(01),ALPHANUMERIC,10,1,Card update active status 1-character alphanumeric,CARD-UPDATE-RECORD,X,1,0,NO,DISPLAY,,,,,WS-THIS-PROGCOMMAREA,270,NO,,NO,,,,YES
COCRDUPC,FILLER-9,FIELD,X(59),ALPHANUMERIC,10,59,"Reserved placeholder field used for data structure alignment, padding, or holding constant values",CARD-UPDATE-RECORD,X(59),59,0,NO,DISPLAY,,,,,WS-THIS-PROGCOMMAREA,271,NO,,NO,,,,YES
COCRDUPC,WS-COMMAREA,FIELD,X(2000),ALPHANUMERIC,1,2000,Communication area work field 2000-character alphanumeric,WS-COMMAREA,X(2000),2000,0,NO,DISPLAY,,,,,WS-COMMAREA,1,NO,,NO,,,,YES
COCRDUPC,DFHCOMMAREA,RECORD,N/A,GROUP,1,32767,CICS communication area record,DFHCOMMAREA,N/A,0,0,NO,DISPLAY,,,,,DFHCOMMAREA,1,NO,,NO,,,,YES
COCRDUPC,FILLER-10,FIELD,X(1),ALPHANUMERIC,5,1,"Reserved placeholder field used for data structure alignment, padding, or holding constant values",DFHCOMMAREA,X,1,0,NO,DISPLAY,1,32767,,,DFHCOMMAREA,1,NO,,NO,,,,YES
CBSTM03A,FD-STMTFILE-REC,FIELD,X(80),ALPHANUMERIC,1,80,File record for statement file input (PIC X(80)),FD-STMTFILE-REC,X(80),80,0,NO,DISPLAY,,,,,FD-STMTFILE-REC,1,NO,,NO,,,,YES
CBSTM03A,FD-HTMLFILE-REC,FIELD,X(100),ALPHANUMERIC,1,100,File record for HTML file output (PIC X(100)),FD-HTMLFILE-REC,X(100),100,0,NO,DISPLAY,,,,,FD-HTMLFILE-REC,1,NO,,NO,,,,YES
CBSTM03A,COMP-VARIABLES,RECORD,N/A,BINARY,1,16,Group containing counter and jump variables for processing control,COMP-VARIABLES,N/A,0,0,NO,COMP,,,,,COMP-VARIABLES,1,NO,,NO,,,,YES
CBSTM03A,CR-CNT,FIELD,S9(4),NUMERIC,5,4,"Credit record counter (PIC S9(4) COMP, VALUE 0)",COMP-VARIABLES,'+/-9999,5,0,YES,DISPLAY,,,,,COMP-VARIABLES,1,NO,,NO,0,,,YES
CBSTM03A,TR-CNT,FIELD,S9(4),NUMERIC,5,4,"Transaction record counter (PIC S9(4) COMP, VALUE 0)",COMP-VARIABLES,'+/-9999,5,0,YES,DISPLAY,,,,,COMP-VARIABLES,5,NO,,NO,0,,,YES
CBSTM03A,CR-JMP,FIELD,S9(4),NUMERIC,5,4,"Credit record jump offset counter (PIC S9(4) COMP, VALUE 0)",COMP-VARIABLES,'+/-9999,5,0,YES,DISPLAY,,,,,COMP-VARIABLES,9,NO,,NO,0,,,YES
CBSTM03A,TR-JMP,FIELD,S9(4),NUMERIC,5,4,"Transaction record jump offset counter (PIC S9(4) COMP, VALUE 0)",COMP-VARIABLES,'+/-9999,5,0,YES,DISPLAY,,,,,COMP-VARIABLES,13,NO,,NO,0,,,YES
CBSTM03A,COMP3-VARIABLES,RECORD,N/A,PACKED,1,11,Group containing computational variables using COMP-3 format,COMP3-VARIABLES,N/A,0,0,NO,COMP-3,,,,,COMP3-VARIABLES,1,NO,,NO,,,,YES
CBSTM03A,WS-TOTAL-AMT,FIELD,S9(9)V99,DECIMAL,5,11,"Total amount accumulator for transactions (PIC S9(9)V99 COMP-3, VALUE 0)",COMP3-VARIABLES,'+/-999999999.99,13,2,YES,DISPLAY,,,,,COMP3-VARIABLES,1,NO,,NO,0,,,YES
CBSTM03A,MISC-VARIABLES,RECORD,N/A,GROUP,1,36,Group containing miscellaneous working storage variables,MISC-VARIABLES,N/A,0,0,NO,DISPLAY,,,,,MISC-VARIABLES,1,NO,,NO,,,,YES
CBSTM03A,WS-FL-DD,FIELD,X(8),ALPHANUMERIC,5,8,"File dataset name for transaction file (PIC X(8), VALUE 'TRNXFILE')",MISC-VARIABLES,X(8),8,0,NO,DISPLAY,,,,,MISC-VARIABLES,1,NO,,NO,'TRNXFILE',,,YES
CBSTM03A,WS-TRN-AMT,FIELD,S9(9)V99,DECIMAL,5,11,"Transaction amount value (PIC S9(9)V99, VALUE 0)",MISC-VARIABLES,'+/-999999999.99,13,2,YES,DISPLAY,,,,,MISC-VARIABLES,9,NO,,NO,0,,,YES
CBSTM03A,WS-SAVE-CARD,FIELD,X(16),ALPHANUMERIC,5,16,"Saved card number for processing (PIC X(16), VALUE SPACES)",MISC-VARIABLES,X(16),16,0,NO,DISPLAY,,,,,MISC-VARIABLES,20,NO,,NO,SPACES,,,YES
CBSTM03A,END-OF-FILE,FIELD,X(01),ALPHANUMERIC,5,1,"End of file indicator flag (PIC X(01), VALUE 'N')",MISC-VARIABLES,X,1,0,NO,DISPLAY,,,,,MISC-VARIABLES,36,NO,,NO,'N',,,YES
CBSTM03A,WS-M03B-AREA,RECORD,N/A,GROUP,1,1040,Group containing M03B macro interface parameters for file operations,WS-M03B-AREA,N/A,0,0,NO,DISPLAY,,,,,WS-M03B-AREA,1,NO,,NO,,,,YES
CBSTM03A,WS-M03B-DD,FIELD,X(08),ALPHANUMERIC,5,8,M03B dataset name parameter (PIC X(08)),WS-M03B-AREA,X(8),8,0,NO,DISPLAY,,,,,WS-M03B-AREA,1,NO,,NO,,,,YES
CBSTM03A,WS-M03B-OPER,FIELD,X(01),ALPHANUMERIC,5,1,M03B file operation code (PIC X(01)),WS-M03B-AREA,X,1,0,NO,DISPLAY,,,,,WS-M03B-AREA,9,NO,,NO,,,,YES
CBSTM03A,M03B-OPEN,CONDITION,N/A,DISPLAY,88,0,Condition: file open operation (VALUE 'O'),WS-M03B-OPER,N/A,0,0,NO,DISPLAY,,,,,WS-M03B-AREA,9,NO,,NO,,'O',,YES
CBSTM03A,M03B-CLOSE,CONDITION,N/A,DISPLAY,88,0,Condition: file close operation (VALUE 'C'),WS-M03B-OPER,N/A,0,0,NO,DISPLAY,,,,,WS-M03B-AREA,9,NO,,NO,,'C',,YES
CBSTM03A,M03B-READ,CONDITION,N/A,DISPLAY,88,0,Condition: file read operation (VALUE 'R'),WS-M03B-OPER,N/A,0,0,NO,DISPLAY,,,,,WS-M03B-AREA,9,NO,,NO,,'R',,YES
CBSTM03A,M03B-READ-K,CONDITION,N/A,DISPLAY,88,0,Condition: file read by key operation (VALUE 'K'),WS-M03B-OPER,N/A,0,0,NO,DISPLAY,,,,,WS-M03B-AREA,9,NO,,NO,,'K',,YES
CBSTM03A,M03B-WRITE,CONDITION,N/A,DISPLAY,88,0,Condition: file write operation (VALUE 'W'),WS-M03B-OPER,N/A,0,0,NO,DISPLAY,,,,,WS-M03B-AREA,9,NO,,NO,,'W',,YES
CBSTM03A,M03B-REWRITE,CONDITION,N/A,DISPLAY,88,0,Condition: file rewrite operation (VALUE 'Z'),WS-M03B-OPER,N/A,0,0,NO,DISPLAY,,,,,WS-M03B-AREA,9,NO,,NO,,'Z',,YES
CBSTM03A,WS-M03B-RC,FIELD,X(02),ALPHANUMERIC,5,2,M03B return code from file operation (PIC X(02)),WS-M03B-AREA,X(2),2,0,NO,DISPLAY,,,,,WS-M03B-AREA,10,NO,,NO,,,,YES
CBSTM03A,WS-M03B-KEY,FIELD,X(25),ALPHANUMERIC,5,25,M03B record key for keyed file operations (PIC X(25)),WS-M03B-AREA,X(25),25,0,NO,DISPLAY,,,,,WS-M03B-AREA,12,NO,,NO,,,,YES
CBSTM03A,WS-M03B-KEY-LN,FIELD,S9(4),NUMERIC,5,4,M03B key length in bytes (PIC S9(4)),WS-M03B-AREA,'+/-9999,5,0,YES,DISPLAY,,,,,WS-M03B-AREA,37,NO,,NO,,,,YES
CBSTM03A,WS-M03B-FLDT,FIELD,X(1000),ALPHANUMERIC,5,1000,M03B file data buffer area (PIC X(1000)),WS-M03B-AREA,X(1000),1000,0,NO,DISPLAY,,,,,WS-M03B-AREA,41,NO,,NO,,,,YES
CBSTM03A,STATEMENT-LINES,RECORD,N/A,GROUP,1,1339,Group containing formatted statement output line structures,STATEMENT-LINES,N/A,0,0,NO,DISPLAY,,,,,STATEMENT-LINES,1,NO,,NO,,,,YES
CBSTM03A,ST-LINE0,GROUP,N/A,GROUP,5,80,Statement header line with asterisk borders,STATEMENT-LINES,N/A,0,0,NO,DISPLAY,,,,,STATEMENT-LINES,1,NO,,NO,,,,YES
CBSTM03A,FILLER-1,FIELD,X(31),ALPHANUMERIC,10,31,"Reserved placeholder field used for data structure alignment, padding, or holding constant values",ST-LINE0,X(31),31,0,NO,DISPLAY,,,,,STATEMENT-LINES,1,NO,,NO,ALL'*',,,YES
CBSTM03A,FILLER-2,FIELD,X(18),ALPHANUMERIC,10,18,"Reserved placeholder field used for data structure alignment, padding, or holding constant values",ST-LINE0,X(18),18,0,NO,DISPLAY,,,,,STATEMENT-LINES,32,NO,,NO,ALL'START OF STATEMENT',,,YES
CBSTM03A,FILLER-3,FIELD,X(31),ALPHANUMERIC,10,31,"Reserved placeholder field used for data structure alignment, padding, or holding constant values",ST-LINE0,X(31),31,0,NO,DISPLAY,,,,,STATEMENT-LINES,50,NO,,NO,ALL'*',,,YES
CBSTM03A,ST-LINE1,GROUP,N/A,GROUP,5,80,Statement line containing customer name (PIC X(75)),STATEMENT-LINES,N/A,0,0,NO,DISPLAY,,,,,STATEMENT-LINES,81,NO,,NO,,,,YES
CBSTM03A,ST-NAME,FIELD,X(75),ALPHANUMERIC,10,75,Customer name field (PIC X(75)),ST-LINE1,X(75),75,0,NO,DISPLAY,,,,,STATEMENT-LINES,81,NO,,NO,,,,YES
CBSTM03A,FILLER-4,FIELD,X(05),ALPHANUMERIC,10,5,"Reserved placeholder field used for data structure alignment, padding, or holding constant values",ST-LINE1,X(5),5,0,NO,DISPLAY,,,,,STATEMENT-LINES,156,NO,,NO,SPACES,,,YES
CBSTM03A,ST-LINE2,GROUP,N/A,GROUP,5,80,Statement line containing first address line (PIC X(50)),STATEMENT-LINES,N/A,0,0,NO,DISPLAY,,,,,STATEMENT-LINES,161,NO,,NO,,,,YES
CBSTM03A,ST-ADD1,FIELD,X(50),ALPHANUMERIC,10,50,First address line (PIC X(50)),ST-LINE2,X(50),50,0,NO,DISPLAY,,,,,STATEMENT-LINES,161,NO,,NO,,,,YES
CBSTM03A,FILLER-5,FIELD,X(30),ALPHANUMERIC,10,30,"Reserved placeholder field used for data structure alignment, padding, or holding constant values",ST-LINE2,X(30),30,0,NO,DISPLAY,,,,,STATEMENT-LINES,211,NO,,NO,SPACES,,,YES
CBSTM03A,ST-LINE3,GROUP,N/A,GROUP,5,80,Statement line containing second address line (PIC X(50)),STATEMENT-LINES,N/A,0,0,NO,DISPLAY,,,,,STATEMENT-LINES,241,NO,,NO,,,,YES
CBSTM03A,ST-ADD2,FIELD,X(50),ALPHANUMERIC,10,50,Second address line (PIC X(50)),ST-LINE3,X(50),50,0,NO,DISPLAY,,,,,STATEMENT-LINES,241,NO,,NO,,,,YES
CBSTM03A,FILLER-6,FIELD,X(30),ALPHANUMERIC,10,30,"Reserved placeholder field used for data structure alignment, padding, or holding constant values",ST-LINE3,X(30),30,0,NO,DISPLAY,,,,,STATEMENT-LINES,291,NO,,NO,SPACES,,,YES
CBSTM03A,ST-LINE4,GROUP,N/A,GROUP,5,80,Statement line containing third address line (PIC X(80)),STATEMENT-LINES,N/A,0,0,NO,DISPLAY,,,,,STATEMENT-LINES,321,NO,,NO,,,,YES
CBSTM03A,ST-ADD3,FIELD,X(80),ALPHANUMERIC,10,80,Third address line (PIC X(80)),ST-LINE4,X(80),80,0,NO,DISPLAY,,,,,STATEMENT-LINES,321,NO,,NO,,,,YES
CBSTM03A,ST-LINE5,GROUP,N/A,GROUP,5,80,Statement separator line with dashes,STATEMENT-LINES,N/A,0,0,NO,DISPLAY,,,,,STATEMENT-LINES,401,NO,,NO,,,,YES
CBSTM03A,FILLER-7,FIELD,X(80),ALPHANUMERIC,10,80,"Reserved placeholder field used for data structure alignment, padding, or holding constant values",ST-LINE5,X(80),80,0,NO,DISPLAY,,,,,STATEMENT-LINES,401,NO,,NO,ALL'-',,,YES
CBSTM03A,ST-LINE6,GROUP,N/A,GROUP,5,80,Statement section header for basic details,STATEMENT-LINES,N/A,0,0,NO,DISPLAY,,,,,STATEMENT-LINES,481,NO,,NO,,,,YES
CBSTM03A,FILLER-8,FIELD,X(33),ALPHANUMERIC,10,33,"Reserved placeholder field used for data structure alignment, padding, or holding constant values",ST-LINE6,X(33),33,0,NO,DISPLAY,,,,,STATEMENT-LINES,481,NO,,NO,SPACES,,,YES
CBSTM03A,FILLER-9,FIELD,X(14),ALPHANUMERIC,10,14,"Reserved placeholder field used for data structure alignment, padding, or holding constant values",ST-LINE6,X(14),14,0,NO,DISPLAY,,,,,STATEMENT-LINES,514,NO,,NO,'Basic Details',,,YES
CBSTM03A,FILLER-10,FIELD,X(33),ALPHANUMERIC,10,33,"Reserved placeholder field used for data structure alignment, padding, or holding constant values",ST-LINE6,X(33),33,0,NO,DISPLAY,,,,,STATEMENT-LINES,528,NO,,NO,SPACES,,,YES
CBSTM03A,ST-LINE7,GROUP,N/A,GROUP,5,80,Statement line containing account ID label and value,STATEMENT-LINES,N/A,0,0,NO,DISPLAY,,,,,STATEMENT-LINES,561,NO,,NO,,,,YES
CBSTM03A,FILLER-11,FIELD,X(20),ALPHANUMERIC,10,20,"Reserved placeholder field used for data structure alignment, padding, or holding constant values",ST-LINE7,X(20),20,0,NO,DISPLAY,,,,,STATEMENT-LINES,561,NO,,NO,'Account ID         :',,,YES
CBSTM03A,ST-ACCT-ID,FIELD,X(20),ALPHANUMERIC,10,20,Account identifier (PIC X(20)),ST-LINE7,X(20),20,0,NO,DISPLAY,,,,,STATEMENT-LINES,581,NO,,NO,,,,YES
CBSTM03A,FILLER-12,FIELD,X(40),ALPHANUMERIC,10,40,"Reserved placeholder field used for data structure alignment, padding, or holding constant values",ST-LINE7,X(40),40,0,NO,DISPLAY,,,,,STATEMENT-LINES,601,NO,,NO,SPACES,,,YES
CBSTM03A,ST-LINE8,GROUP,N/A,GROUP,5,73,Statement line containing current balance label and value,STATEMENT-LINES,N/A,0,0,NO,DISPLAY,,,,,STATEMENT-LINES,641,NO,,NO,,,,YES
CBSTM03A,FILLER-13,FIELD,X(20),ALPHANUMERIC,10,20,"Reserved placeholder field used for data structure alignment, padding, or holding constant values",ST-LINE8,X(20),20,0,NO,DISPLAY,,,,,STATEMENT-LINES,641,NO,,NO,'Current Balance    :',,,YES
CBSTM03A,ST-CURR-BAL,FIELD,9(9).99-,DECIMAL,10,6,Current account balance with sign and decimals (PIC 9(9).99-),ST-LINE8,9(9).99-,6,3,YES,DISPLAY,,,,,STATEMENT-LINES,661,NO,,NO,,,,YES
CBSTM03A,FILLER-14,FIELD,X(07),ALPHANUMERIC,10,7,"Reserved placeholder field used for data structure alignment, padding, or holding constant values",ST-LINE8,X(7),7,0,NO,DISPLAY,,,,,STATEMENT-LINES,667,NO,,NO,SPACES,,,YES
CBSTM03A,FILLER-15,FIELD,X(40),ALPHANUMERIC,10,40,"Reserved placeholder field used for data structure alignment, padding, or holding constant values",ST-LINE8,X(40),40,0,NO,DISPLAY,,,,,STATEMENT-LINES,674,NO,,NO,SPACES,,,YES
CBSTM03A,ST-LINE9,GROUP,N/A,GROUP,5,80,Statement line containing FICO score label and value,STATEMENT-LINES,N/A,0,0,NO,DISPLAY,,,,,STATEMENT-LINES,714,NO,,NO,,,,YES
CBSTM03A,FILLER-16,FIELD,X(20),ALPHANUMERIC,10,20,"Reserved placeholder field used for data structure alignment, padding, or holding constant values",ST-LINE9,X(20),20,0,NO,DISPLAY,,,,,STATEMENT-LINES,714,NO,,NO,'FICO Score         :',,,YES
CBSTM03A,ST-FICO-SCORE,FIELD,X(20),ALPHANUMERIC,10,20,FICO credit score value (PIC X(20)),ST-LINE9,X(20),20,0,NO,DISPLAY,,,,,STATEMENT-LINES,734,NO,,NO,,,,YES
CBSTM03A,FILLER-17,FIELD,X(40),ALPHANUMERIC,10,40,"Reserved placeholder field used for data structure alignment, padding, or holding constant values",ST-LINE9,X(40),40,0,NO,DISPLAY,,,,,STATEMENT-LINES,754,NO,,NO,SPACES,,,YES
CBSTM03A,ST-LINE10,GROUP,N/A,GROUP,5,80,Statement separator line with dashes,STATEMENT-LINES,N/A,0,0,NO,DISPLAY,,,,,STATEMENT-LINES,794,NO,,NO,,,,YES
CBSTM03A,FILLER-18,FIELD,X(80),ALPHANUMERIC,10,80,"Reserved placeholder field used for data structure alignment, padding, or holding constant values",ST-LINE10,X(80),80,0,NO,DISPLAY,,,,,STATEMENT-LINES,794,NO,,NO,ALL'-',,,YES
CBSTM03A,ST-LINE11,GROUP,N/A,GROUP,5,80,Statement section header for transaction summary,STATEMENT-LINES,N/A,0,0,NO,DISPLAY,,,,,STATEMENT-LINES,874,NO,,NO,,,,YES
CBSTM03A,FILLER-19,FIELD,X(30),ALPHANUMERIC,10,30,"Reserved placeholder field used for data structure alignment, padding, or holding constant values",ST-LINE11,X(30),30,0,NO,DISPLAY,,,,,STATEMENT-LINES,874,NO,,NO,SPACES,,,YES
CBSTM03A,FILLER-20,FIELD,X(20),ALPHANUMERIC,10,20,"Reserved placeholder field used for data structure alignment, padding, or holding constant values",ST-LINE11,X(20),20,0,NO,DISPLAY,,,,,STATEMENT-LINES,904,NO,,NO,'TRANSACTION SUMMARY ',,,YES
CBSTM03A,FILLER-21,FIELD,X(30),ALPHANUMERIC,10,30,"Reserved placeholder field used for data structure alignment, padding, or holding constant values",ST-LINE11,X(30),30,0,NO,DISPLAY,,,,,STATEMENT-LINES,924,NO,,NO,SPACES,,,YES
CBSTM03A,ST-LINE12,GROUP,N/A,GROUP,5,80,Statement separator line with dashes,STATEMENT-LINES,N/A,0,0,NO,DISPLAY,,,,,STATEMENT-LINES,954,NO,,NO,,,,YES
CBSTM03A,FILLER-22,FIELD,X(80),ALPHANUMERIC,10,80,"Reserved placeholder field used for data structure alignment, padding, or holding constant values",ST-LINE12,X(80),80,0,NO,DISPLAY,,,,,STATEMENT-LINES,954,NO,,NO,ALL'-',,,YES
CBSTM03A,ST-LINE13,GROUP,N/A,GROUP,5,80,Statement column header line for transaction details,STATEMENT-LINES,N/A,0,0,NO,DISPLAY,,,,,STATEMENT-LINES,1034,NO,,NO,,,,YES
CBSTM03A,FILLER-23,FIELD,X(16),ALPHANUMERIC,10,16,"Reserved placeholder field used for data structure alignment, padding, or holding constant values",ST-LINE13,X(16),16,0,NO,DISPLAY,,,,,STATEMENT-LINES,1034,NO,,NO,'Tran ID         ',,,YES
CBSTM03A,FILLER-24,FIELD,X(51),ALPHANUMERIC,10,51,"Reserved placeholder field used for data structure alignment, padding, or holding constant values",ST-LINE13,X(51),51,0,NO,DISPLAY,,,,,STATEMENT-LINES,1050,NO,,NO,'Tran Details    ',,,YES
CBSTM03A,FILLER-25,FIELD,X(13),ALPHANUMERIC,10,13,"Reserved placeholder field used for data structure alignment, padding, or holding constant values",ST-LINE13,X(13),13,0,NO,DISPLAY,,,,,STATEMENT-LINES,1101,NO,,NO,'  Tran Amount',,,YES
CBSTM03A,ST-LINE14,GROUP,N/A,GROUP,5,73,"Statement line containing transaction ID, details, and amount",STATEMENT-LINES,N/A,0,0,NO,DISPLAY,,,,,STATEMENT-LINES,1114,NO,,NO,,,,YES
CBSTM03A,ST-TRANID,FIELD,X(16),ALPHANUMERIC,10,16,Transaction identifier (PIC X(16)),ST-LINE14,X(16),16,0,NO,DISPLAY,,,,,STATEMENT-LINES,1114,NO,,NO,,,,YES
CBSTM03A,FILLER-26,FIELD,X(01),ALPHANUMERIC,10,1,"Reserved placeholder field used for data structure alignment, padding, or holding constant values",ST-LINE14,X,1,0,NO,DISPLAY,,,,,STATEMENT-LINES,1130,NO,,NO,' ',,,YES
CBSTM03A,ST-TRANDT,FIELD,X(49),ALPHANUMERIC,10,49,Transaction description details (PIC X(49)),ST-LINE14,X(49),49,0,NO,DISPLAY,,,,,STATEMENT-LINES,1131,NO,,NO,,,,YES
CBSTM03A,FILLER-27,FIELD,X(01),ALPHANUMERIC,10,1,"Reserved placeholder field used for data structure alignment, padding, or holding constant values",ST-LINE14,X,1,0,NO,DISPLAY,,,,,STATEMENT-LINES,1180,NO,,NO,'$',,,YES
CBSTM03A,ST-TRANAMT,FIELD,Z(9).99-,DECIMAL,10,6,Transaction amount with sign and decimals (PIC Z(9).99-),ST-LINE14,Z(9).99-,6,3,YES,DISPLAY,,,,,STATEMENT-LINES,1181,NO,,NO,,,,YES
CBSTM03A,ST-LINE14A,GROUP,N/A,GROUP,5,73,Statement line containing total expenses label and amount,STATEMENT-LINES,N/A,0,0,NO,DISPLAY,,,,,STATEMENT-LINES,1187,NO,,NO,,,,YES
CBSTM03A,FILLER-28,FIELD,X(10),ALPHANUMERIC,10,10,"Reserved placeholder field used for data structure alignment, padding, or holding constant values",ST-LINE14A,X(10),10,0,NO,DISPLAY,,,,,STATEMENT-LINES,1187,NO,,NO,'Total EXP:',,,YES
CBSTM03A,FILLER-29,FIELD,X(56),ALPHANUMERIC,10,56,"Reserved placeholder field used for data structure alignment, padding, or holding constant values",ST-LINE14A,X(56),56,0,NO,DISPLAY,,,,,STATEMENT-LINES,1197,NO,,NO,SPACES,,,YES
CBSTM03A,FILLER-30,FIELD,X(01),ALPHANUMERIC,10,1,"Reserved placeholder field used for data structure alignment, padding, or holding constant values",ST-LINE14A,X,1,0,NO,DISPLAY,,,,,STATEMENT-LINES,1253,NO,,NO,'$',,,YES
CBSTM03A,ST-TOTAL-TRAMT,FIELD,Z(9).99-,DECIMAL,10,6,Total transaction amount with sign and decimals (PIC Z(9).99-),ST-LINE14A,Z(9).99-,6,3,YES,DISPLAY,,,,,STATEMENT-LINES,1254,NO,,NO,,,,YES
CBSTM03A,ST-LINE15,GROUP,N/A,GROUP,5,80,Statement footer line with asterisk borders,STATEMENT-LINES,N/A,0,0,NO,DISPLAY,,,,,STATEMENT-LINES,1260,NO,,NO,,,,YES
CBSTM03A,FILLER-31,FIELD,X(32),ALPHANUMERIC,10,32,"Reserved placeholder field used for data structure alignment, padding, or holding constant values",ST-LINE15,X(32),32,0,NO,DISPLAY,,,,,STATEMENT-LINES,1260,NO,,NO,ALL'*',,,YES
CBSTM03A,FILLER-32,FIELD,X(16),ALPHANUMERIC,10,16,"Reserved placeholder field used for data structure alignment, padding, or holding constant values",ST-LINE15,X(16),16,0,NO,DISPLAY,,,,,STATEMENT-LINES,1292,NO,,NO,ALL'END OF STATEMENT',,,YES
CBSTM03A,FILLER-33,FIELD,X(32),ALPHANUMERIC,10,32,"Reserved placeholder field used for data structure alignment, padding, or holding constant values",ST-LINE15,X(32),32,0,NO,DISPLAY,,,,,STATEMENT-LINES,1308,NO,,NO,ALL'*',,,YES
CBSTM03A,HTML-LINES,RECORD,N/A,GROUP,1,100,Group containing HTML formatted output line structures,HTML-LINES,N/A,0,0,NO,DISPLAY,,,,,HTML-LINES,1,NO,,NO,,,,YES
CBSTM03A,HTML-FIXED-LN,FIELD,X(100),ALPHANUMERIC,5,100,Fixed HTML line content (PIC X(100)),HTML-LINES,X(100),100,0,NO,DISPLAY,,,,,HTML-LINES,1,NO,,NO,,,,YES
CBSTM03A,HTML-L01,CONDITION,N/A,DISPLAY,88,0,Condition: HTML DOCTYPE declaration (VALUE '<!DOCTYPE html>'),HTML-FIXED-LN,N/A,0,0,NO,DISPLAY,,,,,HTML-LINES,1,NO,,NO,,'<!DOCTYPE html>',,YES
CBSTM03A,HTML-L02,CONDITION,N/A,DISPLAY,88,0,"Condition: HTML language tag (VALUE '<html lang="", "">')",HTML-FIXED-LN,N/A,0,0,NO,DISPLAY,,,,,HTML-LINES,1,NO,,NO,,"'<html lang="", "">'",,YES
CBSTM03A,HTML-L03,CONDITION,N/A,DISPLAY,88,0,Condition: HTML head opening tag (VALUE '<head>'),HTML-FIXED-LN,N/A,0,0,NO,DISPLAY,,,,,HTML-LINES,1,NO,,NO,,'<head>',,YES
CBSTM03A,HTML-L04,CONDITION,N/A,DISPLAY,88,0,"Condition: HTML character set meta tag (VALUE '<meta charset="", "">')",HTML-FIXED-LN,N/A,0,0,NO,DISPLAY,,,,,HTML-LINES,1,NO,,NO,,"'<meta charset="", "">'",,YES
CBSTM03A,HTML-L05,CONDITION,N/A,DISPLAY,88,0,Condition: HTML title tag (VALUE '<title>HTML Table Layout</title>'),HTML-FIXED-LN,N/A,0,0,NO,DISPLAY,,,,,HTML-LINES,1,NO,,NO,,'<title>HTML Table Layout</title>',,YES
CBSTM03A,HTML-L06,CONDITION,N/A,DISPLAY,88,0,Condition: HTML head closing tag (VALUE '</head>'),HTML-FIXED-LN,N/A,0,0,NO,DISPLAY,,,,,HTML-LINES,1,NO,,NO,,'</head>',,YES
CBSTM03A,HTML-L07,CONDITION,N/A,DISPLAY,88,0,"Condition: HTML body opening tag with style (VALUE '<body style="", "">')",HTML-FIXED-LN,N/A,0,0,NO,DISPLAY,,,,,HTML-LINES,1,NO,,NO,,"'<body style="", "">'",,YES
CBSTM03A,HTML-L08,CONDITION,N/A,DISPLAY,88,0,"Condition: HTML table opening tag with alignment and styling (VALUE '<table  align="", "" frame="", "" styl')",HTML-FIXED-LN,N/A,0,0,NO,DISPLAY,,,,,HTML-LINES,1,NO,,NO,,"'<table  align="", "" frame="", "" styl', ""width:70%; font:12px Segoe UI,sans-serif;""",,YES
CBSTM03A,HTML-LTRS,CONDITION,N/A,DISPLAY,88,0,Condition: HTML table row opening tag (VALUE '<tr>'),HTML-FIXED-LN,N/A,0,0,NO,DISPLAY,,,,,HTML-LINES,1,NO,,NO,,'<tr>',,YES
CBSTM03A,HTML-LTRE,CONDITION,N/A,DISPLAY,88,0,Condition: HTML table row closing tag (VALUE '</tr>'),HTML-FIXED-LN,N/A,0,0,NO,DISPLAY,,,,,HTML-LINES,1,NO,,NO,,'</tr>',,YES
CBSTM03A,HTML-LTDS,CONDITION,N/A,DISPLAY,88,0,Condition: HTML table data opening tag (VALUE '<td>'),HTML-FIXED-LN,N/A,0,0,NO,DISPLAY,,,,,HTML-LINES,1,NO,,NO,,'<td>',,YES
CBSTM03A,HTML-LTDE,CONDITION,N/A,DISPLAY,88,0,Condition: HTML table data closing tag (VALUE '</td>'),HTML-FIXED-LN,N/A,0,0,NO,DISPLAY,,,,,HTML-LINES,1,NO,,NO,,'</td>',,YES
CBSTM03A,HTML-L10,CONDITION,N/A,DISPLAY,88,0,"Condition: HTML table data with colspan and dark blue background (VALUE '<td colspan="", "" style="", ')",HTML-FIXED-LN,N/A,0,0,NO,DISPLAY,,,,,HTML-LINES,1,NO,,NO,,"'<td colspan="", "" style="", 'background-color:#1d1d96b3;""",,YES
CBSTM03A,d1d96b3,RECORD,N/A,GROUP,1,435,Record d1d96b3,d1d96b3,N/A,0,0,NO,DISPLAY,,,,,d1d96b3,1,NO,,NO,,,,YES
CBSTM03A,HTML-L15,CONDITION,N/A,DISPLAY,88,0,"Condition: HTML table data with colspan and orange background (VALUE '<td colspan="", "" style="", ')",d1d96b3,N/A,0,0,NO,DISPLAY,,,,,d1d96b3,1,NO,,NO,,"'<td colspan="", "" style="", 'background-color:#FFAF33;""",,YES
CBSTM03A,HTML-L16,CONDITION,N/A,DISPLAY,88,0,"Condition: HTML paragraph with bank name (VALUE '<p style="", "">Bank of XYZ</p>')",d1d96b3,N/A,0,0,NO,DISPLAY,,,,,d1d96b3,1,NO,,NO,,"'<p style="", "">Bank of XYZ</p>'",,YES
CBSTM03A,HTML-L17,CONDITION,N/A,DISPLAY,88,0,Condition: HTML paragraph with street address (VALUE '<p>410 Terry Ave N</p>'),d1d96b3,N/A,0,0,NO,DISPLAY,,,,,d1d96b3,1,NO,,NO,,'<p>410 Terry Ave N</p>',,YES
CBSTM03A,HTML-L18,CONDITION,N/A,DISPLAY,88,0,Condition: HTML paragraph with city state zip (VALUE '<p>Seattle WA 99999</p>'),d1d96b3,N/A,0,0,NO,DISPLAY,,,,,d1d96b3,1,NO,,NO,,'<p>Seattle WA 99999</p>',,YES
CBSTM03A,HTML-L22-35,CONDITION,N/A,DISPLAY,88,0,"Condition: HTML table data with colspan and light gray background (VALUE '<td colspan="", "" style="", ')",d1d96b3,N/A,0,0,NO,DISPLAY,,,,,d1d96b3,1,NO,,NO,,"'<td colspan="", "" style="", 'background-color:#f2f2f2;""",,YES
CBSTM03A,HTML-L30-42,CONDITION,N/A,DISPLAY,88,0,"Condition: HTML table data with colspan and cyan background centered (VALUE '<td colspan="", "" style="", ')",d1d96b3,N/A,0,0,NO,DISPLAY,,,,,d1d96b3,1,NO,,NO,,"'<td colspan="", "" style="", 'background-color:#33FFD1; text-align:center;""",,YES
CBSTM03A,FFD1,GROUP,N/A,GROUP,33,0,Elementary field FFD1,d1d96b3,N/A,0,0,NO,DISPLAY,,,,,d1d96b3,1,NO,,NO,,,,YES
CBSTM03A,HTML-L31,CONDITION,N/A,DISPLAY,88,0,"Condition: HTML paragraph with basic details header (VALUE '<p style="", "">Basic Details</p>')",FFD1,N/A,0,0,NO,DISPLAY,,,,,d1d96b3,1,NO,,NO,,"'<p style="", "">Basic Details</p>'",,YES
CBSTM03A,HTML-L43,CONDITION,N/A,DISPLAY,88,0,"Condition: HTML paragraph with transaction summary header (VALUE '<p style="", "">Transaction Summary</p>')",FFD1,N/A,0,0,NO,DISPLAY,,,,,d1d96b3,1,NO,,NO,,"'<p style="", "">Transaction Summary</p>'",,YES
CBSTM03A,HTML-L47,CONDITION,N/A,DISPLAY,88,0,"Condition: HTML table data with green text left aligned (VALUE '<td style="", ')",FFD1,N/A,0,0,NO,DISPLAY,,,,,d1d96b3,1,NO,,NO,,"'<td style="", 'color:#33FF5E; text-align:left;""",,YES
CBSTM03A,FF5E,GROUP,N/A,GROUP,33,0,Elementary field FF5E,d1d96b3,N/A,0,0,NO,DISPLAY,,,,,d1d96b3,1,NO,,NO,,,,YES
CBSTM03A,HTML-L48,CONDITION,N/A,DISPLAY,88,0,"Condition: HTML paragraph with transaction ID header (VALUE '<p style="", "">Tran ID</p>')",FF5E,N/A,0,0,NO,DISPLAY,,,,,d1d96b3,1,NO,,NO,,"'<p style="", "">Tran ID</p>'",,YES
CBSTM03A,HTML-L50,CONDITION,N/A,DISPLAY,88,0,"Condition: HTML table data with green text left aligned (VALUE '<td style="", ')",FF5E,N/A,0,0,NO,DISPLAY,,,,,d1d96b3,1,NO,,NO,,"'<td style="", 'color:#33FF5E; text-align:left;""",,YES
CBSTM03A,HTML-L51,CONDITION,N/A,DISPLAY,88,0,"Condition: HTML paragraph with transaction details header (VALUE '<p style="", "">Tran Details</p>')",FF5E,N/A,0,0,NO,DISPLAY,,,,,d1d96b3,1,NO,,NO,,"'<p style="", "">Tran Details</p>'",,YES
CBSTM03A,HTML-L53,CONDITION,N/A,DISPLAY,88,0,"Condition: HTML table data with green text right aligned (VALUE '<td style="", ')",FF5E,N/A,0,0,NO,DISPLAY,,,,,d1d96b3,1,NO,,NO,,"'<td style="", 'color:#33FF5E; text-align:right;""",,YES
CBSTM03A,HTML-L54,CONDITION,N/A,DISPLAY,88,0,"Condition: HTML paragraph with amount header (VALUE '<p style="", "">Amount</p>')",FF5E,N/A,0,0,NO,DISPLAY,,,,,d1d96b3,1,NO,,NO,,"'<p style="", "">Amount</p>'",,YES
CBSTM03A,HTML-L58,CONDITION,N/A,DISPLAY,88,0,"Condition: HTML table data with light gray text left aligned (VALUE '<td style="", ')",FF5E,N/A,0,0,NO,DISPLAY,,,,,d1d96b3,1,NO,,NO,,"'<td style="", 'color:#f2f2f2; text-align:left;""",,YES
CBSTM03A,HTML-L61,CONDITION,N/A,DISPLAY,88,0,"Condition: HTML table data with light gray text left aligned (VALUE '<td style="", ')",FF5E,N/A,0,0,NO,DISPLAY,,,,,d1d96b3,1,NO,,NO,,"'<td style="", 'color:#f2f2f2; text-align:left;""",,YES
CBSTM03A,HTML-L64,CONDITION,N/A,DISPLAY,88,0,"Condition: HTML table data with light gray text right aligned (VALUE '<td style="", ')",FF5E,N/A,0,0,NO,DISPLAY,,,,,d1d96b3,1,NO,,NO,,"'<td style="", 'color:#f2f2f2; text-align:right;""",,YES
CBSTM03A,HTML-L75,CONDITION,N/A,DISPLAY,88,0,Condition: HTML heading 3 end of statement (VALUE '<h3>End of Statement</h3>'),FF5E,N/A,0,0,NO,DISPLAY,,,,,d1d96b3,1,NO,,NO,,'<h3>End of Statement</h3>',,YES
CBSTM03A,HTML-L78,CONDITION,N/A,DISPLAY,88,0,Condition: HTML table closing tag (VALUE '</table>'),FF5E,N/A,0,0,NO,DISPLAY,,,,,d1d96b3,1,NO,,NO,,'</table>',,YES
CBSTM03A,HTML-L79,CONDITION,N/A,DISPLAY,88,0,Condition: HTML body closing tag (VALUE '</body>'),FF5E,N/A,0,0,NO,DISPLAY,,,,,d1d96b3,1,NO,,NO,,'</body>',,YES
CBSTM03A,HTML-L80,CONDITION,N/A,DISPLAY,88,0,Condition: HTML closing tag (VALUE '</html>'),FF5E,N/A,0,0,NO,DISPLAY,,,,,d1d96b3,1,NO,,NO,,'</html>',,YES
CBSTM03A,HTML-L11,GROUP,N/A,GROUP,5,59,HTML line containing statement header with account number,d1d96b3,N/A,0,0,NO,DISPLAY,,,,,d1d96b3,1,NO,,NO,,,,YES
CBSTM03A,FILLER-34,FIELD,X(34),ALPHANUMERIC,10,34,"Reserved placeholder field used for data structure alignment, padding, or holding constant values",HTML-L11,X(34),34,0,NO,DISPLAY,,,,,d1d96b3,1,NO,,NO,'<h3>Statement for Account Number: ',,,YES
CBSTM03A,L11-ACCT,FIELD,X(20),ALPHANUMERIC,10,20,Account number for HTML statement header (PIC X(20)),HTML-L11,X(20),20,0,NO,DISPLAY,,,,,d1d96b3,35,NO,,NO,,,,YES
CBSTM03A,FILLER-35,FIELD,X(05),ALPHANUMERIC,10,5,"Reserved placeholder field used for data structure alignment, padding, or holding constant values",HTML-L11,X(5),5,0,NO,DISPLAY,,,,,d1d96b3,55,NO,,NO,'</h3>',,,YES
CBSTM03A,HTML-L23,GROUP,N/A,GROUP,5,76,HTML line containing customer name with font styling,d1d96b3,N/A,0,0,NO,DISPLAY,,,,,d1d96b3,60,NO,,NO,,,,YES
CBSTM03A,FILLER-36,FIELD,X(26),ALPHANUMERIC,10,26,"Reserved placeholder field used for data structure alignment, padding, or holding constant values",HTML-L23,X(26),26,0,NO,DISPLAY,,,,,d1d96b3,60,NO,,NO,"'<p style=""font-size:16px"">'",,,YES
CBSTM03A,L23-NAME,FIELD,X(50),ALPHANUMERIC,10,50,Customer name for HTML output (PIC X(50)),HTML-L23,X(50),50,0,NO,DISPLAY,,,,,d1d96b3,86,NO,,NO,,,,YES
CBSTM03A,HTML-ADDR-LN,FIELD,X(100),ALPHANUMERIC,5,100,HTML formatted address line (PIC X(100)),d1d96b3,X(100),100,0,NO,DISPLAY,,,,,d1d96b3,136,NO,,NO,,,,YES
CBSTM03A,HTML-BSIC-LN,FIELD,X(100),ALPHANUMERIC,5,100,HTML formatted basic details line (PIC X(100)),d1d96b3,X(100),100,0,NO,DISPLAY,,,,,d1d96b3,236,NO,,NO,,,,YES
CBSTM03A,HTML-TRAN-LN,FIELD,X(100),ALPHANUMERIC,5,100,HTML formatted transaction line (PIC X(100)),d1d96b3,X(100),100,0,NO,DISPLAY,,,,,d1d96b3,336,NO,,NO,,,,YES
CBSTM03A,WS-TRNX-TABLE,RECORD,N/A,GROUP,1,171156,Group containing transaction table with card and transaction occurrences,WS-TRNX-TABLE,N/A,0,0,NO,DISPLAY,,,,,WS-TRNX-TABLE,1,NO,,NO,,,,YES
CBSTM03A,WS-CARD-TBL,GROUP,N/A,GROUP,5,3356,Card table with 51 occurrences (OCCURS 51),WS-TRNX-TABLE,N/A,0,0,NO,DISPLAY,51,51,,,WS-TRNX-TABLE,1,NO,,NO,,,,YES
CBSTM03A,WS-CARD-NUM,FIELD,X(16),ALPHANUMERIC,10,16,Card number identifier (PIC X(16)),WS-CARD-TBL,X(16),16,0,NO,DISPLAY,,,,,WS-TRNX-TABLE,1,NO,,NO,,,,YES
CBSTM03A,WS-TRAN-TBL,GROUP,N/A,GROUP,10,334,Transaction table with 10 occurrences per card (OCCURS 10),WS-CARD-TBL,N/A,0,0,NO,DISPLAY,10,10,,,WS-TRNX-TABLE,17,NO,,NO,,,,YES
CBSTM03A,WS-TRAN-NUM,FIELD,X(16),ALPHANUMERIC,15,16,Transaction number identifier (PIC X(16)),WS-TRAN-TBL,X(16),16,0,NO,DISPLAY,,,,,WS-TRNX-TABLE,17,NO,,NO,,,,YES
CBSTM03A,WS-TRAN-REST,FIELD,X(318),ALPHANUMERIC,15,318,Transaction remaining data area (PIC X(318)),WS-TRAN-TBL,X(318),318,0,NO,DISPLAY,,,,,WS-TRNX-TABLE,33,NO,,NO,,,,YES
CBSTM03A,WS-TRN-TBL-CNTR,RECORD,N/A,GROUP,1,102,Group containing transaction table counters,WS-TRN-TBL-CNTR,N/A,0,0,NO,DISPLAY,,,,,WS-TRN-TBL-CNTR,1,NO,,NO,,,,YES
CBSTM03A,WS-TRN-TBL-CTR,GROUP,N/A,GROUP,5,2,Transaction table counter with 51 occurrences (OCCURS 51),WS-TRN-TBL-CNTR,N/A,0,0,NO,DISPLAY,51,51,,,WS-TRN-TBL-CNTR,1,NO,,NO,,,,YES
CBSTM03A,WS-TRCT,FIELD,S9(4) COMP,BINARY,10,2,Transaction count for card (PIC S9(4) COMP),WS-TRN-TBL-CTR,'+/-9999,5,0,YES,COMP,,,,,WS-TRN-TBL-CNTR,1,NO,,NO,,,,YES
CBSTM03A,PSAPTR,RECORD,N/A,GROUP,1,0,"PSA pointer for system control block access (PIC S9(08) BINARY, VALUE ZERO)",PSAPTR,N/A,0,0,NO,POINTER,,,,,PSAPTR,1,NO,,NO,,,,YES
CBSTM03A,BUMP-TIOT,FIELD,S9(08) BINARY,BINARY,1,4,"TIOT index bump value (PIC S9(08) BINARY, VALUE ZERO)",BUMP-TIOT,'+/-99999999,9,0,YES,BINARY,,,,,BUMP-TIOT,1,NO,,NO,ZERO,,,YES
CBSTM03A,TIOT-INDEX,RECORD,N/A,GROUP,1,0,TIOT index redefining BUMP-TIOT (REDEFINES BUMP-TIOT),TIOT-INDEX,N/A,0,0,NO,POINTER,,,,BUMP-TIOT,TIOT-INDEX,1,NO,,NO,,,,YES
CBSTM03A,ALIGN-PSA,FIELD,9(16) BINARY,BINARY,1,8,PSA alignment field (PIC 9(16) BINARY),ALIGN-PSA,9999999999999999,16,0,NO,BINARY,,,,,ALIGN-PSA,1,NO,,NO,,,,YES
CBSTM03A,PSA-BLOCK,RECORD,N/A,GROUP,1,536,Group containing PSA system control block structure,PSA-BLOCK,N/A,0,0,NO,DISPLAY,,,,,PSA-BLOCK,1,NO,,NO,,,,YES
CBSTM03A,FILLER-37,FIELD,X(536),ALPHANUMERIC,5,536,"Reserved placeholder field used for data structure alignment, padding, or holding constant values",PSA-BLOCK,X(536),536,0,NO,DISPLAY,,,,,PSA-BLOCK,1,NO,,NO,,,,YES
CBSTM03A,TCB-POINT,FIELD,N/A,DISPLAY,5,0,Task control block pointer within PSA (PIC X(12)),PSA-BLOCK,N/A,0,0,NO,POINTER,,,,,PSA-BLOCK,537,NO,,NO,,,,YES
CBSTM03A,TCB-BLOCK,RECORD,N/A,GROUP,1,12,Group containing task control block structure,TCB-BLOCK,N/A,0,0,NO,DISPLAY,,,,,TCB-BLOCK,1,NO,,NO,,,,YES
CBSTM03A,FILLER-38,FIELD,X(12),ALPHANUMERIC,5,12,"Reserved placeholder field used for data structure alignment, padding, or holding constant values",TCB-BLOCK,X(12),12,0,NO,DISPLAY,,,,,TCB-BLOCK,1,NO,,NO,,,,YES
CBSTM03A,TIOT-POINT,FIELD,N/A,DISPLAY,5,0,TIOT pointer within TCB (PIC X(12)),TCB-BLOCK,N/A,0,0,NO,POINTER,,,,,TCB-BLOCK,13,NO,,NO,,,,YES
CBSTM03A,TIOT-BLOCK,RECORD,N/A,GROUP,1,24,Group containing TIOT system structure,TIOT-BLOCK,N/A,0,0,NO,DISPLAY,,,,,TIOT-BLOCK,1,NO,,NO,,,,YES
CBSTM03A,TIOTNJOB,FIELD,X(08),ALPHANUMERIC,5,8,TIOT job name field (PIC X(08)),TIOT-BLOCK,X(8),8,0,NO,DISPLAY,,,,,TIOT-BLOCK,1,NO,,NO,,,,YES
CBSTM03A,TIOTJSTP,FIELD,X(08),ALPHANUMERIC,5,8,TIOT job step field (PIC X(08)),TIOT-BLOCK,X(8),8,0,NO,DISPLAY,,,,,TIOT-BLOCK,9,NO,,NO,,,,YES
CBSTM03A,TIOTPSTP,FIELD,X(08),ALPHANUMERIC,5,8,TIOT procedure step field (PIC X(08)),TIOT-BLOCK,X(8),8,0,NO,DISPLAY,,,,,TIOT-BLOCK,17,NO,,NO,,,,YES
CBSTM03A,TIOT-ENTRY,RECORD,N/A,GROUP,1,24,Group containing TIOT entry segment structure,TIOT-ENTRY,N/A,0,0,NO,DISPLAY,,,,,TIOT-ENTRY,1,NO,,NO,,,,YES
CBSTM03A,TIOT-SEG,GROUP,N/A,GROUP,5,20,TIOT segment information group,TIOT-ENTRY,N/A,0,0,NO,DISPLAY,,,,,TIOT-ENTRY,1,NO,,NO,,,,YES
CBSTM03A,TIO-LEN,FIELD,X(01),ALPHANUMERIC,10,1,TIOT entry length (PIC X(01)),TIOT-SEG,X,1,0,NO,DISPLAY,,,,,TIOT-ENTRY,1,NO,,NO,,,,YES
CBSTM03A,FILLER-39,FIELD,X(03),ALPHANUMERIC,10,3,"Reserved placeholder field used for data structure alignment, padding, or holding constant values",TIOT-SEG,X(3),3,0,NO,DISPLAY,,,,,TIOT-ENTRY,2,NO,,NO,,,,YES
CBSTM03A,TIOCDDNM,FIELD,X(08),ALPHANUMERIC,10,8,TIOT dataset name (PIC X(08)),TIOT-SEG,X(8),8,0,NO,DISPLAY,,,,,TIOT-ENTRY,5,NO,,NO,,,,YES
CBSTM03A,FILLER-40,FIELD,X(05),ALPHANUMERIC,10,5,"Reserved placeholder field used for data structure alignment, padding, or holding constant values",TIOT-SEG,X(5),5,0,NO,DISPLAY,,,,,TIOT-ENTRY,13,NO,,NO,,,,YES
CBSTM03A,UCB-ADDR,FIELD,X(03),ALPHANUMERIC,10,3,Unit control block address (PIC X(03)),TIOT-SEG,X(3),3,0,NO,DISPLAY,,,,,TIOT-ENTRY,18,NO,,NO,,,,YES
CBSTM03A,NULL-UCB,CONDITION,N/A,DISPLAY,88,0,Condition: unit control block is null (VALUE LOW-VALUES),UCB-ADDR,N/A,0,0,NO,DISPLAY,,,,,TIOT-ENTRY,18,NO,,NO,,LOW-VALUES,,YES
CBSTM03A,FILLER-41,FIELD,X(04),ALPHANUMERIC,5,4,"Reserved placeholder field used for data structure alignment, padding, or holding constant values",TIOT-ENTRY,X(4),4,0,NO,DISPLAY,,,,,TIOT-ENTRY,21,NO,,NO,,,,YES
CBSTM03A,END-OF-TIOT,CONDITION,N/A,DISPLAY,88,0,Condition: end of TIOT table reached (VALUE LOW-VALUES),FILLER-41,N/A,0,0,NO,DISPLAY,,,,,TIOT-ENTRY,21,NO,,NO,,LOW-VALUES,,YES
COCRDLIC,WS-MISC-STORAGE,RECORD,N/A,GROUP,1,784,Miscellaneous working storage variables group,WS-MISC-STORAGE,N/A,0,0,NO,DISPLAY,,,,,WS-MISC-STORAGE,1,NO,,NO,,,,YES
COCRDLIC,WS-CICS-PROCESSNG-VARS,GROUP,N/A,GROUP,5,12,CICS processing variables group,WS-MISC-STORAGE,N/A,0,0,NO,DISPLAY,,,,,WS-MISC-STORAGE,1,NO,,NO,,,,YES
COCRDLIC,WS-RESP-CD,FIELD,S9(09) COMP,BINARY,7,4,"CICS response code for API calls (USAGE COMP, signed 9 digits)",WS-CICS-PROCESSNG-VARS,'+/-999999999,10,0,YES,COMP,,,,,WS-MISC-STORAGE,1,NO,,NO,ZEROS,,,YES
COCRDLIC,WS-REAS-CD,FIELD,S9(09) COMP,BINARY,7,4,"CICS reason code for API calls (USAGE COMP, signed 9 digits)",WS-CICS-PROCESSNG-VARS,'+/-999999999,10,0,YES,COMP,,,,,WS-MISC-STORAGE,5,NO,,NO,ZEROS,,,YES
COCRDLIC,WS-TRANID,FIELD,X(4),ALPHANUMERIC,7,4,"CICS transaction identifier (4 character alphanumeric, VALUE SPACES)",WS-CICS-PROCESSNG-VARS,X(4),4,0,NO,DISPLAY,,,,,WS-MISC-STORAGE,9,NO,,NO,SPACES,,,YES
COCRDLIC,WS-INPUT-FLAG,FIELD,X(1),ALPHANUMERIC,5,1,Input validation status flag (1 character alphanumeric),WS-MISC-STORAGE,X,1,0,NO,DISPLAY,,,,,WS-MISC-STORAGE,13,NO,,NO,,,,YES
COCRDLIC,INPUT-OK,CONDITION,N/A,DISPLAY,88,0,Condition: input validation passed (VALUE '0' or SPACE),WS-INPUT-FLAG,N/A,0,0,NO,DISPLAY,,,,,WS-MISC-STORAGE,13,NO,,NO,,"'0', ' '",,YES
COCRDLIC,INPUT-ERROR,CONDITION,N/A,DISPLAY,88,0,Condition: input validation failed (VALUE '1'),WS-INPUT-FLAG,N/A,0,0,NO,DISPLAY,,,,,WS-MISC-STORAGE,13,NO,,NO,,'1',,YES
COCRDLIC,WS-EDIT-ACCT-FLAG,FIELD,X(1),ALPHANUMERIC,5,1,Account filter validation status flag (1 character alphanumeric),WS-MISC-STORAGE,X,1,0,NO,DISPLAY,,,,,WS-MISC-STORAGE,14,NO,,NO,,,,YES
COCRDLIC,FLG-ACCTFILTER-NOT-OK,CONDITION,N/A,DISPLAY,88,0,Condition: account filter validation failed (VALUE '0'),WS-EDIT-ACCT-FLAG,N/A,0,0,NO,DISPLAY,,,,,WS-MISC-STORAGE,14,NO,,NO,,'0',,YES
COCRDLIC,FLG-ACCTFILTER-ISVALID,CONDITION,N/A,DISPLAY,88,0,Condition: account filter validation passed (VALUE '1'),WS-EDIT-ACCT-FLAG,N/A,0,0,NO,DISPLAY,,,,,WS-MISC-STORAGE,14,NO,,NO,,'1',,YES
COCRDLIC,FLG-ACCTFILTER-BLANK,CONDITION,N/A,DISPLAY,88,0,Condition: account filter flag is blank (VALUE SPACE),WS-EDIT-ACCT-FLAG,N/A,0,0,NO,DISPLAY,,,,,WS-MISC-STORAGE,14,NO,,NO,,' ',,YES
COCRDLIC,WS-EDIT-CARD-FLAG,FIELD,X(1),ALPHANUMERIC,5,1,Card filter validation status flag (1 character alphanumeric),WS-MISC-STORAGE,X,1,0,NO,DISPLAY,,,,,WS-MISC-STORAGE,15,NO,,NO,,,,YES
COCRDLIC,FLG-CARDFILTER-NOT-OK,CONDITION,N/A,DISPLAY,88,0,Condition: card filter validation failed (VALUE '0'),WS-EDIT-CARD-FLAG,N/A,0,0,NO,DISPLAY,,,,,WS-MISC-STORAGE,15,NO,,NO,,'0',,YES
COCRDLIC,FLG-CARDFILTER-ISVALID,CONDITION,N/A,DISPLAY,88,0,Condition: card filter validation passed (VALUE '1'),WS-EDIT-CARD-FLAG,N/A,0,0,NO,DISPLAY,,,,,WS-MISC-STORAGE,15,NO,,NO,,'1',,YES
COCRDLIC,FLG-CARDFILTER-BLANK,CONDITION,N/A,DISPLAY,88,0,Condition: card filter flag is blank (VALUE SPACE),WS-EDIT-CARD-FLAG,N/A,0,0,NO,DISPLAY,,,,,WS-MISC-STORAGE,15,NO,,NO,,' ',,YES
COCRDLIC,WS-EDIT-SELECT-COUNTER,FIELD,S9(04) COMP-3,PACKED,5,3,"Counter for number of selected items (USAGE COMP-3, signed 4 digits, VALUE 0)",WS-MISC-STORAGE,'+/-9999,5,0,YES,COMP-3,,,,,WS-MISC-STORAGE,16,NO,,NO,0,,,YES
COCRDLIC,WS-EDIT-SELECT-FLAGS,FIELD,X(7),ALPHANUMERIC,5,7,"Selection status flags string (7 character alphanumeric, VALUE LOW-VALUES)",WS-MISC-STORAGE,X(7),7,0,NO,DISPLAY,,,,,WS-MISC-STORAGE,19,NO,,NO,LOW-S,,,YES
COCRDLIC,WS-EDIT-SELECT-ARRAY,GROUP,N/A,GROUP,5,7,Selection status flags array (REDEFINES WS-EDIT-SELECT-FLAGS),WS-MISC-STORAGE,N/A,0,0,NO,DISPLAY,,,,WS-EDIT-SELECT-FLAGS,WS-MISC-STORAGE,19,NO,,NO,,,,YES
COCRDLIC,WS-EDIT-SELECT,FIELD,X(1),ALPHANUMERIC,10,1,"Individual selection status flag (OCCURS 7, 1 character alphanumeric)",WS-EDIT-SELECT-ARRAY,X,1,0,NO,DISPLAY,7,7,,,WS-MISC-STORAGE,19,NO,,NO,,,,YES
COCRDLIC,SELECT-OK,CONDITION,N/A,DISPLAY,88,0,Condition: selection is valid for view or update (VALUE 'S' or 'U'),WS-EDIT-SELECT,N/A,0,0,NO,DISPLAY,,,,,WS-MISC-STORAGE,19,NO,,NO,,"'S', 'U'",,YES
COCRDLIC,VIEW-REQUESTED-ON,CONDITION,N/A,DISPLAY,88,0,Condition: view detail requested for this row (VALUE 'S'),WS-EDIT-SELECT,N/A,0,0,NO,DISPLAY,,,,,WS-MISC-STORAGE,19,NO,,NO,,'S',,YES
COCRDLIC,UPDATE-REQUESTED-ON,CONDITION,N/A,DISPLAY,88,0,Condition: update requested for this row (VALUE 'U'),WS-EDIT-SELECT,N/A,0,0,NO,DISPLAY,,,,,WS-MISC-STORAGE,19,NO,,NO,,'U',,YES
COCRDLIC,SELECT-BLANK,CONDITION,N/A,DISPLAY,88,0,Condition: selection flag is blank (VALUE SPACE),WS-EDIT-SELECT,N/A,0,0,NO,DISPLAY,,,,,WS-MISC-STORAGE,19,NO,,NO,,' ',,YES
COCRDLIC,WS-EDIT-SELECT-ERROR-FLAGS,FIELD,X(7),ALPHANUMERIC,5,7,Selection error status flags string (7 character alphanumeric),WS-MISC-STORAGE,X(7),7,0,NO,DISPLAY,,,,,WS-MISC-STORAGE,26,NO,,NO,,,,YES
COCRDLIC,WS-EDIT-SELECT-ERROR-FLAGX,GROUP,N/A,GROUP,5,7,Selection error status flags array (REDEFINES WS-EDIT-SELECT-ERROR-FLAGS),WS-MISC-STORAGE,N/A,0,0,NO,DISPLAY,,,,WS-EDIT-SELECT-ERROR-FLAGS,WS-MISC-STORAGE,26,NO,,NO,,,,YES
COCRDLIC,WS-EDIT-SELECT-ERRORS,GROUP,N/A,GROUP,10,1,Selection error status group (OCCURS 7),WS-EDIT-SELECT-ERROR-FLAGX,N/A,0,0,NO,DISPLAY,7,7,,,WS-MISC-STORAGE,26,NO,,NO,,,,YES
COCRDLIC,WS-ROW-CRDSELECT-ERROR,FIELD,X(1),ALPHANUMERIC,20,1,Row card selection error indicator (1 character alphanumeric),WS-EDIT-SELECT-ERRORS,X,1,0,NO,DISPLAY,,,,,WS-MISC-STORAGE,26,NO,,NO,,,,YES
COCRDLIC,WS-ROW-SELECT-ERROR,CONDITION,N/A,DISPLAY,88,0,Condition: row selection error detected (VALUE '1'),WS-ROW-CRDSELECT-ERROR,N/A,0,0,NO,DISPLAY,,,,,WS-MISC-STORAGE,26,NO,,NO,,'1',,YES
COCRDLIC,WS-SUBSCRIPT-VARS,GROUP,N/A,GROUP,5,4,Subscript and loop counter variables group,WS-MISC-STORAGE,N/A,0,0,NO,DISPLAY,,,,,WS-MISC-STORAGE,33,NO,,NO,,,,YES
COCRDLIC,I,FIELD,S9(4) COMP,BINARY,10,2,"General purpose loop counter (USAGE COMP, signed 4 digits, VALUE 0)",WS-SUBSCRIPT-VARS,'+/-9999,5,0,YES,COMP,,,,,WS-MISC-STORAGE,33,NO,,NO,0,,,YES
COCRDLIC,I-SELECTED,FIELD,S9(4) COMP,BINARY,10,2,"Selected item index counter (USAGE COMP, signed 4 digits, VALUE 0)",WS-SUBSCRIPT-VARS,'+/-9999,5,0,YES,COMP,,,,,WS-MISC-STORAGE,35,NO,,NO,0,,,YES
COCRDLIC,DETAIL-WAS-REQUESTED,CONDITION,N/A,DISPLAY,88,0,Condition: detail record was requested by user,I-SELECTED,N/A,0,0,NO,DISPLAY,,,,,WS-MISC-STORAGE,35,NO,,NO,,,1 THROUGH 7,YES
COCRDLIC,CICS-OUTPUT-EDIT-VARS,GROUP,N/A,GROUP,5,15,CICS output editing variables group,WS-MISC-STORAGE,N/A,0,0,NO,DISPLAY,,,,,WS-MISC-STORAGE,37,NO,,NO,,,,YES
COCRDLIC,CARD-ACCT-ID-X,FIELD,X(11),ALPHANUMERIC,10,11,Card account identifier as alphanumeric (11 character alphanumeric),CICS-OUTPUT-EDIT-VARS,X(11),11,0,NO,DISPLAY,,,,,WS-MISC-STORAGE,37,NO,,NO,,,,YES
COCRDLIC,CARD-ACCT-ID-N,FIELD,9(11),NUMERIC,10,11,"Card account identifier as numeric (REDEFINES CARD-ACCT-ID-X, 11 digit numeric)",CICS-OUTPUT-EDIT-VARS,99999999999,11,0,NO,DISPLAY,,,,CARD-ACCT-ID-X,WS-MISC-STORAGE,37,NO,,NO,,,,YES
COCRDLIC,CARD-CVV-CD-X,FIELD,X(03),ALPHANUMERIC,10,3,Card CVV code as alphanumeric (3 character alphanumeric),CICS-OUTPUT-EDIT-VARS,X(3),3,0,NO,DISPLAY,,,,,WS-MISC-STORAGE,48,NO,,NO,,,,YES
COCRDLIC,CARD-CVV-CD-N,FIELD,9(03),NUMERIC,10,3,"Card CVV code as numeric (REDEFINES CARD-CVV-CD-X, 3 digit numeric)",CICS-OUTPUT-EDIT-VARS,999,3,0,NO,DISPLAY,,,,CARD-CVV-CD-X,WS-MISC-STORAGE,48,NO,,NO,,,,YES
COCRDLIC,FLG-PROTECT-SELECT-ROWS,FIELD,X(1),ALPHANUMERIC,10,1,Flag to protect selection rows from user modification (1 character alphanumeric),CICS-OUTPUT-EDIT-VARS,X,1,0,NO,DISPLAY,,,,,WS-MISC-STORAGE,51,NO,,NO,,,,YES
COCRDLIC,FLG-PROTECT-SELECT-ROWS-NO,CONDITION,N/A,DISPLAY,88,0,Condition: selection rows are not protected (VALUE '0'),FLG-PROTECT-SELECT-ROWS,N/A,0,0,NO,DISPLAY,,,,,WS-MISC-STORAGE,51,NO,,NO,,'0',,YES
COCRDLIC,FLG-PROTECT-SELECT-ROWS-YES,CONDITION,N/A,DISPLAY,88,0,Condition: selection rows are protected (VALUE '1'),FLG-PROTECT-SELECT-ROWS,N/A,0,0,NO,DISPLAY,,,,,WS-MISC-STORAGE,51,NO,,NO,,'1',,YES
COCRDLIC,WS-LONG-MSG,FIELD,X(500),ALPHANUMERIC,5,500,Long message text buffer (500 character alphanumeric),WS-MISC-STORAGE,X(500),500,0,NO,DISPLAY,,,,,WS-MISC-STORAGE,52,NO,,NO,,,,YES
COCRDLIC,WS-INFO-MSG,FIELD,X(45),ALPHANUMERIC,5,45,Information message text (45 character alphanumeric),WS-MISC-STORAGE,X(45),45,0,NO,DISPLAY,,,,,WS-MISC-STORAGE,552,NO,,NO,,,,YES
COCRDLIC,WS-NO-INFO-MESSAGE,CONDITION,N/A,DISPLAY,88,0,Condition: no information message to display (VALUE SPACES or LOW-VALUES),WS-INFO-MSG,N/A,0,0,NO,DISPLAY,,,,,WS-MISC-STORAGE,552,NO,,NO,,"SPACES, LOW-VALUES",,YES
COCRDLIC,WS-INFORM-REC-ACTIONS,CONDITION,N/A,DISPLAY,88,0,"Condition: display record action instructions message (VALUE 'TYPE S FOR DETAIL, U TO UPDATE ANY RECORD')",WS-INFO-MSG,N/A,0,0,NO,DISPLAY,,,,,WS-MISC-STORAGE,552,NO,,NO,,"'TYPE S FOR DETAIL, U TO UPDATE ANY RECORD'",,YES
COCRDLIC,WS-ERROR-MSG,FIELD,X(75),ALPHANUMERIC,5,75,Error message text (75 character alphanumeric),WS-MISC-STORAGE,X(75),75,0,NO,DISPLAY,,,,,WS-MISC-STORAGE,597,NO,,NO,,,,YES
COCRDLIC,WS-ERROR-MSG-OFF,CONDITION,N/A,DISPLAY,88,0,Condition: error message is cleared (VALUE SPACES),WS-ERROR-MSG,N/A,0,0,NO,DISPLAY,,,,,WS-MISC-STORAGE,597,NO,,NO,,SPACES,,YES
COCRDLIC,WS-EXIT-MESSAGE,CONDITION,N/A,DISPLAY,88,0,Condition: PF03 exit key was pressed (VALUE 'PF03 PRESSED.EXITING'),WS-ERROR-MSG,N/A,0,0,NO,DISPLAY,,,,,WS-MISC-STORAGE,597,NO,,NO,,'PF03 PRESSED.EXITING',,YES
COCRDLIC,WS-NO-RECORDS-FOUND,CONDITION,N/A,DISPLAY,88,0,Condition: search returned no matching records (VALUE 'NO RECORDS FOUND FOR THIS SEARCH CONDITION.'),WS-ERROR-MSG,N/A,0,0,NO,DISPLAY,,,,,WS-MISC-STORAGE,597,NO,,NO,,'NO RECORDS FOUND FOR THIS SEARCH CONDITION.',,YES
COCRDLIC,WS-MORE-THAN-1-ACTION,CONDITION,N/A,DISPLAY,88,0,Condition: user selected more than one record for action (VALUE 'PLEASE SELECT ONLY ONE RECORD TO VIEW OR UPDATE'),WS-ERROR-MSG,N/A,0,0,NO,DISPLAY,,,,,WS-MISC-STORAGE,597,NO,,NO,,'PLEASE SELECT ONLY ONE RECORD TO VIEW OR UPDATE',,YES
COCRDLIC,WS-INVALID-ACTION-CODE,CONDITION,N/A,DISPLAY,88,0,Condition: invalid action code was entered (VALUE 'INVALID ACTION CODE'),WS-ERROR-MSG,N/A,0,0,NO,DISPLAY,,,,,WS-MISC-STORAGE,597,NO,,NO,,'INVALID ACTION CODE',,YES
COCRDLIC,WS-PFK-FLAG,FIELD,X(1),ALPHANUMERIC,5,1,Program function key validation status flag (1 character alphanumeric),WS-MISC-STORAGE,X,1,0,NO,DISPLAY,,,,,WS-MISC-STORAGE,672,NO,,NO,,,,YES
COCRDLIC,PFK-VALID,CONDITION,N/A,DISPLAY,88,0,Condition: program function key is valid (VALUE '0'),WS-PFK-FLAG,N/A,0,0,NO,DISPLAY,,,,,WS-MISC-STORAGE,672,NO,,NO,,'0',,YES
COCRDLIC,PFK-INVALID,CONDITION,N/A,DISPLAY,88,0,Condition: program function key is invalid (VALUE '1'),WS-PFK-FLAG,N/A,0,0,NO,DISPLAY,,,,,WS-MISC-STORAGE,672,NO,,NO,,'1',,YES
COCRDLIC,WS-CONTEXT-FLAG,FIELD,X(1),ALPHANUMERIC,5,1,Application context state flag (1 character alphanumeric),WS-MISC-STORAGE,X,1,0,NO,DISPLAY,,,,,WS-MISC-STORAGE,673,NO,,NO,,,,YES
COCRDLIC,WS-CONTEXT-FRESH-START,CONDITION,N/A,DISPLAY,88,0,Condition: application context is fresh start (VALUE '0'),WS-CONTEXT-FLAG,N/A,0,0,NO,DISPLAY,,,,,WS-MISC-STORAGE,673,NO,,NO,,'0',,YES
COCRDLIC,WS-CONTEXT-FRESH-START-NO,CONDITION,N/A,DISPLAY,88,0,Condition: application context is not fresh start (VALUE '1'),WS-CONTEXT-FLAG,N/A,0,0,NO,DISPLAY,,,,,WS-MISC-STORAGE,673,NO,,NO,,'1',,YES
COCRDLIC,WS-FILE-HANDLING-VARS,GROUP,N/A,GROUP,5,27,File handling variables group,WS-MISC-STORAGE,N/A,0,0,NO,DISPLAY,,,,,WS-MISC-STORAGE,674,NO,,NO,,,,YES
COCRDLIC,WS-CARD-RID,GROUP,N/A,GROUP,10,27,Card record identifier group,WS-FILE-HANDLING-VARS,N/A,0,0,NO,DISPLAY,,,,,WS-MISC-STORAGE,674,NO,,NO,,,,YES
COCRDLIC,WS-CARD-RID-CARDNUM,FIELD,X(16),ALPHANUMERIC,20,16,Card number component of record identifier (16 character alphanumeric),WS-CARD-RID,X(16),16,0,NO,DISPLAY,,,,,WS-MISC-STORAGE,674,NO,,NO,,,,YES
COCRDLIC,WS-CARD-RID-ACCT-ID,FIELD,9(11),NUMERIC,20,11,Account identifier component of record identifier (11 digit numeric),WS-CARD-RID,99999999999,11,0,NO,DISPLAY,,,,,WS-MISC-STORAGE,690,NO,,NO,,,,YES
COCRDLIC,WS-CARD-RID-ACCT-ID-X,FIELD,X(11),ALPHANUMERIC,20,11,"Account identifier as alphanumeric (REDEFINES WS-CARD-RID-ACCT-ID, 11 character alphanumeric)",WS-CARD-RID,X(11),11,0,NO,DISPLAY,,,,WS-CARD-RID-ACCT-ID,WS-MISC-STORAGE,690,NO,,NO,,,,YES
COCRDLIC,WS-SCRN-COUNTER,FIELD,S9(4) COMP,BINARY,5,2,"Screen row counter for pagination (USAGE COMP, signed 4 digits, VALUE 0)",WS-MISC-STORAGE,'+/-9999,5,0,YES,COMP,,,,,WS-MISC-STORAGE,701,NO,,NO,0,,,YES
COCRDLIC,WS-FILTER-RECORD-FLAG,FIELD,X(1),ALPHANUMERIC,5,1,Record filtering decision flag (1 character alphanumeric),WS-MISC-STORAGE,X,1,0,NO,DISPLAY,,,,,WS-MISC-STORAGE,703,NO,,NO,,,,YES
COCRDLIC,WS-EXCLUDE-THIS-RECORD,CONDITION,N/A,DISPLAY,88,0,Condition: exclude current record from results (VALUE '0'),WS-FILTER-RECORD-FLAG,N/A,0,0,NO,DISPLAY,,,,,WS-MISC-STORAGE,703,NO,,NO,,'0',,YES
COCRDLIC,WS-DONOT-EXCLUDE-THIS-RECORD,CONDITION,N/A,DISPLAY,88,0,Condition: include current record in results (VALUE '1'),WS-FILTER-RECORD-FLAG,N/A,0,0,NO,DISPLAY,,,,,WS-MISC-STORAGE,703,NO,,NO,,'1',,YES
COCRDLIC,WS-RECORDS-TO-PROCESS-FLAG,FIELD,X(1),ALPHANUMERIC,5,1,Read loop continuation flag (1 character alphanumeric),WS-MISC-STORAGE,X,1,0,NO,DISPLAY,,,,,WS-MISC-STORAGE,704,NO,,NO,,,,YES
COCRDLIC,READ-LOOP-EXIT,CONDITION,N/A,DISPLAY,88,0,Condition: exit read processing loop (VALUE '0'),WS-RECORDS-TO-PROCESS-FLAG,N/A,0,0,NO,DISPLAY,,,,,WS-MISC-STORAGE,704,NO,,NO,,'0',,YES
COCRDLIC,MORE-RECORDS-TO-READ,CONDITION,N/A,DISPLAY,88,0,Condition: more records available to read (VALUE '1'),WS-RECORDS-TO-PROCESS-FLAG,N/A,0,0,NO,DISPLAY,,,,,WS-MISC-STORAGE,704,NO,,NO,,'1',,YES
COCRDLIC,WS-FILE-ERROR-MESSAGE,GROUP,N/A,GROUP,5,80,File error message construction group,WS-MISC-STORAGE,N/A,0,0,NO,DISPLAY,,,,,WS-MISC-STORAGE,705,NO,,NO,,,,YES
COCRDLIC,FILLER-1,FIELD,X(12),ALPHANUMERIC,10,12,"Reserved placeholder field used for data structure alignment, padding, or holding constant values",WS-FILE-ERROR-MESSAGE,X(12),12,0,NO,DISPLAY,,,,,WS-MISC-STORAGE,705,NO,,NO,'File Error:',,,YES
COCRDLIC,ERROR-OPNAME,FIELD,X(8),ALPHANUMERIC,10,8,"File operation name in error message (8 character alphanumeric, VALUE SPACES)",WS-FILE-ERROR-MESSAGE,X(8),8,0,NO,DISPLAY,,,,,WS-MISC-STORAGE,717,NO,,NO,SPACES,,,YES
COCRDLIC,FILLER-2,FIELD,X(4),ALPHANUMERIC,10,4,"Reserved placeholder field used for data structure alignment, padding, or holding constant values",WS-FILE-ERROR-MESSAGE,X(4),4,0,NO,DISPLAY,,,,,WS-MISC-STORAGE,725,NO,,NO,' on ',,,YES
COCRDLIC,ERROR-FILE,FIELD,X(9),ALPHANUMERIC,10,9,"File name in error message (9 character alphanumeric, VALUE SPACES)",WS-FILE-ERROR-MESSAGE,X(9),9,0,NO,DISPLAY,,,,,WS-MISC-STORAGE,729,NO,,NO,SPACES,,,YES
COCRDLIC,FILLER-3,FIELD,X(15),ALPHANUMERIC,10,15,"Reserved placeholder field used for data structure alignment, padding, or holding constant values",WS-FILE-ERROR-MESSAGE,X(15),15,0,NO,DISPLAY,,,,,WS-MISC-STORAGE,738,NO,,NO,' returned RESP ',,,YES
COCRDLIC,ERROR-RESP,FIELD,X(10),ALPHANUMERIC,10,10,"CICS RESP code in error message (10 character alphanumeric, VALUE SPACES)",WS-FILE-ERROR-MESSAGE,X(10),10,0,NO,DISPLAY,,,,,WS-MISC-STORAGE,753,NO,,NO,SPACES,,,YES
COCRDLIC,FILLER-4,FIELD,X(7),ALPHANUMERIC,10,7,"Reserved placeholder field used for data structure alignment, padding, or holding constant values",WS-FILE-ERROR-MESSAGE,X(7),7,0,NO,DISPLAY,,,,,WS-MISC-STORAGE,763,NO,,NO,"',RESP2 '",,,YES
COCRDLIC,ERROR-RESP2,FIELD,X(10),ALPHANUMERIC,10,10,"CICS RESP2 code in error message (10 character alphanumeric, VALUE SPACES)",WS-FILE-ERROR-MESSAGE,X(10),10,0,NO,DISPLAY,,,,,WS-MISC-STORAGE,770,NO,,NO,SPACES,,,YES
COCRDLIC,FILLER-5,FIELD,X(5),ALPHANUMERIC,10,5,"Reserved placeholder field used for data structure alignment, padding, or holding constant values",WS-FILE-ERROR-MESSAGE,X(5),5,0,NO,DISPLAY,,,,,WS-MISC-STORAGE,780,NO,,NO,,,,YES
COCRDLIC,WS-CONSTANTS,RECORD,N/A,GROUP,1,122,Program constants group,WS-CONSTANTS,N/A,0,0,NO,DISPLAY,,,,,WS-CONSTANTS,1,NO,,NO,,,,YES
COCRDLIC,WS-MAX-SCREEN-LINES,FIELD,S9(4) COMP,BINARY,5,2,"Maximum number of detail rows displayable on screen (USAGE COMP, signed 4 digits, VALUE 7)",WS-CONSTANTS,'+/-9999,5,0,YES,COMP,,,,,WS-CONSTANTS,1,NO,,NO,7,,,YES
COCRDLIC,LIT-THISPGM,FIELD,X(8),ALPHANUMERIC,5,8,"Current program name constant (8 character alphanumeric, VALUE 'COCRDLIC')",WS-CONSTANTS,X(8),8,0,NO,DISPLAY,,,,,WS-CONSTANTS,3,NO,,NO,'COCRDLIC',,,YES
COCRDLIC,LIT-THISTRANID,FIELD,X(4),ALPHANUMERIC,5,4,"Current transaction identifier constant (4 character alphanumeric, VALUE 'CCLI')",WS-CONSTANTS,X(4),4,0,NO,DISPLAY,,,,,WS-CONSTANTS,11,NO,,NO,'CCLI',,,YES
COCRDLIC,LIT-THISMAPSET,FIELD,X(7),ALPHANUMERIC,5,7,"Current mapset name constant (7 character alphanumeric, VALUE 'COCRDLI')",WS-CONSTANTS,X(7),7,0,NO,DISPLAY,,,,,WS-CONSTANTS,15,NO,,NO,'COCRDLI',,,YES
COCRDLIC,LIT-THISMAP,FIELD,X(7),ALPHANUMERIC,5,7,"Current map name constant (7 character alphanumeric, VALUE 'CCRDLIA')",WS-CONSTANTS,X(7),7,0,NO,DISPLAY,,,,,WS-CONSTANTS,22,NO,,NO,'CCRDLIA',,,YES
COCRDLIC,LIT-MENUPGM,FIELD,X(8),ALPHANUMERIC,5,8,"Menu program name constant (8 character alphanumeric, VALUE 'COMEN01C')",WS-CONSTANTS,X(8),8,0,NO,DISPLAY,,,,,WS-CONSTANTS,29,NO,,NO,'COMEN01C',,,YES
COCRDLIC,LIT-MENUTRANID,FIELD,X(4),ALPHANUMERIC,5,4,"Menu transaction identifier constant (4 character alphanumeric, VALUE 'CM00')",WS-CONSTANTS,X(4),4,0,NO,DISPLAY,,,,,WS-CONSTANTS,37,NO,,NO,'CM00',,,YES
COCRDLIC,LIT-MENUMAPSET,FIELD,X(7),ALPHANUMERIC,5,7,"Menu mapset name constant (7 character alphanumeric, VALUE 'COMEN01')",WS-CONSTANTS,X(7),7,0,NO,DISPLAY,,,,,WS-CONSTANTS,41,NO,,NO,'COMEN01',,,YES
COCRDLIC,LIT-MENUMAP,FIELD,X(7),ALPHANUMERIC,5,7,"Menu map name constant (7 character alphanumeric, VALUE 'COMEN1A')",WS-CONSTANTS,X(7),7,0,NO,DISPLAY,,,,,WS-CONSTANTS,48,NO,,NO,'COMEN1A',,,YES
COCRDLIC,LIT-CARDDTLPGM,FIELD,X(8),ALPHANUMERIC,5,8,"Card detail program name constant (8 character alphanumeric, VALUE 'COCRDSLC')",WS-CONSTANTS,X(8),8,0,NO,DISPLAY,,,,,WS-CONSTANTS,55,NO,,NO,'COCRDSLC',,,YES
COCRDLIC,LIT-CARDDTLTRANID,FIELD,X(4),ALPHANUMERIC,5,4,"Card detail transaction identifier constant (4 character alphanumeric, VALUE 'CCDL')",WS-CONSTANTS,X(4),4,0,NO,DISPLAY,,,,,WS-CONSTANTS,63,NO,,NO,'CCDL',,,YES
COCRDLIC,LIT-CARDDTLMAPSET,FIELD,X(7),ALPHANUMERIC,5,7,"Card detail mapset name constant (7 character alphanumeric, VALUE 'COCRDSL')",WS-CONSTANTS,X(7),7,0,NO,DISPLAY,,,,,WS-CONSTANTS,67,NO,,NO,'COCRDSL',,,YES
COCRDLIC,LIT-CARDDTLMAP,FIELD,X(7),ALPHANUMERIC,5,7,"Card detail map name constant (7 character alphanumeric, VALUE 'CCRDSLA')",WS-CONSTANTS,X(7),7,0,NO,DISPLAY,,,,,WS-CONSTANTS,74,NO,,NO,'CCRDSLA',,,YES
COCRDLIC,LIT-CARDUPDPGM,FIELD,X(8),ALPHANUMERIC,5,8,"Card update program name constant (8 character alphanumeric, VALUE 'COCRDUPC')",WS-CONSTANTS,X(8),8,0,NO,DISPLAY,,,,,WS-CONSTANTS,81,NO,,NO,'COCRDUPC',,,YES
COCRDLIC,LIT-CARDUPDTRANID,FIELD,X(4),ALPHANUMERIC,5,4,"Card update transaction identifier constant (4 character alphanumeric, VALUE 'CCUP')",WS-CONSTANTS,X(4),4,0,NO,DISPLAY,,,,,WS-CONSTANTS,89,NO,,NO,'CCUP',,,YES
COCRDLIC,LIT-CARDUPDMAPSET,FIELD,X(7),ALPHANUMERIC,5,7,"Card update mapset name constant (7 character alphanumeric, VALUE 'COCRDUP')",WS-CONSTANTS,X(7),7,0,NO,DISPLAY,,,,,WS-CONSTANTS,93,NO,,NO,'COCRDUP',,,YES
COCRDLIC,LIT-CARDUPDMAP,FIELD,X(7),ALPHANUMERIC,5,7,"Card update map name constant (7 character alphanumeric, VALUE 'CCRDUPA')",WS-CONSTANTS,X(7),7,0,NO,DISPLAY,,,,,WS-CONSTANTS,100,NO,,NO,'CCRDUPA',,,YES
COCRDLIC,LIT-CARD-FILE,FIELD,X(8),ALPHANUMERIC,5,8,"Card file name constant (8 character alphanumeric, VALUE 'CARDDAT ')",WS-CONSTANTS,X(8),8,0,NO,DISPLAY,,,,,WS-CONSTANTS,107,NO,,NO,'CARDDAT ',,,YES
COCRDLIC,LIT-CARD-FILE-ACCT-PATH,FIELD,X(8),ALPHANUMERIC,5,8,"Card file account path name constant (8 character alphanumeric, VALUE 'CARDAIX ')",WS-CONSTANTS,X(8),8,0,NO,DISPLAY,,,,,WS-CONSTANTS,115,NO,,NO,'CARDAIX ',,,YES
COCRDLIC,WS-THIS-PROGCOMMAREA,RECORD,N/A,GROUP,1,254,Program communication area for this transaction,WS-THIS-PROGCOMMAREA,N/A,0,0,NO,DISPLAY,,,,,WS-THIS-PROGCOMMAREA,1,NO,,NO,,,,YES
COCRDLIC,WS-CA-LAST-CARDKEY,GROUP,N/A,GROUP,10,27,Last card key group for pagination,WS-THIS-PROGCOMMAREA,N/A,0,0,NO,DISPLAY,,,,,WS-THIS-PROGCOMMAREA,1,NO,,NO,,,,YES
COCRDLIC,WS-CA-LAST-CARD-NUM,FIELD,X(16),ALPHANUMERIC,15,16,Last card number from previous screen (16 character alphanumeric),WS-CA-LAST-CARDKEY,X(16),16,0,NO,DISPLAY,,,,,WS-THIS-PROGCOMMAREA,1,NO,,NO,,,,YES
COCRDLIC,WS-CA-LAST-CARD-ACCT-ID,FIELD,9(11),NUMERIC,15,11,Last card account identifier from previous screen (11 digit numeric),WS-CA-LAST-CARDKEY,99999999999,11,0,NO,DISPLAY,,,,,WS-THIS-PROGCOMMAREA,17,NO,,NO,,,,YES
COCRDLIC,WS-CA-FIRST-CARDKEY,GROUP,N/A,GROUP,10,27,First card key group for pagination,WS-THIS-PROGCOMMAREA,N/A,0,0,NO,DISPLAY,,,,,WS-THIS-PROGCOMMAREA,28,NO,,NO,,,,YES
COCRDLIC,WS-CA-FIRST-CARD-NUM,FIELD,X(16),ALPHANUMERIC,15,16,First card number on current screen (16 character alphanumeric),WS-CA-FIRST-CARDKEY,X(16),16,0,NO,DISPLAY,,,,,WS-THIS-PROGCOMMAREA,28,NO,,NO,,,,YES
COCRDLIC,WS-CA-FIRST-CARD-ACCT-ID,FIELD,9(11),NUMERIC,15,11,First card account identifier on current screen (11 digit numeric),WS-CA-FIRST-CARDKEY,99999999999,11,0,NO,DISPLAY,,,,,WS-THIS-PROGCOMMAREA,44,NO,,NO,,,,YES
COCRDLIC,WS-CA-SCREEN-NUM,FIELD,9(1),NUMERIC,10,1,Current screen page number (1 digit numeric),WS-THIS-PROGCOMMAREA,9,1,0,NO,DISPLAY,,,,,WS-THIS-PROGCOMMAREA,55,NO,,NO,,,,YES
COCRDLIC,CA-FIRST-PAGE,CONDITION,N/A,DISPLAY,88,0,Condition: displaying first page of results (VALUE 1),WS-CA-SCREEN-NUM,N/A,0,0,NO,DISPLAY,,,,,WS-THIS-PROGCOMMAREA,55,NO,,NO,,1,,YES
COCRDLIC,WS-CA-LAST-PAGE-DISPLAYED,FIELD,9(1),NUMERIC,10,1,Indicator whether last page has been displayed (1 digit numeric),WS-THIS-PROGCOMMAREA,9,1,0,NO,DISPLAY,,,,,WS-THIS-PROGCOMMAREA,56,NO,,NO,,,,YES
COCRDLIC,CA-LAST-PAGE-SHOWN,CONDITION,N/A,DISPLAY,88,0,Condition: last page of results has been displayed (VALUE 0),WS-CA-LAST-PAGE-DISPLAYED,N/A,0,0,NO,DISPLAY,,,,,WS-THIS-PROGCOMMAREA,56,NO,,NO,,0,,YES
COCRDLIC,CA-LAST-PAGE-NOT-SHOWN,CONDITION,N/A,DISPLAY,88,0,Condition: last page of results has not been displayed (VALUE 9),WS-CA-LAST-PAGE-DISPLAYED,N/A,0,0,NO,DISPLAY,,,,,WS-THIS-PROGCOMMAREA,56,NO,,NO,,9,,YES
COCRDLIC,WS-CA-NEXT-PAGE-IND,FIELD,X(1),ALPHANUMERIC,10,1,Indicator whether next page of results exists (1 character alphanumeric),WS-THIS-PROGCOMMAREA,X,1,0,NO,DISPLAY,,,,,WS-THIS-PROGCOMMAREA,57,NO,,NO,,,,YES
COCRDLIC,CA-NEXT-PAGE-NOT-EXISTS,CONDITION,N/A,DISPLAY,88,0,Condition: no next page of results exists (VALUE LOW-VALUES),WS-CA-NEXT-PAGE-IND,N/A,0,0,NO,DISPLAY,,,,,WS-THIS-PROGCOMMAREA,57,NO,,NO,,LOW-VALUES,,YES
COCRDLIC,CA-NEXT-PAGE-EXISTS,CONDITION,N/A,DISPLAY,88,0,Condition: next page of results exists (VALUE 'Y'),WS-CA-NEXT-PAGE-IND,N/A,0,0,NO,DISPLAY,,,,,WS-THIS-PROGCOMMAREA,57,NO,,NO,,'Y',,YES
COCRDLIC,WS-RETURN-FLAG,FIELD,X(1),ALPHANUMERIC,10,1,Flag to control return to calling program (1 character alphanumeric),WS-THIS-PROGCOMMAREA,X,1,0,NO,DISPLAY,,,,,WS-THIS-PROGCOMMAREA,58,NO,,NO,,,,YES
COCRDLIC,WS-RETURN-FLAG-OFF,CONDITION,N/A,DISPLAY,88,0,Condition: return flag is off (VALUE LOW-VALUES),WS-RETURN-FLAG,N/A,0,0,NO,DISPLAY,,,,,WS-THIS-PROGCOMMAREA,58,NO,,NO,,LOW-VALUES,,YES
COCRDLIC,WS-RETURN-FLAG-ON,CONDITION,N/A,DISPLAY,88,0,Condition: return flag is on (VALUE '1'),WS-RETURN-FLAG,N/A,0,0,NO,DISPLAY,,,,,WS-THIS-PROGCOMMAREA,58,NO,,NO,,'1',,YES
COCRDLIC,WS-SCREEN-DATA,GROUP,N/A,GROUP,5,196,Screen display data group,WS-THIS-PROGCOMMAREA,N/A,0,0,NO,DISPLAY,,,,,WS-THIS-PROGCOMMAREA,59,NO,,NO,,,,YES
COCRDLIC,WS-ALL-ROWS,FIELD,X(196),ALPHANUMERIC,10,196,All screen rows data buffer (196 character alphanumeric),WS-SCREEN-DATA,X(196),196,0,NO,DISPLAY,,,,,WS-THIS-PROGCOMMAREA,59,NO,,NO,,,,YES
COCRDLIC,FILLER-6,GROUP,N/A,GROUP,10,196,"Reserved placeholder field used for data structure alignment, padding, or holding constant values",WS-SCREEN-DATA,N/A,0,0,NO,DISPLAY,,,,WS-ALL-ROWS,WS-THIS-PROGCOMMAREA,59,NO,,NO,,,,YES
COCRDLIC,WS-SCREEN-ROWS,GROUP,N/A,GROUP,15,28,Individual screen row group (OCCURS 7),FILLER-6,N/A,0,0,NO,DISPLAY,7,7,,,WS-THIS-PROGCOMMAREA,59,NO,,NO,,,,YES
COCRDLIC,WS-EACH-ROW,GROUP,N/A,GROUP,20,28,Each row data group,WS-SCREEN-ROWS,N/A,0,0,NO,DISPLAY,,,,,WS-THIS-PROGCOMMAREA,59,NO,,NO,,,,YES
COCRDLIC,WS-EACH-CARD,GROUP,N/A,GROUP,25,28,Each card data group,WS-EACH-ROW,N/A,0,0,NO,DISPLAY,,,,,WS-THIS-PROGCOMMAREA,59,NO,,NO,,,,YES
COCRDLIC,WS-ROW-ACCTNO,FIELD,X(11),ALPHANUMERIC,30,11,Account number in screen row (11 character alphanumeric),WS-EACH-CARD,X(11),11,0,NO,DISPLAY,,,,,WS-THIS-PROGCOMMAREA,59,NO,,NO,,,,YES
COCRDLIC,WS-ROW-CARD-NUM,FIELD,X(16),ALPHANUMERIC,30,16,Card number in screen row (16 character alphanumeric),WS-EACH-CARD,X(16),16,0,NO,DISPLAY,,,,,WS-THIS-PROGCOMMAREA,70,NO,,NO,,,,YES
COCRDLIC,WS-ROW-CARD-STATUS,FIELD,X(1),ALPHANUMERIC,30,1,Card status indicator in screen row (1 character alphanumeric),WS-EACH-CARD,X,1,0,NO,DISPLAY,,,,,WS-THIS-PROGCOMMAREA,86,NO,,NO,,,,YES
COCRDLIC,WS-COMMAREA,FIELD,X(2000),ALPHANUMERIC,1,2000,Communication area buffer (2000 character alphanumeric),WS-COMMAREA,X(2000),2000,0,NO,DISPLAY,,,,,WS-COMMAREA,1,NO,,NO,,,,YES
COCRDLIC,DFHCOMMAREA,RECORD,N/A,GROUP,1,32767,"CICS-provided communication area (OCCURS 32767, 1 character alphanumeric)",DFHCOMMAREA,N/A,0,0,NO,DISPLAY,,,,,DFHCOMMAREA,1,NO,,NO,,,,YES
COCRDLIC,FILLER-7,FIELD,X(1),ALPHANUMERIC,5,1,"Reserved placeholder field used for data structure alignment, padding, or holding constant values",DFHCOMMAREA,X,1,0,NO,DISPLAY,1,32767,,,DFHCOMMAREA,1,NO,,NO,,,,YES
COACTVWC,WS-MISC-STORAGE,RECORD,N/A,GROUP,1,749,Miscellaneous working storage variables group,WS-MISC-STORAGE,N/A,0,0,NO,DISPLAY,,,,,WS-MISC-STORAGE,1,NO,,NO,,,,YES
COACTVWC,WS-CICS-PROCESSNG-VARS,GROUP,N/A,GROUP,5,12,CICS processing variables group,WS-MISC-STORAGE,N/A,0,0,NO,DISPLAY,,,,,WS-MISC-STORAGE,1,NO,,NO,,,,YES
COACTVWC,WS-RESP-CD,FIELD,S9(09) COMP,BINARY,7,4,"CICS response code for file operations (USAGE COMP, VALUE ZEROS)",WS-CICS-PROCESSNG-VARS,'+/-999999999,10,0,YES,COMP,,,,,WS-MISC-STORAGE,1,NO,,NO,ZEROS,,,YES
COACTVWC,WS-REAS-CD,FIELD,S9(09) COMP,BINARY,7,4,"CICS reason code for file operations (USAGE COMP, VALUE ZEROS)",WS-CICS-PROCESSNG-VARS,'+/-999999999,10,0,YES,COMP,,,,,WS-MISC-STORAGE,5,NO,,NO,ZEROS,,,YES
COACTVWC,WS-TRANID,FIELD,X(4),ALPHANUMERIC,7,4,CICS transaction identifier (VALUE SPACES),WS-CICS-PROCESSNG-VARS,X(4),4,0,NO,DISPLAY,,,,,WS-MISC-STORAGE,9,NO,,NO,SPACES,,,YES
COACTVWC,WS-INPUT-FLAG,FIELD,X(1),ALPHANUMERIC,5,1,Input validation status flag,WS-MISC-STORAGE,X,1,0,NO,DISPLAY,,,,,WS-MISC-STORAGE,13,NO,,NO,,,,YES
COACTVWC,INPUT-OK,CONDITION,N/A,DISPLAY,88,0,Condition: input validation successful (VALUE '0'),WS-INPUT-FLAG,N/A,0,0,NO,DISPLAY,,,,,WS-MISC-STORAGE,13,NO,,NO,,'0',,YES
COACTVWC,INPUT-ERROR,CONDITION,N/A,DISPLAY,88,0,Condition: input validation failed (VALUE '1'),WS-INPUT-FLAG,N/A,0,0,NO,DISPLAY,,,,,WS-MISC-STORAGE,13,NO,,NO,,'1',,YES
COACTVWC,INPUT-PENDING,CONDITION,N/A,DISPLAY,88,0,Condition: input validation pending (VALUE LOW-VALUES),WS-PFK-FLAG,N/A,0,0,NO,DISPLAY,,,,,WS-MISC-STORAGE,14,NO,,NO,,LOW-VALUES,,YES
COACTVWC,WS-PFK-FLAG,FIELD,X(1),ALPHANUMERIC,5,1,Program function key validity flag,WS-MISC-STORAGE,X,1,0,NO,DISPLAY,,,,,WS-MISC-STORAGE,14,NO,,NO,,,,YES
COACTVWC,PFK-VALID,CONDITION,N/A,DISPLAY,88,0,Condition: program function key is valid (VALUE '0'),WS-PFK-FLAG,N/A,0,0,NO,DISPLAY,,,,,WS-MISC-STORAGE,14,NO,,NO,,'0',,YES
COACTVWC,PFK-INVALID,CONDITION,N/A,DISPLAY,88,0,Condition: program function key is invalid (VALUE '1'),WS-PFK-FLAG,N/A,0,0,NO,DISPLAY,,,,,WS-MISC-STORAGE,14,NO,,NO,,'1',,YES
COACTVWC,WS-EDIT-ACCT-FLAG,FIELD,X(1),ALPHANUMERIC,5,1,Account filter validation flag,WS-MISC-STORAGE,X,1,0,NO,DISPLAY,,,,,WS-MISC-STORAGE,15,NO,,NO,,,,YES
COACTVWC,FLG-ACCTFILTER-NOT-OK,CONDITION,N/A,DISPLAY,88,0,Condition: account filter validation failed (VALUE '0'),WS-EDIT-ACCT-FLAG,N/A,0,0,NO,DISPLAY,,,,,WS-MISC-STORAGE,15,NO,,NO,,'0',,YES
COACTVWC,FLG-ACCTFILTER-ISVALID,CONDITION,N/A,DISPLAY,88,0,Condition: account filter validation successful (VALUE '1'),WS-EDIT-ACCT-FLAG,N/A,0,0,NO,DISPLAY,,,,,WS-MISC-STORAGE,15,NO,,NO,,'1',,YES
COACTVWC,FLG-ACCTFILTER-BLANK,CONDITION,N/A,DISPLAY,88,0,Condition: account filter is blank (VALUE ' '),WS-EDIT-ACCT-FLAG,N/A,0,0,NO,DISPLAY,,,,,WS-MISC-STORAGE,15,NO,,NO,,' ',,YES
COACTVWC,WS-EDIT-CUST-FLAG,FIELD,X(1),ALPHANUMERIC,5,1,Customer filter validation flag,WS-MISC-STORAGE,X,1,0,NO,DISPLAY,,,,,WS-MISC-STORAGE,16,NO,,NO,,,,YES
COACTVWC,FLG-CUSTFILTER-NOT-OK,CONDITION,N/A,DISPLAY,88,0,Condition: customer filter validation failed (VALUE '0'),WS-EDIT-CUST-FLAG,N/A,0,0,NO,DISPLAY,,,,,WS-MISC-STORAGE,16,NO,,NO,,'0',,YES
COACTVWC,FLG-CUSTFILTER-ISVALID,CONDITION,N/A,DISPLAY,88,0,Condition: customer filter validation successful (VALUE '1'),WS-EDIT-CUST-FLAG,N/A,0,0,NO,DISPLAY,,,,,WS-MISC-STORAGE,16,NO,,NO,,'1',,YES
COACTVWC,FLG-CUSTFILTER-BLANK,CONDITION,N/A,DISPLAY,88,0,Condition: customer filter is blank (VALUE ' '),WS-EDIT-CUST-FLAG,N/A,0,0,NO,DISPLAY,,,,,WS-MISC-STORAGE,16,NO,,NO,,' ',,YES
COACTVWC,WS-XREF-RID,GROUP,N/A,GROUP,5,36,Cross-reference record identifier group containing card and customer/account information,WS-MISC-STORAGE,N/A,0,0,NO,DISPLAY,,,,,WS-MISC-STORAGE,17,NO,,NO,,,,YES
COACTVWC,WS-CARD-RID-CARDNUM,FIELD,X(16),ALPHANUMERIC,10,16,Card number identifier (16 character alphanumeric),WS-XREF-RID,X(16),16,0,NO,DISPLAY,,,,,WS-MISC-STORAGE,17,NO,,NO,,,,YES
COACTVWC,WS-CARD-RID-CUST-ID,FIELD,9(09),NUMERIC,10,9,Customer identifier numeric value (9 digit numeric),WS-XREF-RID,999999999,9,0,NO,DISPLAY,,,,,WS-MISC-STORAGE,33,NO,,NO,,,,YES
COACTVWC,WS-CARD-RID-CUST-ID-X,FIELD,X(09),ALPHANUMERIC,10,9,Customer identifier alphanumeric representation (REDEFINES WS-CARD-RID-CUST-ID),WS-XREF-RID,X(9),9,0,NO,DISPLAY,,,,WS-CARD-RID-CUST-ID,WS-MISC-STORAGE,33,NO,,NO,,,,YES
COACTVWC,WS-CARD-RID-ACCT-ID,FIELD,9(11),NUMERIC,10,11,Account identifier numeric value (11 digit numeric),WS-XREF-RID,99999999999,11,0,NO,DISPLAY,,,,,WS-MISC-STORAGE,42,NO,,NO,,,,YES
COACTVWC,WS-CARD-RID-ACCT-ID-X,FIELD,X(11),ALPHANUMERIC,10,11,Account identifier alphanumeric representation (REDEFINES WS-CARD-RID-ACCT-ID),WS-XREF-RID,X(11),11,0,NO,DISPLAY,,,,WS-CARD-RID-ACCT-ID,WS-MISC-STORAGE,42,NO,,NO,,,,YES
COACTVWC,WS-FILE-READ-FLAGS,GROUP,N/A,GROUP,5,2,File read operation status flags group,WS-MISC-STORAGE,N/A,0,0,NO,DISPLAY,,,,,WS-MISC-STORAGE,53,NO,,NO,,,,YES
COACTVWC,WS-ACCOUNT-MASTER-READ-FLAG,FIELD,X(1),ALPHANUMERIC,10,1,Account master file read status flag,WS-FILE-READ-FLAGS,X,1,0,NO,DISPLAY,,,,,WS-MISC-STORAGE,53,NO,,NO,,,,YES
COACTVWC,FOUND-ACCT-IN-MASTER,CONDITION,N/A,DISPLAY,88,0,Condition: account found in master file (VALUE '1'),WS-ACCOUNT-MASTER-READ-FLAG,N/A,0,0,NO,DISPLAY,,,,,WS-MISC-STORAGE,53,NO,,NO,,'1',,YES
COACTVWC,WS-CUST-MASTER-READ-FLAG,FIELD,X(1),ALPHANUMERIC,10,1,Customer master file read status flag,WS-FILE-READ-FLAGS,X,1,0,NO,DISPLAY,,,,,WS-MISC-STORAGE,54,NO,,NO,,,,YES
COACTVWC,FOUND-CUST-IN-MASTER,CONDITION,N/A,DISPLAY,88,0,Condition: customer found in master file (VALUE '1'),WS-CUST-MASTER-READ-FLAG,N/A,0,0,NO,DISPLAY,,,,,WS-MISC-STORAGE,54,NO,,NO,,'1',,YES
COACTVWC,WS-FILE-ERROR-MESSAGE,GROUP,N/A,GROUP,5,80,Formatted file error message group containing operation details and response codes,WS-MISC-STORAGE,N/A,0,0,NO,DISPLAY,,,,,WS-MISC-STORAGE,55,NO,,NO,,,,YES
COACTVWC,FILLER-1,FIELD,X(12),ALPHANUMERIC,10,12,"Reserved placeholder field used for data structure alignment, padding, or holding constant values",WS-FILE-ERROR-MESSAGE,X(12),12,0,NO,DISPLAY,,,,,WS-MISC-STORAGE,55,NO,,NO,'File Error: ',,,YES
COACTVWC,ERROR-OPNAME,FIELD,X(8),ALPHANUMERIC,10,8,"File operation name that encountered error (8 character alphanumeric, VALUE SPACES)",WS-FILE-ERROR-MESSAGE,X(8),8,0,NO,DISPLAY,,,,,WS-MISC-STORAGE,67,NO,,NO,SPACES,,,YES
COACTVWC,FILLER-2,FIELD,X(4),ALPHANUMERIC,10,4,"Reserved placeholder field used for data structure alignment, padding, or holding constant values",WS-FILE-ERROR-MESSAGE,X(4),4,0,NO,DISPLAY,,,,,WS-MISC-STORAGE,75,NO,,NO,' on ',,,YES
COACTVWC,ERROR-FILE,FIELD,X(9),ALPHANUMERIC,10,9,"File name where error occurred (9 character alphanumeric, VALUE SPACES)",WS-FILE-ERROR-MESSAGE,X(9),9,0,NO,DISPLAY,,,,,WS-MISC-STORAGE,79,NO,,NO,SPACES,,,YES
COACTVWC,FILLER-3,FIELD,X(15),ALPHANUMERIC,10,15,"Reserved placeholder field used for data structure alignment, padding, or holding constant values",WS-FILE-ERROR-MESSAGE,X(15),15,0,NO,DISPLAY,,,,,WS-MISC-STORAGE,88,NO,,NO,' returned RESP ',,,YES
COACTVWC,ERROR-RESP,FIELD,X(10),ALPHANUMERIC,10,10,"CICS RESP code value from file operation (10 character alphanumeric, VALUE SPACES)",WS-FILE-ERROR-MESSAGE,X(10),10,0,NO,DISPLAY,,,,,WS-MISC-STORAGE,103,NO,,NO,SPACES,,,YES
COACTVWC,FILLER-4,FIELD,X(7),ALPHANUMERIC,10,7,"Reserved placeholder field used for data structure alignment, padding, or holding constant values",WS-FILE-ERROR-MESSAGE,X(7),7,0,NO,DISPLAY,,,,,WS-MISC-STORAGE,113,NO,,NO,"',RESP2 '",,,YES
COACTVWC,ERROR-RESP2,FIELD,X(10),ALPHANUMERIC,10,10,"CICS RESP2 code value from file operation (10 character alphanumeric, VALUE SPACES)",WS-FILE-ERROR-MESSAGE,X(10),10,0,NO,DISPLAY,,,,,WS-MISC-STORAGE,120,NO,,NO,SPACES,,,YES
COACTVWC,FILLER-5,FIELD,X(5),ALPHANUMERIC,10,5,"Reserved placeholder field used for data structure alignment, padding, or holding constant values",WS-FILE-ERROR-MESSAGE,X(5),5,0,NO,DISPLAY,,,,,WS-MISC-STORAGE,130,NO,,NO,SPACES,,,YES
COACTVWC,WS-LONG-MSG,FIELD,X(500),ALPHANUMERIC,5,500,Long message text buffer (500 character alphanumeric),WS-MISC-STORAGE,X(500),500,0,NO,DISPLAY,,,,,WS-MISC-STORAGE,135,NO,,NO,,,,YES
COACTVWC,WS-INFO-MSG,FIELD,X(40),ALPHANUMERIC,5,40,Information message for screen display (40 character alphanumeric),WS-MISC-STORAGE,X(40),40,0,NO,DISPLAY,,,,,WS-MISC-STORAGE,635,NO,,NO,,,,YES
COACTVWC,WS-NO-INFO-MESSAGE,CONDITION,N/A,DISPLAY,88,0,"Condition: no information message to display (VALUE SPACES, LOW-VALUES)",WS-INFO-MSG,N/A,0,0,NO,DISPLAY,,,,,WS-MISC-STORAGE,635,NO,,NO,,"SPACES, LOW-VALUES",,YES
COACTVWC,WS-PROMPT-FOR-INPUT,CONDITION,N/A,DISPLAY,88,0,Condition: prompt user to enter or update account identifier (VALUE 'Enter or update id of account to display'),WS-INFO-MSG,N/A,0,0,NO,DISPLAY,,,,,WS-MISC-STORAGE,635,NO,,NO,,'Enter or update id of account to display',,YES
COACTVWC,WS-INFORM-OUTPUT,CONDITION,N/A,DISPLAY,88,0,Condition: inform user of account details display (VALUE 'Displaying details of given Account'),WS-INFO-MSG,N/A,0,0,NO,DISPLAY,,,,,WS-MISC-STORAGE,635,NO,,NO,,'Displaying details of given Account',,YES
COACTVWC,WS-RETURN-MSG,FIELD,X(75),ALPHANUMERIC,5,75,Return message for user communication (75 character alphanumeric),WS-MISC-STORAGE,X(75),75,0,NO,DISPLAY,,,,,WS-MISC-STORAGE,675,NO,,NO,,,,YES
COACTVWC,WS-RETURN-MSG-OFF,CONDITION,N/A,DISPLAY,88,0,Condition: return message cleared (VALUE SPACES),WS-RETURN-MSG,N/A,0,0,NO,DISPLAY,,,,,WS-MISC-STORAGE,675,NO,,NO,,SPACES,,YES
COACTVWC,WS-EXIT-MESSAGE,CONDITION,N/A,DISPLAY,88,0,Condition: PF03 exit key pressed message (VALUE 'PF03 pressed.Exiting              '),WS-RETURN-MSG,N/A,0,0,NO,DISPLAY,,,,,WS-MISC-STORAGE,675,NO,,NO,,'PF03 pressed.Exiting              ',,YES
COACTVWC,WS-PROMPT-FOR-ACCT,CONDITION,N/A,DISPLAY,88,0,Condition: account number not provided message (VALUE 'Account number not provided'),WS-RETURN-MSG,N/A,0,0,NO,DISPLAY,,,,,WS-MISC-STORAGE,675,NO,,NO,,'Account number not provided',,YES
COACTVWC,NO-SEARCH-CRITERIA-RECEIVED,CONDITION,N/A,DISPLAY,88,0,Condition: no input search criteria received message (VALUE 'No input received'),WS-RETURN-MSG,N/A,0,0,NO,DISPLAY,,,,,WS-MISC-STORAGE,675,NO,,NO,,'No input received',,YES
COACTVWC,SEARCHED-ACCT-ZEROES,CONDITION,N/A,DISPLAY,88,0,Condition: account number contains zeroes message (VALUE 'Account number must be a non zero 11 digit number'),WS-RETURN-MSG,N/A,0,0,NO,DISPLAY,,,,,WS-MISC-STORAGE,675,NO,,NO,,'Account number must be a non zero 11 digit number',,YES
COACTVWC,SEARCHED-ACCT-NOT-NUMERIC,CONDITION,N/A,DISPLAY,88,0,Condition: account number is not numeric message (VALUE 'Account number must be a non zero 11 digit number'),WS-RETURN-MSG,N/A,0,0,NO,DISPLAY,,,,,WS-MISC-STORAGE,675,NO,,NO,,'Account number must be a non zero 11 digit number',,YES
COACTVWC,DID-NOT-FIND-ACCT-IN-CARDXREF,CONDITION,N/A,DISPLAY,88,0,Condition: account not found in card xref file message (VALUE 'Did not find this account in account card xref file'),WS-RETURN-MSG,N/A,0,0,NO,DISPLAY,,,,,WS-MISC-STORAGE,675,NO,,NO,,'Did not find this account in account card xref file',,YES
COACTVWC,DID-NOT-FIND-ACCT-IN-ACCTDAT,CONDITION,N/A,DISPLAY,88,0,Condition: account not found in account master file message (VALUE 'Did not find this account in account master file'),WS-RETURN-MSG,N/A,0,0,NO,DISPLAY,,,,,WS-MISC-STORAGE,675,NO,,NO,,'Did not find this account in account master file',,YES
COACTVWC,DID-NOT-FIND-CUST-IN-CUSTDAT,CONDITION,N/A,DISPLAY,88,0,Condition: customer not found in master file message (VALUE 'Did not find associated customer in master file'),WS-RETURN-MSG,N/A,0,0,NO,DISPLAY,,,,,WS-MISC-STORAGE,675,NO,,NO,,'Did not find associated customer in master file',,YES
COACTVWC,XREF-READ-ERROR,CONDITION,N/A,DISPLAY,88,0,Condition: error reading account card xref file message (VALUE 'Error reading account card xref File'),WS-RETURN-MSG,N/A,0,0,NO,DISPLAY,,,,,WS-MISC-STORAGE,675,NO,,NO,,'Error reading account card xref File',,YES
COACTVWC,CODING-TO-BE-DONE,CONDITION,N/A,DISPLAY,88,0,Condition: validation passed preliminary checks message (VALUE 'Looks Good.... so far'),WS-RETURN-MSG,N/A,0,0,NO,DISPLAY,,,,,WS-MISC-STORAGE,675,NO,,NO,,'Looks Good.... so far',,YES
COACTVWC,WS-LITERALS,RECORD,N/A,GROUP,1,328,Program literals and constant values group,WS-LITERALS,N/A,0,0,NO,DISPLAY,,,,,WS-LITERALS,1,NO,,NO,,,,YES
COACTVWC,LIT-THISPGM,FIELD,X(8),ALPHANUMERIC,5,8,Current program name literal (VALUE 'COACTVWC'),WS-LITERALS,X(8),8,0,NO,DISPLAY,,,,,WS-LITERALS,1,NO,,NO,'COACTVWC',,,YES
COACTVWC,LIT-THISTRANID,FIELD,X(4),ALPHANUMERIC,5,4,Current transaction identifier literal (VALUE 'CAVW'),WS-LITERALS,X(4),4,0,NO,DISPLAY,,,,,WS-LITERALS,9,NO,,NO,'CAVW',,,YES
COACTVWC,LIT-THISMAPSET,FIELD,X(8),ALPHANUMERIC,5,8,Current mapset name literal (VALUE 'COACTVW '),WS-LITERALS,X(8),8,0,NO,DISPLAY,,,,,WS-LITERALS,13,NO,,NO,'COACTVW ',,,YES
COACTVWC,LIT-THISMAP,FIELD,X(7),ALPHANUMERIC,5,7,Current map name literal (VALUE 'CACTVWA'),WS-LITERALS,X(7),7,0,NO,DISPLAY,,,,,WS-LITERALS,21,NO,,NO,'CACTVWA',,,YES
COACTVWC,LIT-CCLISTPGM,FIELD,X(8),ALPHANUMERIC,5,8,Credit card list program name literal (VALUE 'COCRDLIC'),WS-LITERALS,X(8),8,0,NO,DISPLAY,,,,,WS-LITERALS,28,NO,,NO,'COCRDLIC',,,YES
COACTVWC,LIT-CCLISTTRANID,FIELD,X(4),ALPHANUMERIC,5,4,Credit card list transaction identifier literal (VALUE 'CCLI'),WS-LITERALS,X(4),4,0,NO,DISPLAY,,,,,WS-LITERALS,36,NO,,NO,'CCLI',,,YES
COACTVWC,LIT-CCLISTMAPSET,FIELD,X(7),ALPHANUMERIC,5,7,Credit card list mapset name literal (VALUE 'COCRDLI'),WS-LITERALS,X(7),7,0,NO,DISPLAY,,,,,WS-LITERALS,40,NO,,NO,'COCRDLI',,,YES
COACTVWC,LIT-CCLISTMAP,FIELD,X(7),ALPHANUMERIC,5,7,Credit card list map name literal (VALUE 'CCRDSLA'),WS-LITERALS,X(7),7,0,NO,DISPLAY,,,,,WS-LITERALS,47,NO,,NO,'CCRDSLA',,,YES
COACTVWC,LIT-CARDUPDATEPGM,FIELD,X(8),ALPHANUMERIC,5,8,Card update program name literal (VALUE 'COCRDUPC'),WS-LITERALS,X(8),8,0,NO,DISPLAY,,,,,WS-LITERALS,54,NO,,NO,'COCRDUPC',,,YES
COACTVWC,LIT-CARDUDPATETRANID,FIELD,X(4),ALPHANUMERIC,5,4,Card update transaction identifier literal (VALUE 'CCUP'),WS-LITERALS,X(4),4,0,NO,DISPLAY,,,,,WS-LITERALS,62,NO,,NO,'CCUP',,,YES
COACTVWC,LIT-CARDUPDATEMAPSET,FIELD,X(8),ALPHANUMERIC,5,8,Card update mapset name literal (VALUE 'COCRDUP '),WS-LITERALS,X(8),8,0,NO,DISPLAY,,,,,WS-LITERALS,66,NO,,NO,'COCRDUP ',,,YES
COACTVWC,LIT-CARDUPDATEMAP,FIELD,X(7),ALPHANUMERIC,5,7,Card update map name literal (VALUE 'CCRDUPA'),WS-LITERALS,X(7),7,0,NO,DISPLAY,,,,,WS-LITERALS,74,NO,,NO,'CCRDUPA',,,YES
COACTVWC,LIT-MENUPGM,FIELD,X(8),ALPHANUMERIC,5,8,Menu program name literal (VALUE 'COMEN01C'),WS-LITERALS,X(8),8,0,NO,DISPLAY,,,,,WS-LITERALS,81,NO,,NO,'COMEN01C',,,YES
COACTVWC,LIT-MENUTRANID,FIELD,X(4),ALPHANUMERIC,5,4,Menu transaction identifier literal (VALUE 'CM00'),WS-LITERALS,X(4),4,0,NO,DISPLAY,,,,,WS-LITERALS,89,NO,,NO,'CM00',,,YES
COACTVWC,LIT-MENUMAPSET,FIELD,X(7),ALPHANUMERIC,5,7,Menu mapset name literal (VALUE 'COMEN01'),WS-LITERALS,X(7),7,0,NO,DISPLAY,,,,,WS-LITERALS,93,NO,,NO,'COMEN01',,,YES
COACTVWC,LIT-MENUMAP,FIELD,X(7),ALPHANUMERIC,5,7,Menu map name literal (VALUE 'COMEN1A'),WS-LITERALS,X(7),7,0,NO,DISPLAY,,,,,WS-LITERALS,100,NO,,NO,'COMEN1A',,,YES
COACTVWC,LIT-CARDDTLPGM,FIELD,X(8),ALPHANUMERIC,5,8,Card details program name literal (VALUE 'COCRDSLC'),WS-LITERALS,X(8),8,0,NO,DISPLAY,,,,,WS-LITERALS,107,NO,,NO,'COCRDSLC',,,YES
COACTVWC,LIT-CARDDTLTRANID,FIELD,X(4),ALPHANUMERIC,5,4,Card details transaction identifier literal (VALUE 'CCDL'),WS-LITERALS,X(4),4,0,NO,DISPLAY,,,,,WS-LITERALS,115,NO,,NO,'CCDL',,,YES
COACTVWC,LIT-CARDDTLMAPSET,FIELD,X(7),ALPHANUMERIC,5,7,Card details mapset name literal (VALUE 'COCRDSL'),WS-LITERALS,X(7),7,0,NO,DISPLAY,,,,,WS-LITERALS,119,NO,,NO,'COCRDSL',,,YES
COACTVWC,LIT-CARDDTLMAP,FIELD,X(7),ALPHANUMERIC,5,7,Card details map name literal (VALUE 'CCRDSLA'),WS-LITERALS,X(7),7,0,NO,DISPLAY,,,,,WS-LITERALS,126,NO,,NO,'CCRDSLA',,,YES
COACTVWC,LIT-ACCTFILENAME,FIELD,X(8),ALPHANUMERIC,5,8,Account master file name literal (VALUE 'ACCTDAT '),WS-LITERALS,X(8),8,0,NO,DISPLAY,,,,,WS-LITERALS,133,NO,,NO,'ACCTDAT ',,,YES
COACTVWC,LIT-CARDFILENAME,FIELD,X(8),ALPHANUMERIC,5,8,Card data file name literal (VALUE 'CARDDAT '),WS-LITERALS,X(8),8,0,NO,DISPLAY,,,,,WS-LITERALS,141,NO,,NO,'CARDDAT ',,,YES
COACTVWC,LIT-CUSTFILENAME,FIELD,X(8),ALPHANUMERIC,5,8,Customer master file name literal (VALUE 'CUSTDAT '),WS-LITERALS,X(8),8,0,NO,DISPLAY,,,,,WS-LITERALS,149,NO,,NO,'CUSTDAT ',,,YES
COACTVWC,LIT-CARDFILENAME-ACCT-PATH,FIELD,X(8),ALPHANUMERIC,5,8,Card file name with account path index literal (VALUE 'CARDAIX '),WS-LITERALS,X(8),8,0,NO,DISPLAY,,,,,WS-LITERALS,157,NO,,NO,'CARDAIX ',,,YES
COACTVWC,LIT-CARDXREFNAME-ACCT-PATH,FIELD,X(8),ALPHANUMERIC,5,8,Card cross-reference file name with account path index literal (VALUE 'CXACAIX '),WS-LITERALS,X(8),8,0,NO,DISPLAY,,,,,WS-LITERALS,165,NO,,NO,'CXACAIX ',,,YES
COACTVWC,LIT-ALL-ALPHA-FROM,FIELD,X(52),ALPHANUMERIC,5,52,"Alphabetic character translation source string literal (52 character alphanumeric, VALUE 'ABCDEFGHIJKLMNOPQRSTUVWXYZabcdefghijklmnopqrstuvwxyz')",WS-LITERALS,X(52),52,0,NO,DISPLAY,,,,,WS-LITERALS,173,NO,,NO,'ABCDEFGHIJKLMNOPQRSTUVWXYZabcdefghijklmnopqrstuvwxyz',,,YES
COACTVWC,LIT-ALL-SPACES-TO,FIELD,X(52),ALPHANUMERIC,5,52,"Space character translation target string literal (52 character alphanumeric, VALUE SPACES)",WS-LITERALS,X(52),52,0,NO,DISPLAY,,,,,WS-LITERALS,225,NO,,NO,SPACES,,,YES
COACTVWC,LIT-UPPER,FIELD,X(26),ALPHANUMERIC,5,26,"Uppercase alphabet literal (26 character alphanumeric, VALUE 'ABCDEFGHIJKLMNOPQRSTUVWXYZ')",WS-LITERALS,X(26),26,0,NO,DISPLAY,,,,,WS-LITERALS,277,NO,,NO,'ABCDEFGHIJKLMNOPQRSTUVWXYZ',,,YES
COACTVWC,LIT-LOWER,FIELD,X(26),ALPHANUMERIC,5,26,"Lowercase alphabet literal (26 character alphanumeric, VALUE 'abcdefghijklmnopqrstuvwxyz')",WS-LITERALS,X(26),26,0,NO,DISPLAY,,,,,WS-LITERALS,303,NO,,NO,'abcdefghijklmnopqrstuvwxyz',,,YES
COACTVWC,WS-THIS-PROGCOMMAREA,RECORD,N/A,GROUP,1,12,Program communication area group for inter-program context,WS-THIS-PROGCOMMAREA,N/A,0,0,NO,DISPLAY,,,,,WS-THIS-PROGCOMMAREA,1,NO,,NO,,,,YES
COACTVWC,CA-CALL-CONTEXT,GROUP,N/A,GROUP,5,12,Calling program context information group,WS-THIS-PROGCOMMAREA,N/A,0,0,NO,DISPLAY,,,,,WS-THIS-PROGCOMMAREA,1,NO,,NO,,,,YES
COACTVWC,CA-FROM-PROGRAM,FIELD,X(08),ALPHANUMERIC,10,8,Calling program name (8 character alphanumeric),CA-CALL-CONTEXT,X(8),8,0,NO,DISPLAY,,,,,WS-THIS-PROGCOMMAREA,1,NO,,NO,,,,YES
COACTVWC,CA-FROM-TRANID,FIELD,X(04),ALPHANUMERIC,10,4,Calling transaction identifier (4 character alphanumeric),CA-CALL-CONTEXT,X(4),4,0,NO,DISPLAY,,,,,WS-THIS-PROGCOMMAREA,9,NO,,NO,,,,YES
COACTVWC,WS-COMMAREA,FIELD,X(2000),ALPHANUMERIC,1,2000,General purpose communication area buffer (2000 character alphanumeric),WS-COMMAREA,X(2000),2000,0,NO,DISPLAY,,,,,WS-COMMAREA,1,NO,,NO,,,,YES
COACTVWC,DFHCOMMAREA,RECORD,N/A,GROUP,1,32767,CICS default communication area (OCCURS 32767),DFHCOMMAREA,N/A,0,0,NO,DISPLAY,,,,,DFHCOMMAREA,1,NO,,NO,,,,YES
COACTVWC,FILLER-6,FIELD,X(1),ALPHANUMERIC,5,1,"Reserved placeholder field used for data structure alignment, padding, or holding constant values",DFHCOMMAREA,X,1,0,NO,DISPLAY,1,32767,,,DFHCOMMAREA,1,NO,,NO,,,,YES
COCRDSLC,WS-MISC-STORAGE,RECORD,N/A,GROUP,1,830,Miscellaneous working storage variables group,WS-MISC-STORAGE,N/A,0,0,NO,DISPLAY,,,,,WS-MISC-STORAGE,1,NO,,NO,,,,YES
COCRDSLC,WS-CICS-PROCESSNG-VARS,GROUP,N/A,GROUP,5,12,CICS processing variables group,WS-MISC-STORAGE,N/A,0,0,NO,DISPLAY,,,,,WS-MISC-STORAGE,1,NO,,NO,,,,YES
COCRDSLC,WS-RESP-CD,FIELD,S9(09) COMP,BINARY,7,4,CICS response code for transaction processing (PIC S9(09) COMP VALUE ZEROS),WS-CICS-PROCESSNG-VARS,'+/-999999999,10,0,YES,COMP,,,,,WS-MISC-STORAGE,1,NO,,NO,ZEROS,,,YES
COCRDSLC,WS-REAS-CD,FIELD,S9(09) COMP,BINARY,7,4,CICS reason code for transaction processing (PIC S9(09) COMP VALUE ZEROS),WS-CICS-PROCESSNG-VARS,'+/-999999999,10,0,YES,COMP,,,,,WS-MISC-STORAGE,5,NO,,NO,ZEROS,,,YES
COCRDSLC,WS-TRANID,FIELD,X(4),ALPHANUMERIC,7,4,CICS transaction identifier (PIC X(4) VALUE SPACES),WS-CICS-PROCESSNG-VARS,X(4),4,0,NO,DISPLAY,,,,,WS-MISC-STORAGE,9,NO,,NO,SPACES,,,YES
COCRDSLC,WS-INPUT-FLAG,FIELD,X(1),ALPHANUMERIC,5,1,Input validation status flag (PIC X(1)),WS-MISC-STORAGE,X,1,0,NO,DISPLAY,,,,,WS-MISC-STORAGE,13,NO,,NO,,,,YES
COCRDSLC,INPUT-OK,CONDITION,N/A,DISPLAY,88,0,Condition: input validation successful (VALUE '0'),WS-INPUT-FLAG,N/A,0,0,NO,DISPLAY,,,,,WS-MISC-STORAGE,13,NO,,NO,,'0',,YES
COCRDSLC,INPUT-ERROR,CONDITION,N/A,DISPLAY,88,0,Condition: input validation failed (VALUE '1'),WS-INPUT-FLAG,N/A,0,0,NO,DISPLAY,,,,,WS-MISC-STORAGE,13,NO,,NO,,'1',,YES
COCRDSLC,INPUT-PENDING,CONDITION,N/A,DISPLAY,88,0,Condition: input validation pending (VALUE LOW-VALUES),WS-INPUT-FLAG,N/A,0,0,NO,DISPLAY,,,,,WS-MISC-STORAGE,13,NO,,NO,,LOW-VALUES,,YES
COCRDSLC,WS-EDIT-ACCT-FLAG,FIELD,X(1),ALPHANUMERIC,5,1,Account filter validation status flag (PIC X(1)),WS-MISC-STORAGE,X,1,0,NO,DISPLAY,,,,,WS-MISC-STORAGE,14,NO,,NO,,,,YES
COCRDSLC,FLG-ACCTFILTER-NOT-OK,CONDITION,N/A,DISPLAY,88,0,Condition: account filter validation failed (VALUE '0'),WS-EDIT-ACCT-FLAG,N/A,0,0,NO,DISPLAY,,,,,WS-MISC-STORAGE,14,NO,,NO,,'0',,YES
COCRDSLC,FLG-ACCTFILTER-ISVALID,CONDITION,N/A,DISPLAY,88,0,Condition: account filter validation successful (VALUE '1'),WS-EDIT-ACCT-FLAG,N/A,0,0,NO,DISPLAY,,,,,WS-MISC-STORAGE,14,NO,,NO,,'1',,YES
COCRDSLC,FLG-ACCTFILTER-BLANK,CONDITION,N/A,DISPLAY,88,0,Condition: account filter blank or uninitialized (VALUE ' '),WS-EDIT-ACCT-FLAG,N/A,0,0,NO,DISPLAY,,,,,WS-MISC-STORAGE,14,NO,,NO,,' ',,YES
COCRDSLC,WS-EDIT-CARD-FLAG,FIELD,X(1),ALPHANUMERIC,5,1,Card filter validation status flag (PIC X(1)),WS-MISC-STORAGE,X,1,0,NO,DISPLAY,,,,,WS-MISC-STORAGE,15,NO,,NO,,,,YES
COCRDSLC,FLG-CARDFILTER-NOT-OK,CONDITION,N/A,DISPLAY,88,0,Condition: card filter validation failed (VALUE '0'),WS-EDIT-CARD-FLAG,N/A,0,0,NO,DISPLAY,,,,,WS-MISC-STORAGE,15,NO,,NO,,'0',,YES
COCRDSLC,FLG-CARDFILTER-ISVALID,CONDITION,N/A,DISPLAY,88,0,Condition: card filter validation successful (VALUE '1'),WS-EDIT-CARD-FLAG,N/A,0,0,NO,DISPLAY,,,,,WS-MISC-STORAGE,15,NO,,NO,,'1',,YES
COCRDSLC,FLG-CARDFILTER-BLANK,CONDITION,N/A,DISPLAY,88,0,Condition: card filter blank or uninitialized (VALUE ' '),WS-EDIT-CARD-FLAG,N/A,0,0,NO,DISPLAY,,,,,WS-MISC-STORAGE,15,NO,,NO,,' ',,YES
COCRDSLC,WS-RETURN-FLAG,FIELD,X(1),ALPHANUMERIC,5,1,Return control flag for program flow (PIC X(1)),WS-MISC-STORAGE,X,1,0,NO,DISPLAY,,,,,WS-MISC-STORAGE,16,NO,,NO,,,,YES
COCRDSLC,WS-RETURN-FLAG-OFF,CONDITION,N/A,DISPLAY,88,0,Condition: return flag inactive (VALUE LOW-VALUES),WS-RETURN-FLAG,N/A,0,0,NO,DISPLAY,,,,,WS-MISC-STORAGE,16,NO,,NO,,LOW-VALUES,,YES
COCRDSLC,WS-RETURN-FLAG-ON,CONDITION,N/A,DISPLAY,88,0,Condition: return flag active (VALUE '1'),WS-RETURN-FLAG,N/A,0,0,NO,DISPLAY,,,,,WS-MISC-STORAGE,16,NO,,NO,,'1',,YES
COCRDSLC,WS-PFK-FLAG,FIELD,X(1),ALPHANUMERIC,5,1,Program function key validation status flag (PIC X(1)),WS-MISC-STORAGE,X,1,0,NO,DISPLAY,,,,,WS-MISC-STORAGE,17,NO,,NO,,,,YES
COCRDSLC,PFK-VALID,CONDITION,N/A,DISPLAY,88,0,Condition: program function key valid (VALUE '0'),WS-PFK-FLAG,N/A,0,0,NO,DISPLAY,,,,,WS-MISC-STORAGE,17,NO,,NO,,'0',,YES
COCRDSLC,PFK-INVALID,CONDITION,N/A,DISPLAY,88,0,Condition: program function key invalid (VALUE '1'),WS-PFK-FLAG,N/A,0,0,NO,DISPLAY,,,,,WS-MISC-STORAGE,17,NO,,NO,,'1',,YES
COCRDSLC,CICS-OUTPUT-EDIT-VARS,GROUP,N/A,GROUP,5,91,CICS output editing variables group for card data,WS-MISC-STORAGE,N/A,0,0,NO,DISPLAY,,,,,WS-MISC-STORAGE,18,NO,,NO,,,,YES
COCRDSLC,CARD-ACCT-ID-X,FIELD,X(11),ALPHANUMERIC,10,11,Card account identifier in character format (PIC X(11)),CICS-OUTPUT-EDIT-VARS,X(11),11,0,NO,DISPLAY,,,,,WS-MISC-STORAGE,18,NO,,NO,,,,YES
COCRDSLC,CARD-ACCT-ID-N,FIELD,9(11),NUMERIC,10,11,Card account identifier in numeric format (PIC 9(11) REDEFINES CARD-ACCT-ID-X),CICS-OUTPUT-EDIT-VARS,99999999999,11,0,NO,DISPLAY,,,,CARD-ACCT-ID-X,WS-MISC-STORAGE,18,NO,,NO,,,,YES
COCRDSLC,CARD-CVV-CD-X,FIELD,X(03),ALPHANUMERIC,10,3,Card CVV code in character format (PIC X(03)),CICS-OUTPUT-EDIT-VARS,X(3),3,0,NO,DISPLAY,,,,,WS-MISC-STORAGE,29,NO,,NO,,,,YES
COCRDSLC,CARD-CVV-CD-N,FIELD,9(03),NUMERIC,10,3,Card CVV code in numeric format (PIC 9(03) REDEFINES CARD-CVV-CD-X),CICS-OUTPUT-EDIT-VARS,999,3,0,NO,DISPLAY,,,,CARD-CVV-CD-X,WS-MISC-STORAGE,29,NO,,NO,,,,YES
COCRDSLC,CARD-CARD-NUM-X,FIELD,X(16),ALPHANUMERIC,10,16,Card number in character format (PIC X(16)),CICS-OUTPUT-EDIT-VARS,X(16),16,0,NO,DISPLAY,,,,,WS-MISC-STORAGE,32,NO,,NO,,,,YES
COCRDSLC,CARD-CARD-NUM-N,FIELD,9(16),NUMERIC,10,16,Card number in numeric format (PIC 9(16) REDEFINES CARD-CARD-NUM-X),CICS-OUTPUT-EDIT-VARS,9999999999999999,16,0,NO,DISPLAY,,,,CARD-CARD-NUM-X,WS-MISC-STORAGE,32,NO,,NO,,,,YES
COCRDSLC,CARD-NAME-EMBOSSED-X,FIELD,X(50),ALPHANUMERIC,10,50,Embossed cardholder name (PIC X(50)),CICS-OUTPUT-EDIT-VARS,X(50),50,0,NO,DISPLAY,,,,,WS-MISC-STORAGE,48,NO,,NO,,,,YES
COCRDSLC,CARD-STATUS-X,FIELD,X,ALPHANUMERIC,10,1,Card status indicator (PIC X),CICS-OUTPUT-EDIT-VARS,X,1,0,NO,DISPLAY,,,,,WS-MISC-STORAGE,98,NO,,NO,,,,YES
COCRDSLC,CARD-EXPIRAION-DATE-X,FIELD,X(10),ALPHANUMERIC,10,10,Card expiration date in character format (PIC X(10)),CICS-OUTPUT-EDIT-VARS,X(10),10,0,NO,DISPLAY,,,,,WS-MISC-STORAGE,99,NO,,NO,,,,YES
COCRDSLC,FILLER-1,GROUP,N/A,GROUP,10,10,"Reserved placeholder field used for data structure alignment, padding, or holding constant values",CICS-OUTPUT-EDIT-VARS,N/A,0,0,NO,DISPLAY,,,,CARD-EXPIRAION-DATE-X,WS-MISC-STORAGE,99,NO,,NO,,,,YES
COCRDSLC,CARD-EXPIRY-YEAR,FIELD,X(4),ALPHANUMERIC,20,4,Card expiration year component (PIC X(4)),FILLER-1,X(4),4,0,NO,DISPLAY,,,,,WS-MISC-STORAGE,99,NO,,NO,,,,YES
COCRDSLC,FILLER-2,FIELD,X(1),ALPHANUMERIC,20,1,"Reserved placeholder field used for data structure alignment, padding, or holding constant values",FILLER-1,X,1,0,NO,DISPLAY,,,,,WS-MISC-STORAGE,103,NO,,NO,,,,YES
COCRDSLC,CARD-EXPIRY-MONTH,FIELD,X(2),ALPHANUMERIC,20,2,Card expiration month component (PIC X(2)),FILLER-1,X(2),2,0,NO,DISPLAY,,,,,WS-MISC-STORAGE,104,NO,,NO,,,,YES
COCRDSLC,FILLER-3,FIELD,X(1),ALPHANUMERIC,20,1,"Reserved placeholder field used for data structure alignment, padding, or holding constant values",FILLER-1,X,1,0,NO,DISPLAY,,,,,WS-MISC-STORAGE,106,NO,,NO,,,,YES
COCRDSLC,CARD-EXPIRY-DAY,FIELD,X(2),ALPHANUMERIC,20,2,Card expiration day component (PIC X(2)),FILLER-1,X(2),2,0,NO,DISPLAY,,,,,WS-MISC-STORAGE,107,NO,,NO,,,,YES
COCRDSLC,CARD-EXPIRAION-DATE-N,FIELD,9(10),NUMERIC,10,10,Card expiration date in numeric format (PIC 9(10) REDEFINES CARD-EXPIRAION-DATE-X),CICS-OUTPUT-EDIT-VARS,9999999999,10,0,NO,DISPLAY,,,,CARD-EXPIRAION-DATE-X,WS-MISC-STORAGE,99,NO,,NO,,,,YES
COCRDSLC,WS-CARD-RID,GROUP,N/A,GROUP,5,27,Card record identifier group,WS-MISC-STORAGE,N/A,0,0,NO,DISPLAY,,,,,WS-MISC-STORAGE,109,NO,,NO,,,,YES
COCRDSLC,WS-CARD-RID-CARDNUM,FIELD,X(16),ALPHANUMERIC,10,16,Card number for record identification (PIC X(16)),WS-CARD-RID,X(16),16,0,NO,DISPLAY,,,,,WS-MISC-STORAGE,109,NO,,NO,,,,YES
COCRDSLC,WS-CARD-RID-ACCT-ID,FIELD,9(11),NUMERIC,10,11,Account identifier for record identification in numeric format (PIC 9(11)),WS-CARD-RID,99999999999,11,0,NO,DISPLAY,,,,,WS-MISC-STORAGE,125,NO,,NO,,,,YES
COCRDSLC,WS-CARD-RID-ACCT-ID-X,FIELD,X(11),ALPHANUMERIC,10,11,Account identifier for record identification in character format (PIC X(11) REDEFINES WS-CARD-RID-ACCT-ID),WS-CARD-RID,X(11),11,0,NO,DISPLAY,,,,WS-CARD-RID-ACCT-ID,WS-MISC-STORAGE,125,NO,,NO,,,,YES
COCRDSLC,WS-FILE-ERROR-MESSAGE,GROUP,N/A,GROUP,5,80,File error message construction group,WS-MISC-STORAGE,N/A,0,0,NO,DISPLAY,,,,,WS-MISC-STORAGE,136,NO,,NO,,,,YES
COCRDSLC,FILLER-4,FIELD,X(12),ALPHANUMERIC,10,12,"Reserved placeholder field used for data structure alignment, padding, or holding constant values",WS-FILE-ERROR-MESSAGE,X(12),12,0,NO,DISPLAY,,,,,WS-MISC-STORAGE,136,NO,,NO,'File Error: ',,,YES
COCRDSLC,ERROR-OPNAME,FIELD,X(8),ALPHANUMERIC,10,8,File operation name in error message (PIC X(8) VALUE SPACES),WS-FILE-ERROR-MESSAGE,X(8),8,0,NO,DISPLAY,,,,,WS-MISC-STORAGE,148,NO,,NO,SPACES,,,YES
COCRDSLC,FILLER-5,FIELD,X(4),ALPHANUMERIC,10,4,"Reserved placeholder field used for data structure alignment, padding, or holding constant values",WS-FILE-ERROR-MESSAGE,X(4),4,0,NO,DISPLAY,,,,,WS-MISC-STORAGE,156,NO,,NO,' on ',,,YES
COCRDSLC,ERROR-FILE,FIELD,X(9),ALPHANUMERIC,10,9,File name in error message (PIC X(9) VALUE SPACES),WS-FILE-ERROR-MESSAGE,X(9),9,0,NO,DISPLAY,,,,,WS-MISC-STORAGE,160,NO,,NO,SPACES,,,YES
COCRDSLC,FILLER-6,FIELD,X(15),ALPHANUMERIC,10,15,"Reserved placeholder field used for data structure alignment, padding, or holding constant values",WS-FILE-ERROR-MESSAGE,X(15),15,0,NO,DISPLAY,,,,,WS-MISC-STORAGE,169,NO,,NO,' returned RESP ',,,YES
COCRDSLC,ERROR-RESP,FIELD,X(10),ALPHANUMERIC,10,10,CICS RESP code in error message (PIC X(10) VALUE SPACES),WS-FILE-ERROR-MESSAGE,X(10),10,0,NO,DISPLAY,,,,,WS-MISC-STORAGE,184,NO,,NO,SPACES,,,YES
COCRDSLC,FILLER-7,FIELD,X(7),ALPHANUMERIC,10,7,"Reserved placeholder field used for data structure alignment, padding, or holding constant values",WS-FILE-ERROR-MESSAGE,X(7),7,0,NO,DISPLAY,,,,,WS-MISC-STORAGE,194,NO,,NO,"',RESP2 '",,,YES
COCRDSLC,ERROR-RESP2,FIELD,X(10),ALPHANUMERIC,10,10,CICS RESP2 code in error message (PIC X(10) VALUE SPACES),WS-FILE-ERROR-MESSAGE,X(10),10,0,NO,DISPLAY,,,,,WS-MISC-STORAGE,201,NO,,NO,SPACES,,,YES
COCRDSLC,FILLER-8,FIELD,X(5),ALPHANUMERIC,10,5,"Reserved placeholder field used for data structure alignment, padding, or holding constant values",WS-FILE-ERROR-MESSAGE,X(5),5,0,NO,DISPLAY,,,,,WS-MISC-STORAGE,211,NO,,NO,SPACES,,,YES
COCRDSLC,WS-LONG-MSG,FIELD,X(500),ALPHANUMERIC,5,500,Long message text buffer (PIC X(500)),WS-MISC-STORAGE,X(500),500,0,NO,DISPLAY,,,,,WS-MISC-STORAGE,216,NO,,NO,,,,YES
COCRDSLC,WS-INFO-MSG,FIELD,X(40),ALPHANUMERIC,5,40,Information message text (PIC X(40)),WS-MISC-STORAGE,X(40),40,0,NO,DISPLAY,,,,,WS-MISC-STORAGE,716,NO,,NO,,,,YES
COCRDSLC,WS-NO-INFO-MESSAGE,CONDITION,N/A,DISPLAY,88,0,"Condition: no information message to display (VALUE SPACES, LOW-VALUES)",WS-INFO-MSG,N/A,0,0,NO,DISPLAY,,,,,WS-MISC-STORAGE,716,NO,,NO,,"SPACES, LOW-VALUES",,YES
COCRDSLC,FOUND-CARDS-FOR-ACCOUNT,CONDITION,N/A,DISPLAY,88,0,Condition: cards found for requested account (VALUE '   Displaying requested details'),WS-INFO-MSG,N/A,0,0,NO,DISPLAY,,,,,WS-MISC-STORAGE,716,NO,,NO,,'   Displaying requested details',,YES
COCRDSLC,WS-PROMPT-FOR-INPUT,CONDITION,N/A,DISPLAY,88,0,Condition: prompt user for input (VALUE 'Please enter Account and Card Number'),WS-INFO-MSG,N/A,0,0,NO,DISPLAY,,,,,WS-MISC-STORAGE,716,NO,,NO,,'Please enter Account and Card Number',,YES
COCRDSLC,WS-RETURN-MSG,FIELD,X(75),ALPHANUMERIC,5,75,Return message text (PIC X(75)),WS-MISC-STORAGE,X(75),75,0,NO,DISPLAY,,,,,WS-MISC-STORAGE,756,NO,,NO,,,,YES
COCRDSLC,WS-RETURN-MSG-OFF,CONDITION,N/A,DISPLAY,88,0,Condition: return message inactive (VALUE SPACES),WS-RETURN-MSG,N/A,0,0,NO,DISPLAY,,,,,WS-MISC-STORAGE,756,NO,,NO,,SPACES,,YES
COCRDSLC,WS-EXIT-MESSAGE,CONDITION,N/A,DISPLAY,88,0,Condition: exit message for PF03 key press (VALUE 'PF03 pressed.Exiting              '),WS-RETURN-MSG,N/A,0,0,NO,DISPLAY,,,,,WS-MISC-STORAGE,756,NO,,NO,,'PF03 pressed.Exiting              ',,YES
COCRDSLC,WS-PROMPT-FOR-ACCT,CONDITION,N/A,DISPLAY,88,0,Condition: prompt for account number (VALUE 'Account number not provided'),WS-RETURN-MSG,N/A,0,0,NO,DISPLAY,,,,,WS-MISC-STORAGE,756,NO,,NO,,'Account number not provided',,YES
COCRDSLC,WS-PROMPT-FOR-CARD,CONDITION,N/A,DISPLAY,88,0,Condition: prompt for card number (VALUE 'Card number not provided'),WS-RETURN-MSG,N/A,0,0,NO,DISPLAY,,,,,WS-MISC-STORAGE,756,NO,,NO,,'Card number not provided',,YES
COCRDSLC,NO-SEARCH-CRITERIA-RECEIVED,CONDITION,N/A,DISPLAY,88,0,Condition: no search criteria provided (VALUE 'No input received'),WS-RETURN-MSG,N/A,0,0,NO,DISPLAY,,,,,WS-MISC-STORAGE,756,NO,,NO,,'No input received',,YES
COCRDSLC,SEARCHED-ACCT-ZEROES,CONDITION,N/A,DISPLAY,88,0,Condition: account number contains zeroes (VALUE 'Account number must be a non zero 11 digit number'),WS-RETURN-MSG,N/A,0,0,NO,DISPLAY,,,,,WS-MISC-STORAGE,756,NO,,NO,,'Account number must be a non zero 11 digit number',,YES
COCRDSLC,SEARCHED-ACCT-NOT-NUMERIC,CONDITION,N/A,DISPLAY,88,0,Condition: account number not numeric (VALUE 'Account number must be a non zero 11 digit number'),WS-RETURN-MSG,N/A,0,0,NO,DISPLAY,,,,,WS-MISC-STORAGE,756,NO,,NO,,'Account number must be a non zero 11 digit number',,YES
COCRDSLC,SEARCHED-CARD-NOT-NUMERIC,CONDITION,N/A,DISPLAY,88,0,Condition: card number not numeric (VALUE 'Card number if supplied must be a 16 digit number'),WS-RETURN-MSG,N/A,0,0,NO,DISPLAY,,,,,WS-MISC-STORAGE,756,NO,,NO,,'Card number if supplied must be a 16 digit number',,YES
COCRDSLC,DID-NOT-FIND-ACCT-IN-CARDXREF,CONDITION,N/A,DISPLAY,88,0,Condition: account not found in card database (VALUE 'Did not find this account in cards database'),WS-RETURN-MSG,N/A,0,0,NO,DISPLAY,,,,,WS-MISC-STORAGE,756,NO,,NO,,'Did not find this account in cards database',,YES
COCRDSLC,DID-NOT-FIND-ACCTCARD-COMBO,CONDITION,N/A,DISPLAY,88,0,Condition: account and card combination not found (VALUE 'Did not find cards for this search condition'),WS-RETURN-MSG,N/A,0,0,NO,DISPLAY,,,,,WS-MISC-STORAGE,756,NO,,NO,,'Did not find cards for this search condition',,YES
COCRDSLC,XREF-READ-ERROR,CONDITION,N/A,DISPLAY,88,0,Condition: error reading card data file (VALUE 'Error reading Card Data File'),WS-RETURN-MSG,N/A,0,0,NO,DISPLAY,,,,,WS-MISC-STORAGE,756,NO,,NO,,'Error reading Card Data File',,YES
COCRDSLC,CODING-TO-BE-DONE,CONDITION,N/A,DISPLAY,88,0,Condition: validation passed pending further processing (VALUE 'Looks Good.... so far'),WS-RETURN-MSG,N/A,0,0,NO,DISPLAY,,,,,WS-MISC-STORAGE,756,NO,,NO,,'Looks Good.... so far',,YES
COCRDSLC,WS-LITERALS,RECORD,N/A,GROUP,1,95,Program literals and constants group,WS-LITERALS,N/A,0,0,NO,DISPLAY,,,,,WS-LITERALS,1,NO,,NO,,,,YES
COCRDSLC,LIT-THISPGM,FIELD,X(8),ALPHANUMERIC,5,8,Current program name literal (PIC X(8) VALUE 'COCRDSLC'),WS-LITERALS,X(8),8,0,NO,DISPLAY,,,,,WS-LITERALS,1,NO,,NO,'COCRDSLC',,,YES
COCRDSLC,LIT-THISTRANID,FIELD,X(4),ALPHANUMERIC,5,4,Current transaction identifier literal (PIC X(4) VALUE 'CCDL'),WS-LITERALS,X(4),4,0,NO,DISPLAY,,,,,WS-LITERALS,9,NO,,NO,'CCDL',,,YES
COCRDSLC,LIT-THISMAPSET,FIELD,X(8),ALPHANUMERIC,5,8,Current mapset name literal (PIC X(8) VALUE 'COCRDSL '),WS-LITERALS,X(8),8,0,NO,DISPLAY,,,,,WS-LITERALS,13,NO,,NO,'COCRDSL ',,,YES
COCRDSLC,LIT-THISMAP,FIELD,X(7),ALPHANUMERIC,5,7,Current map name literal (PIC X(7) VALUE 'CCRDSLA'),WS-LITERALS,X(7),7,0,NO,DISPLAY,,,,,WS-LITERALS,21,NO,,NO,'CCRDSLA',,,YES
COCRDSLC,LIT-CCLISTPGM,FIELD,X(8),ALPHANUMERIC,5,8,Card list program name literal (PIC X(8) VALUE 'COCRDLIC'),WS-LITERALS,X(8),8,0,NO,DISPLAY,,,,,WS-LITERALS,28,NO,,NO,'COCRDLIC',,,YES
COCRDSLC,LIT-CCLISTTRANID,FIELD,X(4),ALPHANUMERIC,5,4,Card list transaction identifier literal (PIC X(4) VALUE 'CCLI'),WS-LITERALS,X(4),4,0,NO,DISPLAY,,,,,WS-LITERALS,36,NO,,NO,'CCLI',,,YES
COCRDSLC,LIT-CCLISTMAPSET,FIELD,X(7),ALPHANUMERIC,5,7,Card list mapset name literal (PIC X(7) VALUE 'COCRDLI'),WS-LITERALS,X(7),7,0,NO,DISPLAY,,,,,WS-LITERALS,40,NO,,NO,'COCRDLI',,,YES
COCRDSLC,LIT-CCLISTMAP,FIELD,X(7),ALPHANUMERIC,5,7,Card list map name literal (PIC X(7) VALUE 'CCRDSLA'),WS-LITERALS,X(7),7,0,NO,DISPLAY,,,,,WS-LITERALS,47,NO,,NO,'CCRDSLA',,,YES
COCRDSLC,LIT-MENUPGM,FIELD,X(8),ALPHANUMERIC,5,8,Menu program name literal (PIC X(8) VALUE 'COMEN01C'),WS-LITERALS,X(8),8,0,NO,DISPLAY,,,,,WS-LITERALS,54,NO,,NO,'COMEN01C',,,YES
COCRDSLC,LIT-MENUTRANID,FIELD,X(4),ALPHANUMERIC,5,4,Menu transaction identifier literal (PIC X(4) VALUE 'CM00'),WS-LITERALS,X(4),4,0,NO,DISPLAY,,,,,WS-LITERALS,62,NO,,NO,'CM00',,,YES
COCRDSLC,LIT-MENUMAPSET,FIELD,X(7),ALPHANUMERIC,5,7,Menu mapset name literal (PIC X(7) VALUE 'COMEN01'),WS-LITERALS,X(7),7,0,NO,DISPLAY,,,,,WS-LITERALS,66,NO,,NO,'COMEN01',,,YES
COCRDSLC,LIT-MENUMAP,FIELD,X(7),ALPHANUMERIC,5,7,Menu map name literal (PIC X(7) VALUE 'COMEN1A'),WS-LITERALS,X(7),7,0,NO,DISPLAY,,,,,WS-LITERALS,73,NO,,NO,'COMEN1A',,,YES
COCRDSLC,LIT-CARDFILENAME,FIELD,X(8),ALPHANUMERIC,5,8,Card data file name literal (PIC X(8) VALUE 'CARDDAT '),WS-LITERALS,X(8),8,0,NO,DISPLAY,,,,,WS-LITERALS,80,NO,,NO,'CARDDAT ',,,YES
COCRDSLC,LIT-CARDFILENAME-ACCT-PATH,FIELD,X(8),ALPHANUMERIC,5,8,Card data file account path index literal (PIC X(8) VALUE 'CARDAIX '),WS-LITERALS,X(8),8,0,NO,DISPLAY,,,,,WS-LITERALS,88,NO,,NO,'CARDAIX ',,,YES
COCRDSLC,WS-THIS-PROGCOMMAREA,RECORD,N/A,GROUP,1,12,Current program communication area group,WS-THIS-PROGCOMMAREA,N/A,0,0,NO,DISPLAY,,,,,WS-THIS-PROGCOMMAREA,1,NO,,NO,,,,YES
COCRDSLC,CA-CALL-CONTEXT,GROUP,N/A,GROUP,5,12,Call context information group,WS-THIS-PROGCOMMAREA,N/A,0,0,NO,DISPLAY,,,,,WS-THIS-PROGCOMMAREA,1,NO,,NO,,,,YES
COCRDSLC,CA-FROM-PROGRAM,FIELD,X(08),ALPHANUMERIC,10,8,Calling program name (PIC X(08)),CA-CALL-CONTEXT,X(8),8,0,NO,DISPLAY,,,,,WS-THIS-PROGCOMMAREA,1,NO,,NO,,,,YES
COCRDSLC,CA-FROM-TRANID,FIELD,X(04),ALPHANUMERIC,10,4,Calling transaction identifier (PIC X(04)),CA-CALL-CONTEXT,X(4),4,0,NO,DISPLAY,,,,,WS-THIS-PROGCOMMAREA,9,NO,,NO,,,,YES
COCRDSLC,WS-COMMAREA,FIELD,X(2000),ALPHANUMERIC,1,2000,Working storage communication area buffer (PIC X(2000)),WS-COMMAREA,X(2000),2000,0,NO,DISPLAY,,,,,WS-COMMAREA,1,NO,,NO,,,,YES
COCRDSLC,DFHCOMMAREA,RECORD,N/A,GROUP,1,32767,CICS default communication area (PIC X(1) OCCURS 32767),DFHCOMMAREA,N/A,0,0,NO,DISPLAY,,,,,DFHCOMMAREA,1,NO,,NO,,,,YES
COCRDSLC,FILLER-9,FIELD,X(1),ALPHANUMERIC,5,1,"Reserved placeholder field used for data structure alignment, padding, or holding constant values",DFHCOMMAREA,X,1,0,NO,DISPLAY,1,32767,,,DFHCOMMAREA,1,NO,,NO,,,,YES
COTRN00C,WS-VARIABLES,RECORD,N/A,GROUP,1,195,Working storage variables group for program COTRN00C,WS-VARIABLES,N/A,0,0,NO,DISPLAY,,,,,WS-VARIABLES,1,NO,,NO,,,,YES
COTRN00C,WS-PGMNAME,FIELD,X(08),ALPHANUMERIC,5,8,Program name identifier (VALUE 'COTRN00C') (PIC X(08)),WS-VARIABLES,X(8),8,0,NO,DISPLAY,,,,,WS-VARIABLES,1,NO,,NO,'COTRN00C',,,YES
COTRN00C,WS-TRANID,FIELD,X(04),ALPHANUMERIC,5,4,Transaction ID identifier (VALUE 'CT00') (PIC X(04)),WS-VARIABLES,X(4),4,0,NO,DISPLAY,,,,,WS-VARIABLES,9,NO,,NO,'CT00',,,YES
COTRN00C,WS-MESSAGE,FIELD,X(80),ALPHANUMERIC,5,80,Message text buffer for display or logging (PIC X(80)) (VALUE SPACES),WS-VARIABLES,X(80),80,0,NO,DISPLAY,,,,,WS-VARIABLES,13,NO,,NO,SPACES,,,YES
COTRN00C,WS-TRANSACT-FILE,FIELD,X(08),ALPHANUMERIC,5,8,Transaction file name identifier (VALUE 'TRANSACT') (PIC X(08)),WS-VARIABLES,X(8),8,0,NO,DISPLAY,,,,,WS-VARIABLES,93,NO,,NO,'TRANSACT',,,YES
COTRN00C,WS-ERR-FLG,FIELD,X(01),ALPHANUMERIC,5,1,Error flag indicator (PIC X(01)) (VALUE 'N'),WS-VARIABLES,X,1,0,NO,DISPLAY,,,,,WS-VARIABLES,101,NO,,NO,'N',,,YES
COTRN00C,ERR-FLG-ON,CONDITION,N/A,DISPLAY,88,0,Condition: error flag is set to on (VALUE 'Y'),WS-ERR-FLG,N/A,0,0,NO,DISPLAY,,,,,WS-VARIABLES,101,NO,,NO,,'Y',,YES
COTRN00C,ERR-FLG-OFF,CONDITION,N/A,DISPLAY,88,0,Condition: error flag is set to off (VALUE 'N'),WS-ERR-FLG,N/A,0,0,NO,DISPLAY,,,,,WS-VARIABLES,101,NO,,NO,,'N',,YES
COTRN00C,WS-TRANSACT-EOF,FIELD,X(01),ALPHANUMERIC,5,1,End-of-file flag for transaction file (PIC X(01)) (VALUE 'N'),WS-VARIABLES,X,1,0,NO,DISPLAY,,,,,WS-VARIABLES,102,NO,,NO,'N',,,YES
COTRN00C,TRANSACT-EOF,CONDITION,N/A,DISPLAY,88,0,Condition: transaction file has reached end-of-file (VALUE 'Y'),WS-TRANSACT-EOF,N/A,0,0,NO,DISPLAY,,,,,WS-VARIABLES,102,NO,,NO,,'Y',,YES
COTRN00C,TRANSACT-NOT-EOF,CONDITION,N/A,DISPLAY,88,0,Condition: transaction file has not reached end-of-file (VALUE 'N'),WS-TRANSACT-EOF,N/A,0,0,NO,DISPLAY,,,,,WS-VARIABLES,102,NO,,NO,,'N',,YES
COTRN00C,WS-SEND-ERASE-FLG,FIELD,X(01),ALPHANUMERIC,5,1,Screen erase flag for SEND command (PIC X(01)) (VALUE 'Y'),WS-VARIABLES,X,1,0,NO,DISPLAY,,,,,WS-VARIABLES,103,NO,,NO,'Y',,,YES
COTRN00C,SEND-ERASE-YES,CONDITION,N/A,DISPLAY,88,0,Condition: screen erase is enabled for SEND (VALUE 'Y'),WS-SEND-ERASE-FLG,N/A,0,0,NO,DISPLAY,,,,,WS-VARIABLES,103,NO,,NO,,'Y',,YES
COTRN00C,SEND-ERASE-NO,CONDITION,N/A,DISPLAY,88,0,Condition: screen erase is disabled for SEND (VALUE 'N'),WS-SEND-ERASE-FLG,N/A,0,0,NO,DISPLAY,,,,,WS-VARIABLES,103,NO,,NO,,'N',,YES
COTRN00C,WS-RESP-CD,FIELD,S9(09) COMP,BINARY,5,4,CICS response code from command execution (PIC S9(09) COMP) (VALUE ZEROS),WS-VARIABLES,'+/-999999999,10,0,YES,COMP,,,,,WS-VARIABLES,104,NO,,NO,ZEROS,,,YES
COTRN00C,WS-REAS-CD,FIELD,S9(09) COMP,BINARY,5,4,CICS reason code from command execution (PIC S9(09) COMP) (VALUE ZEROS),WS-VARIABLES,'+/-999999999,10,0,YES,COMP,,,,,WS-VARIABLES,108,NO,,NO,ZEROS,,,YES
COTRN00C,WS-REC-COUNT,FIELD,S9(04) COMP,BINARY,5,2,Counter for number of transaction records processed (PIC S9(04) COMP) (VALUE ZEROS),WS-VARIABLES,'+/-9999,5,0,YES,COMP,,,,,WS-VARIABLES,112,NO,,NO,ZEROS,,,YES
COTRN00C,WS-IDX,FIELD,S9(04) COMP,BINARY,5,2,Index or loop counter for array iteration (PIC S9(04) COMP) (VALUE ZEROS),WS-VARIABLES,'+/-9999,5,0,YES,COMP,,,,,WS-VARIABLES,114,NO,,NO,ZEROS,,,YES
COTRN00C,WS-PAGE-NUM,FIELD,S9(04) COMP,BINARY,5,2,Current page number for paginated display (PIC S9(04) COMP) (VALUE ZEROS),WS-VARIABLES,'+/-9999,5,0,YES,COMP,,,,,WS-VARIABLES,116,NO,,NO,ZEROS,,,YES
COTRN00C,WS-TRAN-AMT,FIELD,'+99999999.99,DECIMAL,5,12,Transaction amount with sign and decimal places (PIC +99999999.99),WS-VARIABLES,'+99999999.99,12,2,YES,DISPLAY,,,,,WS-VARIABLES,118,NO,,NO,,,,YES
COTRN00C,WS-TRAN-DATE,FIELD,X(08),ALPHANUMERIC,5,8,Transaction date in MM/DD/YY format (PIC X(08)) (VALUE '00/00/00'),WS-VARIABLES,X(8),8,0,NO,DISPLAY,,,,,WS-VARIABLES,130,NO,,NO,'00/00/00',,,YES
COTRN00C,CDEMO-CT00-INFO,GROUP,N/A,GROUP,5,58,Container group for CT00 transaction screen information,WS-VARIABLES,N/A,0,0,NO,DISPLAY,,,,,WS-VARIABLES,138,NO,,NO,,,,YES
COTRN00C,CDEMO-CT00-TRNID-FIRST,FIELD,X(16),ALPHANUMERIC,10,16,First transaction ID range boundary for query filter (PIC X(16)),CDEMO-CT00-INFO,X(16),16,0,NO,DISPLAY,,,,,WS-VARIABLES,138,NO,,NO,,,,YES
COTRN00C,CDEMO-CT00-TRNID-LAST,FIELD,X(16),ALPHANUMERIC,10,16,Last transaction ID range boundary for query filter (PIC X(16)),CDEMO-CT00-INFO,X(16),16,0,NO,DISPLAY,,,,,WS-VARIABLES,154,NO,,NO,,,,YES
COTRN00C,CDEMO-CT00-PAGE-NUM,FIELD,9(08),NUMERIC,10,8,Page number for transaction list pagination (PIC 9(08)),CDEMO-CT00-INFO,99999999,8,0,NO,DISPLAY,,,,,WS-VARIABLES,170,NO,,NO,,,,YES
COTRN00C,CDEMO-CT00-NEXT-PAGE-FLG,FIELD,X(01),ALPHANUMERIC,10,1,Flag indicating whether additional pages exist (PIC X(01)) (VALUE 'N'),CDEMO-CT00-INFO,X,1,0,NO,DISPLAY,,,,,WS-VARIABLES,178,NO,,NO,'N',,,YES
COTRN00C,NEXT-PAGE-YES,CONDITION,N/A,DISPLAY,88,0,Condition: additional pages exist for transaction list (VALUE 'Y'),CDEMO-CT00-NEXT-PAGE-FLG,N/A,0,0,NO,DISPLAY,,,,,WS-VARIABLES,178,NO,,NO,,'Y',,YES
COTRN00C,NEXT-PAGE-NO,CONDITION,N/A,DISPLAY,88,0,Condition: no additional pages exist for transaction list (VALUE 'N'),CDEMO-CT00-NEXT-PAGE-FLG,N/A,0,0,NO,DISPLAY,,,,,WS-VARIABLES,178,NO,,NO,,'N',,YES
COTRN00C,CDEMO-CT00-TRN-SEL-FLG,FIELD,X(01),ALPHANUMERIC,10,1,Flag indicating transaction selection status (PIC X(01)),CDEMO-CT00-INFO,X,1,0,NO,DISPLAY,,,,,WS-VARIABLES,179,NO,,NO,,,,YES
COTRN00C,CDEMO-CT00-TRN-SELECTED,FIELD,X(16),ALPHANUMERIC,10,16,Selected transaction ID from user selection (PIC X(16)),CDEMO-CT00-INFO,X(16),16,0,NO,DISPLAY,,,,,WS-VARIABLES,180,NO,,NO,,,,YES
COTRN00C,DFHCOMMAREA,RECORD,N/A,GROUP,1,32767,CICS communication area for inter-program data passing,DFHCOMMAREA,N/A,0,0,NO,DISPLAY,,,,,DFHCOMMAREA,1,NO,,NO,,,,YES
COTRN00C,LK-COMMAREA,FIELD,X(01),ALPHANUMERIC,5,1,Communication area data buffer for program linkage (PIC X(01)) (OCCURS 32767),DFHCOMMAREA,X,1,0,NO,DISPLAY,1,32767,,,DFHCOMMAREA,1,NO,,NO,,,,YES
CORPT00C,WS-VARIABLES,RECORD,N/A,GROUP,1,262,Working storage variables group,WS-VARIABLES,N/A,0,0,NO,DISPLAY,,,,,WS-VARIABLES,1,NO,,NO,,,,YES
CORPT00C,WS-PGMNAME,FIELD,X(08),ALPHANUMERIC,5,8,Program name identifier (VALUE 'CORPT00C'),WS-VARIABLES,X(8),8,0,NO,DISPLAY,,,,,WS-VARIABLES,1,NO,,NO,'CORPT00C',,,YES
CORPT00C,WS-TRANID,FIELD,X(04),ALPHANUMERIC,5,4,Transaction identifier code (VALUE 'CR00'),WS-VARIABLES,X(4),4,0,NO,DISPLAY,,,,,WS-VARIABLES,9,NO,,NO,'CR00',,,YES
CORPT00C,WS-MESSAGE,FIELD,X(80),ALPHANUMERIC,5,80,Message text buffer for display or logging (80 characters),WS-VARIABLES,X(80),80,0,NO,DISPLAY,,,,,WS-VARIABLES,13,NO,,NO,SPACES,,,YES
CORPT00C,WS-TRANSACT-FILE,FIELD,X(08),ALPHANUMERIC,5,8,Transaction file name reference (VALUE 'TRANSACT'),WS-VARIABLES,X(8),8,0,NO,DISPLAY,,,,,WS-VARIABLES,93,NO,,NO,'TRANSACT',,,YES
CORPT00C,WS-ERR-FLG,FIELD,X(01),ALPHANUMERIC,5,1,Error flag indicator (VALUE 'N'),WS-VARIABLES,X,1,0,NO,DISPLAY,,,,,WS-VARIABLES,101,NO,,NO,'N',,,YES
CORPT00C,ERR-FLG-ON,CONDITION,N/A,DISPLAY,88,0,Condition: error flag is set to on (VALUE 'Y'),WS-ERR-FLG,N/A,0,0,NO,DISPLAY,,,,,WS-VARIABLES,101,NO,,NO,,'Y',,YES
CORPT00C,ERR-FLG-OFF,CONDITION,N/A,DISPLAY,88,0,Condition: error flag is set to off (VALUE 'N'),WS-ERR-FLG,N/A,0,0,NO,DISPLAY,,,,,WS-VARIABLES,101,NO,,NO,,'N',,YES
CORPT00C,WS-TRANSACT-EOF,FIELD,X(01),ALPHANUMERIC,5,1,End of file flag for transaction file (VALUE 'N'),WS-VARIABLES,X,1,0,NO,DISPLAY,,,,,WS-VARIABLES,102,NO,,NO,'N',,,YES
CORPT00C,TRANSACT-EOF,CONDITION,N/A,DISPLAY,88,0,Condition: transaction file has reached end of file (VALUE 'Y'),WS-TRANSACT-EOF,N/A,0,0,NO,DISPLAY,,,,,WS-VARIABLES,102,NO,,NO,,'Y',,YES
CORPT00C,TRANSACT-NOT-EOF,CONDITION,N/A,DISPLAY,88,0,Condition: transaction file has not reached end of file (VALUE 'N'),WS-TRANSACT-EOF,N/A,0,0,NO,DISPLAY,,,,,WS-VARIABLES,102,NO,,NO,,'N',,YES
CORPT00C,WS-SEND-ERASE-FLG,FIELD,X(01),ALPHANUMERIC,5,1,Screen erase flag for CICS send operation (VALUE 'Y'),WS-VARIABLES,X,1,0,NO,DISPLAY,,,,,WS-VARIABLES,103,NO,,NO,'Y',,,YES
CORPT00C,SEND-ERASE-YES,CONDITION,N/A,DISPLAY,88,0,Condition: screen erase is enabled (VALUE 'Y'),WS-SEND-ERASE-FLG,N/A,0,0,NO,DISPLAY,,,,,WS-VARIABLES,103,NO,,NO,,'Y',,YES
CORPT00C,SEND-ERASE-NO,CONDITION,N/A,DISPLAY,88,0,Condition: screen erase is disabled (VALUE 'N'),WS-SEND-ERASE-FLG,N/A,0,0,NO,DISPLAY,,,,,WS-VARIABLES,103,NO,,NO,,'N',,YES
CORPT00C,WS-END-LOOP,FIELD,X(01),ALPHANUMERIC,5,1,Loop termination flag (VALUE 'N'),WS-VARIABLES,X,1,0,NO,DISPLAY,,,,,WS-VARIABLES,104,NO,,NO,'N',,,YES
CORPT00C,END-LOOP-YES,CONDITION,N/A,DISPLAY,88,0,Condition: loop processing should end (VALUE 'Y'),WS-END-LOOP,N/A,0,0,NO,DISPLAY,,,,,WS-VARIABLES,104,NO,,NO,,'Y',,YES
CORPT00C,END-LOOP-NO,CONDITION,N/A,DISPLAY,88,0,Condition: loop processing should continue (VALUE 'N'),WS-END-LOOP,N/A,0,0,NO,DISPLAY,,,,,WS-VARIABLES,104,NO,,NO,,'N',,YES
CORPT00C,WS-RESP-CD,FIELD,S9(09) COMP,BINARY,5,4,"CICS response code for API calls (USAGE COMP, signed 9 digits)",WS-VARIABLES,'+/-999999999,10,0,YES,COMP,,,,,WS-VARIABLES,105,NO,,NO,ZEROS,,,YES
CORPT00C,WS-REAS-CD,FIELD,S9(09) COMP,BINARY,5,4,"CICS reason code for API calls (USAGE COMP, signed 9 digits)",WS-VARIABLES,'+/-999999999,10,0,YES,COMP,,,,,WS-VARIABLES,109,NO,,NO,ZEROS,,,YES
CORPT00C,WS-REC-COUNT,FIELD,S9(04) COMP,BINARY,5,2,"Record counter for transaction processing (USAGE COMP, signed 4 digits)",WS-VARIABLES,'+/-9999,5,0,YES,COMP,,,,,WS-VARIABLES,113,NO,,NO,ZEROS,,,YES
CORPT00C,WS-IDX,FIELD,S9(04) COMP,BINARY,5,2,"Index variable for array or table iteration (USAGE COMP, signed 4 digits)",WS-VARIABLES,'+/-9999,5,0,YES,COMP,,,,,WS-VARIABLES,115,NO,,NO,ZEROS,,,YES
CORPT00C,WS-REPORT-NAME,FIELD,X(10),ALPHANUMERIC,5,10,Report name identifier (10 characters),WS-VARIABLES,X(10),10,0,NO,DISPLAY,,,,,WS-VARIABLES,117,NO,,NO,SPACES,,,YES
CORPT00C,WS-START-DATE,GROUP,N/A,GROUP,5,10,Start date group in YYYY-MM-DD format,WS-VARIABLES,N/A,0,0,NO,DISPLAY,,,,,WS-VARIABLES,127,NO,,NO,,,,YES
CORPT00C,WS-START-DATE-YYYY,FIELD,X(04),ALPHANUMERIC,10,4,Start date year component (4 characters),WS-START-DATE,X(4),4,0,NO,DISPLAY,,,,,WS-VARIABLES,127,NO,,NO,SPACES,,,YES
CORPT00C,FILLER-4,FIELD,X(01),ALPHANUMERIC,10,1,"Reserved placeholder field used for data structure alignment, padding, or holding constant values",WS-START-DATE,X,1,0,NO,DISPLAY,,,,,WS-VARIABLES,131,NO,,NO,'-',,,YES
CORPT00C,WS-START-DATE-MM,FIELD,X(02),ALPHANUMERIC,10,2,Start date month component (2 characters),WS-START-DATE,X(2),2,0,NO,DISPLAY,,,,,WS-VARIABLES,132,NO,,NO,SPACES,,,YES
CORPT00C,FILLER-5,FIELD,X(01),ALPHANUMERIC,10,1,"Reserved placeholder field used for data structure alignment, padding, or holding constant values",WS-START-DATE,X,1,0,NO,DISPLAY,,,,,WS-VARIABLES,134,NO,,NO,'-',,,YES
CORPT00C,WS-START-DATE-DD,FIELD,X(02),ALPHANUMERIC,10,2,Start date day component (2 characters),WS-START-DATE,X(2),2,0,NO,DISPLAY,,,,,WS-VARIABLES,135,NO,,NO,SPACES,,,YES
CORPT00C,WS-END-DATE,GROUP,N/A,GROUP,5,10,End date group in YYYY-MM-DD format,WS-VARIABLES,N/A,0,0,NO,DISPLAY,,,,,WS-VARIABLES,137,NO,,NO,,,,YES
CORPT00C,WS-END-DATE-YYYY,FIELD,X(04),ALPHANUMERIC,10,4,End date year component (4 characters),WS-END-DATE,X(4),4,0,NO,DISPLAY,,,,,WS-VARIABLES,137,NO,,NO,SPACES,,,YES
CORPT00C,FILLER-6,FIELD,X(01),ALPHANUMERIC,10,1,"Reserved placeholder field used for data structure alignment, padding, or holding constant values",WS-END-DATE,X,1,0,NO,DISPLAY,,,,,WS-VARIABLES,141,NO,,NO,'-',,,YES
CORPT00C,WS-END-DATE-MM,FIELD,X(02),ALPHANUMERIC,10,2,End date month component (2 characters),WS-END-DATE,X(2),2,0,NO,DISPLAY,,,,,WS-VARIABLES,142,NO,,NO,SPACES,,,YES
CORPT00C,FILLER-7,FIELD,X(01),ALPHANUMERIC,10,1,"Reserved placeholder field used for data structure alignment, padding, or holding constant values",WS-END-DATE,X,1,0,NO,DISPLAY,,,,,WS-VARIABLES,144,NO,,NO,'-',,,YES
CORPT00C,WS-END-DATE-DD,FIELD,X(02),ALPHANUMERIC,10,2,End date day component (2 characters),WS-END-DATE,X(2),2,0,NO,DISPLAY,,,,,WS-VARIABLES,145,NO,,NO,SPACES,,,YES
CORPT00C,WS-DATE-FORMAT,FIELD,X(10),ALPHANUMERIC,5,10,Date format specification string (VALUE 'YYYY-MM-DD'),WS-VARIABLES,X(10),10,0,NO,DISPLAY,,,,,WS-VARIABLES,147,NO,,NO,'YYYY-MM-DD',,,YES
CORPT00C,WS-NUM-99,FIELD,99,NUMERIC,5,2,Numeric work field for 2-digit values (PIC 99),WS-VARIABLES,99,2,0,NO,DISPLAY,,,,,WS-VARIABLES,157,NO,,NO,0,,,YES
CORPT00C,WS-NUM-9999,FIELD,9999,NUMERIC,5,4,Numeric work field for 4-digit values (PIC 9999),WS-VARIABLES,9999,4,0,NO,DISPLAY,,,,,WS-VARIABLES,159,NO,,NO,0,,,YES
CORPT00C,WS-TRAN-AMT,FIELD,'+99999999.99,DECIMAL,5,12,Transaction amount with sign and decimal places (PIC +99999999.99),WS-VARIABLES,'+99999999.99,12,2,YES,DISPLAY,,,,,WS-VARIABLES,163,NO,,NO,,,,YES
CORPT00C,WS-TRAN-DATE,FIELD,X(08),ALPHANUMERIC,5,8,Transaction date in MM/DD/YY format (VALUE '00/00/00'),WS-VARIABLES,X(8),8,0,NO,DISPLAY,,,,,WS-VARIABLES,175,NO,,NO,'00/00/00',,,YES
CORPT00C,JCL-RECORD,FIELD,X(80),ALPHANUMERIC,5,80,JCL statement record buffer (80 characters),WS-VARIABLES,X(80),80,0,NO,DISPLAY,,,,,WS-VARIABLES,183,NO,,NO,' ',,,YES
CORPT00C,JOB-DATA,RECORD,N/A,GROUP,1,80000,Job control language data group,JOB-DATA,N/A,0,0,NO,DISPLAY,,,,,JOB-DATA,1,NO,,NO,,,,YES
CORPT00C,JOB-DATA-1,GROUP,N/A,GROUP,2,1360,JCL statement lines group with individual line definitions,JOB-DATA,N/A,0,0,NO,DISPLAY,,,,,JOB-DATA,1,NO,,NO,,,,YES
CORPT00C,FILLER-8,FIELD,X(80),ALPHANUMERIC,5,80,"Reserved placeholder field used for data structure alignment, padding, or holding constant values",JOB-DATA-1,X(80),80,0,NO,DISPLAY,,,,,JOB-DATA,1,NO,,NO,"""//TRNRPT00 JOB 'TRAN REPORT',CLASS=A,MSGCLASS=0,""",,,YES
CORPT00C,FILLER-9,FIELD,X(80),ALPHANUMERIC,5,80,"Reserved placeholder field used for data structure alignment, padding, or holding constant values",JOB-DATA-1,X(80),80,0,NO,DISPLAY,,,,,JOB-DATA,81,NO,,NO,"""// NOTIFY=&SYSUID""",,,YES
CORPT00C,FILLER-10,FIELD,X(80),ALPHANUMERIC,5,80,"Reserved placeholder field used for data structure alignment, padding, or holding constant values",JOB-DATA-1,X(80),80,0,NO,DISPLAY,,,,,JOB-DATA,161,NO,,NO,"""//*""",,,YES
CORPT00C,FILLER-11,FIELD,X(80),ALPHANUMERIC,5,80,"Reserved placeholder field used for data structure alignment, padding, or holding constant values",JOB-DATA-1,X(80),80,0,NO,DISPLAY,,,,,JOB-DATA,241,NO,,NO,"""//JOBLIB JCLLIB ORDER=('AWS.M2.CARDDEMO.PROC')""",,,YES
CORPT00C,FILLER-12,FIELD,X(80),ALPHANUMERIC,5,80,"Reserved placeholder field used for data structure alignment, padding, or holding constant values",JOB-DATA-1,X(80),80,0,NO,DISPLAY,,,,,JOB-DATA,321,NO,,NO,"""//*""",,,YES
CORPT00C,FILLER-13,FIELD,X(80),ALPHANUMERIC,5,80,"Reserved placeholder field used for data structure alignment, padding, or holding constant values",JOB-DATA-1,X(80),80,0,NO,DISPLAY,,,,,JOB-DATA,401,NO,,NO,"""//STEP10 EXEC PROC=TRANREPT""",,,YES
CORPT00C,FILLER-14,FIELD,X(80),ALPHANUMERIC,5,80,"Reserved placeholder field used for data structure alignment, padding, or holding constant values",JOB-DATA-1,X(80),80,0,NO,DISPLAY,,,,,JOB-DATA,481,NO,,NO,"""//*""",,,YES
CORPT00C,FILLER-15,FIELD,X(80),ALPHANUMERIC,5,80,"Reserved placeholder field used for data structure alignment, padding, or holding constant values",JOB-DATA-1,X(80),80,0,NO,DISPLAY,,,,,JOB-DATA,561,NO,,NO,"""//STEP05R.SYMNAMES DD *""",,,YES
CORPT00C,FILLER-16,FIELD,X(80),ALPHANUMERIC,5,80,"Reserved placeholder field used for data structure alignment, padding, or holding constant values",JOB-DATA-1,X(80),80,0,NO,DISPLAY,,,,,JOB-DATA,641,NO,,NO,"""TRAN-CARD-NUM,263,16,ZD""",,,YES
CORPT00C,FILLER-17,FIELD,X(80),ALPHANUMERIC,5,80,"Reserved placeholder field used for data structure alignment, padding, or holding constant values",JOB-DATA-1,X(80),80,0,NO,DISPLAY,,,,,JOB-DATA,721,NO,,NO,"""TRAN-PROC-DT,305,10,CH""",,,YES
CORPT00C,FILLER-1,GROUP,N/A,GROUP,5,80,"Reserved placeholder field used for data structure alignment, padding, or holding constant values",JOB-DATA-1,N/A,0,0,NO,DISPLAY,,,,,JOB-DATA,801,NO,,NO,,,,YES
CORPT00C,FILLER-18,FIELD,X(18),ALPHANUMERIC,10,18,"Reserved placeholder field used for data structure alignment, padding, or holding constant values",FILLER-1,X(18),18,0,NO,DISPLAY,,,,,JOB-DATA,801,NO,,NO,"""PARM-START-DATE,C'""",,,YES
CORPT00C,PARM-START-DATE-1,FIELD,X(10),ALPHANUMERIC,10,10,Start date parameter for JCL SYMNAMES section (10 characters),FILLER-1,X(10),10,0,NO,DISPLAY,,,,,JOB-DATA,819,NO,,NO,SPACES,,,YES
CORPT00C,FILLER-19,FIELD,X(52),ALPHANUMERIC,10,52,"Reserved placeholder field used for data structure alignment, padding, or holding constant values",FILLER-1,X(52),52,0,NO,DISPLAY,,,,,JOB-DATA,829,NO,,NO,"""'""",,,YES
CORPT00C,FILLER-2,GROUP,N/A,GROUP,5,80,"Reserved placeholder field used for data structure alignment, padding, or holding constant values",JOB-DATA-1,N/A,0,0,NO,DISPLAY,,,,,JOB-DATA,881,NO,,NO,,,,YES
CORPT00C,FILLER-20,FIELD,X(16),ALPHANUMERIC,10,16,"Reserved placeholder field used for data structure alignment, padding, or holding constant values",FILLER-2,X(16),16,0,NO,DISPLAY,,,,,JOB-DATA,881,NO,,NO,"""PARM-END-DATE,C'""",,,YES
CORPT00C,PARM-END-DATE-1,FIELD,X(10),ALPHANUMERIC,10,10,End date parameter for JCL SYMNAMES section (10 characters),FILLER-2,X(10),10,0,NO,DISPLAY,,,,,JOB-DATA,897,NO,,NO,SPACES,,,YES
CORPT00C,FILLER-21,FIELD,X(54),ALPHANUMERIC,10,54,"Reserved placeholder field used for data structure alignment, padding, or holding constant values",FILLER-2,X(54),54,0,NO,DISPLAY,,,,,JOB-DATA,907,NO,,NO,"""'""",,,YES
CORPT00C,FILLER-22,FIELD,X(80),ALPHANUMERIC,5,80,"Reserved placeholder field used for data structure alignment, padding, or holding constant values",JOB-DATA-1,X(80),80,0,NO,DISPLAY,,,,,JOB-DATA,961,NO,,NO,"""/*""",,,YES
CORPT00C,FILLER-23,FIELD,X(80),ALPHANUMERIC,5,80,"Reserved placeholder field used for data structure alignment, padding, or holding constant values",JOB-DATA-1,X(80),80,0,NO,DISPLAY,,,,,JOB-DATA,1041,NO,,NO,"""//STEP10R.DATEPARM DD *""",,,YES
CORPT00C,FILLER-3,GROUP,N/A,GROUP,5,80,"Reserved placeholder field used for data structure alignment, padding, or holding constant values",JOB-DATA-1,N/A,0,0,NO,DISPLAY,,,,,JOB-DATA,1121,NO,,NO,,,,YES
CORPT00C,PARM-START-DATE-2,FIELD,X(10),ALPHANUMERIC,10,10,Start date parameter for JCL DATEPARM section (10 characters),FILLER-3,X(10),10,0,NO,DISPLAY,,,,,JOB-DATA,1121,NO,,NO,SPACES,,,YES
CORPT00C,FILLER-24,FIELD,X,ALPHANUMERIC,10,1,"Reserved placeholder field used for data structure alignment, padding, or holding constant values",FILLER-3,X,1,0,NO,DISPLAY,,,,,JOB-DATA,1131,NO,,NO,SPACE,,,YES
CORPT00C,PARM-END-DATE-2,FIELD,X(10),ALPHANUMERIC,10,10,End date parameter for JCL DATEPARM section (10 characters),FILLER-3,X(10),10,0,NO,DISPLAY,,,,,JOB-DATA,1132,NO,,NO,SPACES,,,YES
CORPT00C,FILLER-25,FIELD,X(59),ALPHANUMERIC,10,59,"Reserved placeholder field used for data structure alignment, padding, or holding constant values",FILLER-3,X(59),59,0,NO,DISPLAY,,,,,JOB-DATA,1142,NO,,NO,SPACES,,,YES
CORPT00C,FILLER-26,FIELD,X(80),ALPHANUMERIC,5,80,"Reserved placeholder field used for data structure alignment, padding, or holding constant values",JOB-DATA-1,X(80),80,0,NO,DISPLAY,,,,,JOB-DATA,1201,NO,,NO,"""/*""",,,YES
CORPT00C,FILLER-27,FIELD,X(80),ALPHANUMERIC,5,80,"Reserved placeholder field used for data structure alignment, padding, or holding constant values",JOB-DATA-1,X(80),80,0,NO,DISPLAY,,,,,JOB-DATA,1281,NO,,NO,"""/*EOF""",,,YES
CORPT00C,JOB-DATA-2,GROUP,N/A,GROUP,2,80000,JCL statement lines group redefining JOB-DATA-1 as array (REDEFINES JOB-DATA-1),JOB-DATA,N/A,0,0,NO,DISPLAY,,,,JOB-DATA-1,JOB-DATA,1,NO,,NO,,,,YES
CORPT00C,JOB-LINES,FIELD,X(80),ALPHANUMERIC,5,80,JCL statement lines array (OCCURS 1000),JOB-DATA-2,X(80),80,0,NO,DISPLAY,1000,1000,,,JOB-DATA,1,NO,,NO,,,,YES
CORPT00C,CSUTLDTC-PARM,RECORD,N/A,GROUP,1,100,CICS utility date conversion parameter group,CSUTLDTC-PARM,N/A,0,0,NO,DISPLAY,,,,,CSUTLDTC-PARM,1,NO,,NO,,,,YES
CORPT00C,CSUTLDTC-DATE,FIELD,X(10),ALPHANUMERIC,5,10,Input date for conversion to CICS internal format (10 characters),CSUTLDTC-PARM,X(10),10,0,NO,DISPLAY,,,,,CSUTLDTC-PARM,1,NO,,NO,,,,YES
CORPT00C,CSUTLDTC-DATE-FORMAT,FIELD,X(10),ALPHANUMERIC,5,10,Date format specification for conversion (10 characters),CSUTLDTC-PARM,X(10),10,0,NO,DISPLAY,,,,,CSUTLDTC-PARM,11,NO,,NO,,,,YES
CORPT00C,CSUTLDTC-RESULT,GROUP,N/A,GROUP,5,80,CICS utility date conversion result group,CSUTLDTC-PARM,N/A,0,0,NO,DISPLAY,,,,,CSUTLDTC-PARM,21,NO,,NO,,,,YES
CORPT00C,CSUTLDTC-RESULT-SEV-CD,FIELD,X(04),ALPHANUMERIC,10,4,Severity code from date conversion utility (4 characters),CSUTLDTC-RESULT,X(4),4,0,NO,DISPLAY,,,,,CSUTLDTC-PARM,21,NO,,NO,,,,YES
CORPT00C,FILLER-28,FIELD,X(11),ALPHANUMERIC,10,11,"Reserved placeholder field used for data structure alignment, padding, or holding constant values",CSUTLDTC-RESULT,X(11),11,0,NO,DISPLAY,,,,,CSUTLDTC-PARM,25,NO,,NO,,,,YES
CORPT00C,CSUTLDTC-RESULT-MSG-NUM,FIELD,X(04),ALPHANUMERIC,10,4,Message number from date conversion utility (4 characters),CSUTLDTC-RESULT,X(4),4,0,NO,DISPLAY,,,,,CSUTLDTC-PARM,36,NO,,NO,,,,YES
CORPT00C,CSUTLDTC-RESULT-MSG,FIELD,X(61),ALPHANUMERIC,10,61,Message text from date conversion utility (61 characters),CSUTLDTC-RESULT,X(61),61,0,NO,DISPLAY,,,,,CSUTLDTC-PARM,40,NO,,NO,,,,YES
CORPT00C,DFHCOMMAREA,RECORD,N/A,GROUP,1,32767,CICS communication area for inter-program data passing,DFHCOMMAREA,N/A,0,0,NO,DISPLAY,,,,,DFHCOMMAREA,1,NO,,NO,,,,YES
CORPT00C,LK-COMMAREA,FIELD,X(01),ALPHANUMERIC,5,1,Communication area data buffer (OCCURS 32767),DFHCOMMAREA,X,1,0,NO,DISPLAY,1,32767,,,DFHCOMMAREA,1,NO,,NO,,,,YES
CBACT04C,FD-TRAN-CAT-BAL-RECORD,RECORD,N/A,GROUP,1,50,Transaction category balance record containing key and data elements,FD-TRAN-CAT-BAL-RECORD,N/A,0,0,NO,DISPLAY,,,,,FD-TRAN-CAT-BAL-RECORD,1,NO,,NO,,,,YES
CBACT04C,FD-TRAN-CAT-KEY,GROUP,N/A,GROUP,5,17,Composite key group for transaction category balance record,FD-TRAN-CAT-BAL-RECORD,N/A,0,0,NO,DISPLAY,,,,,FD-TRAN-CAT-BAL-RECORD,1,NO,,NO,,,,YES
CBACT04C,FD-TRANCAT-ACCT-ID,FIELD,9(11),NUMERIC,10,11,Account identifier numeric key field (11 digits),FD-TRAN-CAT-KEY,99999999999,11,0,NO,DISPLAY,,,,,FD-TRAN-CAT-BAL-RECORD,1,NO,,NO,,,,YES
CBACT04C,FD-TRANCAT-TYPE-CD,FIELD,X(02),ALPHANUMERIC,10,2,Transaction type code key field (2 characters),FD-TRAN-CAT-KEY,X(2),2,0,NO,DISPLAY,,,,,FD-TRAN-CAT-BAL-RECORD,12,NO,,NO,,,,YES
CBACT04C,FD-TRANCAT-CD,FIELD,9(04),NUMERIC,10,4,Transaction category code key field (4 digits),FD-TRAN-CAT-KEY,9999,4,0,NO,DISPLAY,,,,,FD-TRAN-CAT-BAL-RECORD,14,NO,,NO,,,,YES
CBACT04C,FD-FD-TRAN-CAT-DATA,FIELD,X(33),ALPHANUMERIC,5,33,Transaction category balance data payload (33 characters),FD-TRAN-CAT-BAL-RECORD,X(33),33,0,NO,DISPLAY,,,,,FD-TRAN-CAT-BAL-RECORD,18,NO,,NO,,,,YES
CBACT04C,FD-XREFFILE-REC,RECORD,N/A,GROUP,1,50,Cross-reference file record containing card and account mapping data,FD-XREFFILE-REC,N/A,0,0,NO,DISPLAY,,,,,FD-XREFFILE-REC,1,NO,,NO,,,,YES
CBACT04C,FD-XREF-CARD-NUM,FIELD,X(16),ALPHANUMERIC,5,16,Card number cross-reference field (16 characters),FD-XREFFILE-REC,X(16),16,0,NO,DISPLAY,,,,,FD-XREFFILE-REC,1,NO,,NO,,,,YES
CBACT04C,FD-XREF-CUST-NUM,FIELD,9(09),NUMERIC,5,9,Customer number cross-reference field (9 digits),FD-XREFFILE-REC,999999999,9,0,NO,DISPLAY,,,,,FD-XREFFILE-REC,17,NO,,NO,,,,YES
CBACT04C,FD-XREF-ACCT-ID,FIELD,9(11),NUMERIC,5,11,Account identifier cross-reference field (11 digits),FD-XREFFILE-REC,99999999999,11,0,NO,DISPLAY,,,,,FD-XREFFILE-REC,26,NO,,NO,,,,YES
CBACT04C,FD-XREF-FILLER,FIELD,X(14),ALPHANUMERIC,5,14,"Reserved placeholder field used for data structure alignment, padding, or holding constant values",FD-XREFFILE-REC,X(14),14,0,NO,DISPLAY,,,,,FD-XREFFILE-REC,37,NO,,NO,,,,YES
CBACT04C,FD-DISCGRP-REC,RECORD,N/A,GROUP,1,50,Discount group record containing key and data elements,FD-DISCGRP-REC,N/A,0,0,NO,DISPLAY,,,,,FD-DISCGRP-REC,1,NO,,NO,,,,YES
CBACT04C,FD-DISCGRP-KEY,GROUP,N/A,GROUP,5,16,Composite key group for discount group record,FD-DISCGRP-REC,N/A,0,0,NO,DISPLAY,,,,,FD-DISCGRP-REC,1,NO,,NO,,,,YES
CBACT04C,FD-DIS-ACCT-GROUP-ID,FIELD,X(10),ALPHANUMERIC,10,10,Account group identifier key field (10 characters),FD-DISCGRP-KEY,X(10),10,0,NO,DISPLAY,,,,,FD-DISCGRP-REC,1,NO,,NO,,,,YES
CBACT04C,FD-DIS-TRAN-TYPE-CD,FIELD,X(02),ALPHANUMERIC,10,2,Transaction type code key field (2 characters),FD-DISCGRP-KEY,X(2),2,0,NO,DISPLAY,,,,,FD-DISCGRP-REC,11,NO,,NO,,,,YES
CBACT04C,FD-DIS-TRAN-CAT-CD,FIELD,9(04),NUMERIC,10,4,Transaction category code key field (4 digits),FD-DISCGRP-KEY,9999,4,0,NO,DISPLAY,,,,,FD-DISCGRP-REC,13,NO,,NO,,,,YES
CBACT04C,FD-DISCGRP-DATA,FIELD,X(34),ALPHANUMERIC,5,34,Discount group data payload (34 characters),FD-DISCGRP-REC,X(34),34,0,NO,DISPLAY,,,,,FD-DISCGRP-REC,17,NO,,NO,,,,YES
CBACT04C,FD-ACCTFILE-REC,RECORD,N/A,GROUP,1,300,Account file record containing account identifier and data,FD-ACCTFILE-REC,N/A,0,0,NO,DISPLAY,,,,,FD-ACCTFILE-REC,1,NO,,NO,,,,YES
CBACT04C,FD-ACCT-ID,FIELD,9(11),NUMERIC,5,11,Account identifier field (11 digits),FD-ACCTFILE-REC,99999999999,11,0,NO,DISPLAY,,,,,FD-ACCTFILE-REC,1,NO,,NO,,,,YES
CBACT04C,FD-ACCT-DATA,FIELD,X(334),ALPHANUMERIC,5,334,Account data payload (334 characters),FD-TRANFILE-REC,X(334),334,0,NO,DISPLAY,,,,,FD-TRANFILE-REC,17,NO,,NO,,,,YES
CBACT04C,FD-TRANFILE-REC,RECORD,N/A,GROUP,1,350,Transaction file record containing transaction identifier,FD-TRANFILE-REC,N/A,0,0,NO,DISPLAY,,,,,FD-TRANFILE-REC,1,NO,,NO,,,,YES
CBACT04C,FD-TRANS-ID,FIELD,X(16),ALPHANUMERIC,5,16,Transaction identifier field (16 characters),FD-TRANFILE-REC,X(16),16,0,NO,DISPLAY,,,,,FD-TRANFILE-REC,1,NO,,NO,,,,YES
CBACT04C,TCATBALF-STATUS,RECORD,N/A,GROUP,1,2,File I/O status code group for transaction category balance file,TCATBALF-STATUS,N/A,0,0,NO,DISPLAY,,,,,TCATBALF-STATUS,1,NO,,NO,,,,YES
CBACT04C,TCATBALF-STAT1,FIELD,X,ALPHANUMERIC,5,1,First character of transaction category balance file status code,TCATBALF-STATUS,X,1,0,NO,DISPLAY,,,,,TCATBALF-STATUS,1,NO,,NO,,,,YES
CBACT04C,TCATBALF-STAT2,FIELD,X,ALPHANUMERIC,5,1,Second character of transaction category balance file status code,TCATBALF-STATUS,X,1,0,NO,DISPLAY,,,,,TCATBALF-STATUS,2,NO,,NO,,,,YES
CBACT04C,XREFFILE-STATUS,RECORD,N/A,GROUP,1,2,File I/O status code group for cross-reference file,XREFFILE-STATUS,N/A,0,0,NO,DISPLAY,,,,,XREFFILE-STATUS,1,NO,,NO,,,,YES
CBACT04C,XREFFILE-STAT1,FIELD,X,ALPHANUMERIC,5,1,First character of cross-reference file status code,XREFFILE-STATUS,X,1,0,NO,DISPLAY,,,,,XREFFILE-STATUS,1,NO,,NO,,,,YES
CBACT04C,XREFFILE-STAT2,FIELD,X,ALPHANUMERIC,5,1,Second character of cross-reference file status code,XREFFILE-STATUS,X,1,0,NO,DISPLAY,,,,,XREFFILE-STATUS,2,NO,,NO,,,,YES
CBACT04C,DISCGRP-STATUS,RECORD,N/A,GROUP,1,2,File I/O status code group for discount group file,DISCGRP-STATUS,N/A,0,0,NO,DISPLAY,,,,,DISCGRP-STATUS,1,NO,,NO,,,,YES
CBACT04C,DISCGRP-STAT1,FIELD,X,ALPHANUMERIC,5,1,First character of discount group file status code,DISCGRP-STATUS,X,1,0,NO,DISPLAY,,,,,DISCGRP-STATUS,1,NO,,NO,,,,YES
CBACT04C,DISCGRP-STAT2,FIELD,X,ALPHANUMERIC,5,1,Second character of discount group file status code,DISCGRP-STATUS,X,1,0,NO,DISPLAY,,,,,DISCGRP-STATUS,2,NO,,NO,,,,YES
CBACT04C,ACCTFILE-STATUS,RECORD,N/A,GROUP,1,2,File I/O status code group for account file,ACCTFILE-STATUS,N/A,0,0,NO,DISPLAY,,,,,ACCTFILE-STATUS,1,NO,,NO,,,,YES
CBACT04C,ACCTFILE-STAT1,FIELD,X,ALPHANUMERIC,5,1,First character of account file status code,ACCTFILE-STATUS,X,1,0,NO,DISPLAY,,,,,ACCTFILE-STATUS,1,NO,,NO,,,,YES
CBACT04C,ACCTFILE-STAT2,FIELD,X,ALPHANUMERIC,5,1,Second character of account file status code,ACCTFILE-STATUS,X,1,0,NO,DISPLAY,,,,,ACCTFILE-STATUS,2,NO,,NO,,,,YES
CBACT04C,TRANFILE-STATUS,RECORD,N/A,GROUP,1,2,File I/O status code group for transaction file,TRANFILE-STATUS,N/A,0,0,NO,DISPLAY,,,,,TRANFILE-STATUS,1,NO,,NO,,,,YES
CBACT04C,TRANFILE-STAT1,FIELD,X,ALPHANUMERIC,5,1,First character of transaction file status code,TRANFILE-STATUS,X,1,0,NO,DISPLAY,,,,,TRANFILE-STATUS,1,NO,,NO,,,,YES
CBACT04C,TRANFILE-STAT2,FIELD,X,ALPHANUMERIC,5,1,Second character of transaction file status code,TRANFILE-STATUS,X,1,0,NO,DISPLAY,,,,,TRANFILE-STATUS,2,NO,,NO,,,,YES
CBACT04C,IO-STATUS,RECORD,N/A,GROUP,1,2,General file I/O status code group,IO-STATUS,N/A,0,0,NO,DISPLAY,,,,,IO-STATUS,1,NO,,NO,,,,YES
CBACT04C,IO-STAT1,FIELD,X,ALPHANUMERIC,5,1,First character of general I/O status code,IO-STATUS,X,1,0,NO,DISPLAY,,,,,IO-STATUS,1,NO,,NO,,,,YES
CBACT04C,IO-STAT2,FIELD,X,ALPHANUMERIC,5,1,Second character of general I/O status code,IO-STATUS,X,1,0,NO,DISPLAY,,,,,IO-STATUS,2,NO,,NO,,,,YES
CBACT04C,TWO-BYTES-BINARY,FIELD,9(4) BINARY,BINARY,1,2,Two-byte binary numeric field (4 digits),TWO-BYTES-BINARY,9999,4,0,NO,BINARY,,,,,TWO-BYTES-BINARY,1,NO,,NO,,,,YES
CBACT04C,TWO-BYTES-ALPHA,RECORD,N/A,GROUP,1,2,Two-byte alphanumeric field redefining binary value (REDEFINES TWO-BYTES-BINARY),TWO-BYTES-ALPHA,N/A,0,0,NO,DISPLAY,,,,TWO-BYTES-BINARY,TWO-BYTES-ALPHA,1,NO,,NO,,,,YES
CBACT04C,TWO-BYTES-LEFT,FIELD,X,ALPHANUMERIC,5,1,Left byte of two-byte alphanumeric field (1 character),TWO-BYTES-ALPHA,X,1,0,NO,DISPLAY,,,,,TWO-BYTES-ALPHA,1,NO,,NO,,,,YES
CBACT04C,TWO-BYTES-RIGHT,FIELD,X,ALPHANUMERIC,5,1,Right byte of two-byte alphanumeric field (1 character),TWO-BYTES-ALPHA,X,1,0,NO,DISPLAY,,,,,TWO-BYTES-ALPHA,2,NO,,NO,,,,YES
CBACT04C,IO-STATUS-04,RECORD,N/A,GROUP,1,4,I/O status code 04 group containing status components,IO-STATUS-04,N/A,0,0,NO,DISPLAY,,,,,IO-STATUS-04,1,NO,,NO,,,,YES
CBACT04C,IO-STATUS-0401,FIELD,9,NUMERIC,5,1,I/O status 04 first component field (1 digit) (VALUE 0),IO-STATUS-04,9,1,0,NO,DISPLAY,,,,,IO-STATUS-04,1,NO,,NO,0,,,YES
CBACT04C,IO-STATUS-0403,FIELD,999,NUMERIC,5,3,I/O status 04 second component field (3 digits) (VALUE 0),IO-STATUS-04,999,3,0,NO,DISPLAY,,,,,IO-STATUS-04,2,NO,,NO,0,,,YES
CBACT04C,APPL-RESULT,FIELD,S9(9) COMP,BINARY,1,4,Application result code field (9 digits signed) (USAGE COMP),APPL-RESULT,'+/-999999999,10,0,YES,COMP,,,,,APPL-RESULT,1,NO,,NO,,,,YES
CBACT04C,APPL-AOK,CONDITION,N/A,DISPLAY,88,0,Condition: application processing completed successfully (VALUE 0),APPL-RESULT,N/A,0,0,NO,DISPLAY,,,,,APPL-RESULT,1,NO,,NO,,0,,YES
CBACT04C,APPL-EOF,CONDITION,N/A,DISPLAY,88,0,Condition: end of file reached during processing (VALUE 16),APPL-RESULT,N/A,0,0,NO,DISPLAY,,,,,APPL-RESULT,1,NO,,NO,,16,,YES
CBACT04C,END-OF-FILE,FIELD,X(01),ALPHANUMERIC,1,1,End-of-file indicator flag (1 character) (VALUE 'N'),END-OF-FILE,X,1,0,NO,DISPLAY,,,,,END-OF-FILE,1,NO,,NO,'N',,,YES
CBACT04C,ABCODE,FIELD,S9(9) BINARY,BINARY,1,4,Abnormal termination code field (9 digits signed binary) (USAGE BINARY),ABCODE,'+/-999999999,10,0,YES,BINARY,,,,,ABCODE,1,NO,,NO,,,,YES
CBACT04C,TIMING,FIELD,S9(9) BINARY,BINARY,1,4,Timing measurement field in milliseconds (9 digits signed binary) (USAGE BINARY),TIMING,'+/-999999999,10,0,YES,BINARY,,,,,TIMING,1,NO,,NO,,,,YES
CBACT04C,COBOL-TS,RECORD,N/A,GROUP,1,21,COBOL timestamp group containing date and time components,COBOL-TS,N/A,0,0,NO,DISPLAY,,,,,COBOL-TS,1,NO,,NO,,,,YES
CBACT04C,COB-YYYY,FIELD,X(04),ALPHANUMERIC,5,4,Year component of COBOL timestamp (4 characters),COBOL-TS,X(4),4,0,NO,DISPLAY,,,,,COBOL-TS,1,NO,,NO,,,,YES
CBACT04C,COB-MM,FIELD,X(02),ALPHANUMERIC,5,2,Month component of COBOL timestamp (2 characters),COBOL-TS,X(2),2,0,NO,DISPLAY,,,,,COBOL-TS,5,NO,,NO,,,,YES
CBACT04C,COB-DD,FIELD,X(02),ALPHANUMERIC,5,2,Day component of COBOL timestamp (2 characters),COBOL-TS,X(2),2,0,NO,DISPLAY,,,,,COBOL-TS,7,NO,,NO,,,,YES
CBACT04C,COB-HH,FIELD,X(02),ALPHANUMERIC,5,2,Hour component of COBOL timestamp (2 characters),COBOL-TS,X(2),2,0,NO,DISPLAY,,,,,COBOL-TS,9,NO,,NO,,,,YES
CBACT04C,COB-MIN,FIELD,X(02),ALPHANUMERIC,5,2,Minute component of COBOL timestamp (2 characters),COBOL-TS,X(2),2,0,NO,DISPLAY,,,,,COBOL-TS,11,NO,,NO,,,,YES
CBACT04C,COB-SS,FIELD,X(02),ALPHANUMERIC,5,2,Second component of COBOL timestamp (2 characters),COBOL-TS,X(2),2,0,NO,DISPLAY,,,,,COBOL-TS,13,NO,,NO,,,,YES
CBACT04C,COB-MIL,FIELD,X(02),ALPHANUMERIC,5,2,Millisecond component of COBOL timestamp (2 characters),COBOL-TS,X(2),2,0,NO,DISPLAY,,,,,COBOL-TS,15,NO,,NO,,,,YES
CBACT04C,COB-REST,FIELD,X(05),ALPHANUMERIC,5,5,Remaining portion of COBOL timestamp (5 characters),COBOL-TS,X(5),5,0,NO,DISPLAY,,,,,COBOL-TS,17,NO,,NO,,,,YES
CBACT04C,DB2-FORMAT-TS,FIELD,X(26),ALPHANUMERIC,1,26,DB2-formatted timestamp string (26 characters),DB2-FORMAT-TS,X(26),26,0,NO,DISPLAY,,,,,DB2-FORMAT-TS,1,NO,,NO,,,,YES
CBACT04C,FILLER-1,RECORD,N/A,GROUP,1,26,"Reserved placeholder field used for data structure alignment, padding, or holding constant values",FILLER-1,N/A,0,0,NO,DISPLAY,,,,DB2-FORMAT-TS,FILLER-1,1,NO,,NO,,,,YES
CBACT04C,DB2-YYYY,FIELD,X(004),ALPHANUMERIC,6,4,Year component of DB2 timestamp (4 characters),FILLER-1,X(4),4,0,NO,DISPLAY,,,,,FILLER-1,1,NO,,NO,,,,YES
CBACT04C,DB2-STREEP-1,FIELD,X,ALPHANUMERIC,6,1,Separator character in DB2 timestamp format (1 character),FILLER-1,X,1,0,NO,DISPLAY,,,,,FILLER-1,5,NO,,NO,,,,YES
CBACT04C,DB2-MM,FIELD,X(002),ALPHANUMERIC,6,2,Month component of DB2 timestamp (2 characters),FILLER-1,X(2),2,0,NO,DISPLAY,,,,,FILLER-1,6,NO,,NO,,,,YES
CBACT04C,DB2-STREEP-2,FIELD,X,ALPHANUMERIC,6,1,Separator character in DB2 timestamp format (1 character),FILLER-1,X,1,0,NO,DISPLAY,,,,,FILLER-1,8,NO,,NO,,,,YES
CBACT04C,DB2-DD,FIELD,X(002),ALPHANUMERIC,6,2,Day component of DB2 timestamp (2 characters),FILLER-1,X(2),2,0,NO,DISPLAY,,,,,FILLER-1,9,NO,,NO,,,,YES
CBACT04C,DB2-STREEP-3,FIELD,X,ALPHANUMERIC,6,1,Separator character in DB2 timestamp format (1 character),FILLER-1,X,1,0,NO,DISPLAY,,,,,FILLER-1,11,NO,,NO,,,,YES
CBACT04C,DB2-HH,FIELD,X(002),ALPHANUMERIC,6,2,Hour component of DB2 timestamp (2 characters),FILLER-1,X(2),2,0,NO,DISPLAY,,,,,FILLER-1,12,NO,,NO,,,,YES
CBACT04C,DB2-DOT-1,FIELD,X,ALPHANUMERIC,6,1,Separator character in DB2 timestamp format (1 character),FILLER-1,X,1,0,NO,DISPLAY,,,,,FILLER-1,14,NO,,NO,,,,YES
CBACT04C,DB2-MIN,FIELD,X(002),ALPHANUMERIC,6,2,Minute component of DB2 timestamp (2 characters),FILLER-1,X(2),2,0,NO,DISPLAY,,,,,FILLER-1,15,NO,,NO,,,,YES
CBACT04C,DB2-DOT-2,FIELD,X,ALPHANUMERIC,6,1,Separator character in DB2 timestamp format (1 character),FILLER-1,X,1,0,NO,DISPLAY,,,,,FILLER-1,17,NO,,NO,,,,YES
CBACT04C,DB2-SS,FIELD,X(002),ALPHANUMERIC,6,2,Second component of DB2 timestamp (2 characters),FILLER-1,X(2),2,0,NO,DISPLAY,,,,,FILLER-1,18,NO,,NO,,,,YES
CBACT04C,DB2-DOT-3,FIELD,X,ALPHANUMERIC,6,1,Separator character in DB2 timestamp format (1 character),FILLER-1,X,1,0,NO,DISPLAY,,,,,FILLER-1,20,NO,,NO,,,,YES
CBACT04C,DB2-MIL,FIELD,9(002),NUMERIC,6,2,Millisecond component of DB2 timestamp (2 digits),FILLER-1,99,2,0,NO,DISPLAY,,,,,FILLER-1,21,NO,,NO,,,,YES
CBACT04C,DB2-REST,FIELD,X(04),ALPHANUMERIC,6,4,Remaining portion of DB2 timestamp (4 characters),FILLER-1,X(4),4,0,NO,DISPLAY,,,,,FILLER-1,23,NO,,NO,,,,YES
CBACT04C,WS-MISC-VARS,RECORD,N/A,GROUP,1,34,Miscellaneous working storage variables group,WS-MISC-VARS,N/A,0,0,NO,DISPLAY,,,,,WS-MISC-VARS,1,NO,,NO,,,,YES
CBACT04C,WS-LAST-ACCT-NUM,FIELD,X(11),ALPHANUMERIC,5,11,Last processed account number for break detection (11 characters) (VALUE SPACES),WS-MISC-VARS,X(11),11,0,NO,DISPLAY,,,,,WS-MISC-VARS,1,NO,,NO,SPACES,,,YES
CBACT04C,WS-MONTHLY-INT,FIELD,S9(09)V99,DECIMAL,5,11,Monthly interest amount accumulator (9 digits signed with 2 decimal places),WS-MISC-VARS,'+/-999999999.99,13,2,YES,DISPLAY,,,,,WS-MISC-VARS,12,NO,,NO,,,,YES
CBACT04C,WS-TOTAL-INT,FIELD,S9(09)V99,DECIMAL,5,11,Total interest amount accumulator (9 digits signed with 2 decimal places),WS-MISC-VARS,'+/-999999999.99,13,2,YES,DISPLAY,,,,,WS-MISC-VARS,23,NO,,NO,,,,YES
CBACT04C,WS-FIRST-TIME,FIELD,X(01),ALPHANUMERIC,5,1,First-time processing flag indicator (1 character) (VALUE 'Y'),WS-MISC-VARS,X,1,0,NO,DISPLAY,,,,,WS-MISC-VARS,34,NO,,NO,'Y',,,YES
CBACT04C,WS-COUNTERS,RECORD,N/A,GROUP,1,15,Counter variables group for record and transaction tracking,WS-COUNTERS,N/A,0,0,NO,DISPLAY,,,,,WS-COUNTERS,1,NO,,NO,,,,YES
CBACT04C,WS-RECORD-COUNT,FIELD,9(09),NUMERIC,5,9,Record count accumulator (9 digits) (VALUE 0),WS-COUNTERS,999999999,9,0,NO,DISPLAY,,,,,WS-COUNTERS,1,NO,,NO,0,,,YES
CBACT04C,WS-TRANID-SUFFIX,FIELD,9(06),NUMERIC,5,6,Transaction identifier suffix counter (6 digits) (VALUE 0),WS-COUNTERS,999999,6,0,NO,DISPLAY,,,,,WS-COUNTERS,10,NO,,NO,0,,,YES
CBACT04C,EXTERNAL-PARMS,RECORD,N/A,GROUP,1,12,External parameter group for passed arguments,EXTERNAL-PARMS,N/A,0,0,NO,DISPLAY,,,,,EXTERNAL-PARMS,1,NO,,NO,,,,YES
CBACT04C,PARM-LENGTH,FIELD,S9(04) COMP,BINARY,5,2,Parameter length indicator (4 digits signed) (USAGE COMP),EXTERNAL-PARMS,'+/-9999,5,0,YES,COMP,,,,,EXTERNAL-PARMS,1,NO,,NO,,,,YES
CBACT04C,PARM-DATE,FIELD,X(10),ALPHANUMERIC,5,10,Parameter date value (10 characters),EXTERNAL-PARMS,X(10),10,0,NO,DISPLAY,,,,,EXTERNAL-PARMS,3,NO,,NO,,,,YES
CBTRN02C,FD-TRAN-RECORD,RECORD,N/A,GROUP,1,350,Transaction record group containing transaction identifier and customer data,FD-TRAN-RECORD,N/A,0,0,NO,DISPLAY,,,,,FD-TRAN-RECORD,1,NO,,NO,,,,YES
CBTRN02C,FD-TRAN-ID,FIELD,X(16),ALPHANUMERIC,5,16,Transaction identifier field (16 characters),FD-TRAN-RECORD,X(16),16,0,NO,DISPLAY,,,,,FD-TRAN-RECORD,1,NO,,NO,,,,YES
CBTRN02C,FD-CUST-DATA,FIELD,X(334),ALPHANUMERIC,5,334,Customer data field (334 characters),FD-TRAN-RECORD,X(334),334,0,NO,DISPLAY,,,,,FD-TRAN-RECORD,17,NO,,NO,,,,YES
CBTRN02C,FD-TRANFILE-REC,RECORD,N/A,GROUP,1,350,Transaction file record group containing transaction identifier and account data,FD-TRANFILE-REC,N/A,0,0,NO,DISPLAY,,,,,FD-TRANFILE-REC,1,NO,,NO,,,,YES
CBTRN02C,FD-TRANS-ID,FIELD,X(16),ALPHANUMERIC,5,16,Transaction identifier field (16 characters),FD-TRANFILE-REC,X(16),16,0,NO,DISPLAY,,,,,FD-TRANFILE-REC,1,NO,,NO,,,,YES
CBTRN02C,FD-ACCT-DATA,FIELD,X(289),ALPHANUMERIC,5,289,Account data field (289 characters),FD-ACCTFILE-REC,X(289),289,0,NO,DISPLAY,,,,,FD-ACCTFILE-REC,12,NO,,NO,,,,YES
CBTRN02C,FD-XREFFILE-REC,RECORD,N/A,GROUP,1,50,Cross-reference file record group containing card number and cross-reference data,FD-XREFFILE-REC,N/A,0,0,NO,DISPLAY,,,,,FD-XREFFILE-REC,1,NO,,NO,,,,YES
CBTRN02C,FD-XREF-CARD-NUM,FIELD,X(16),ALPHANUMERIC,5,16,Cross-reference card number field (16 characters),FD-XREFFILE-REC,X(16),16,0,NO,DISPLAY,,,,,FD-XREFFILE-REC,1,NO,,NO,,,,YES
CBTRN02C,FD-XREF-DATA,FIELD,X(34),ALPHANUMERIC,5,34,Cross-reference data field (34 characters),FD-XREFFILE-REC,X(34),34,0,NO,DISPLAY,,,,,FD-XREFFILE-REC,17,NO,,NO,,,,YES
CBTRN02C,FD-REJS-RECORD,RECORD,N/A,GROUP,1,430,Rejection record group containing rejected transaction record and validation trailer,FD-REJS-RECORD,N/A,0,0,NO,DISPLAY,,,,,FD-REJS-RECORD,1,NO,,NO,,,,YES
CBTRN02C,FD-REJECT-RECORD,FIELD,X(350),ALPHANUMERIC,5,350,Rejected transaction record field (350 characters),FD-REJS-RECORD,X(350),350,0,NO,DISPLAY,,,,,FD-REJS-RECORD,1,NO,,NO,,,,YES
CBTRN02C,FD-VALIDATION-TRAILER,FIELD,X(80),ALPHANUMERIC,5,80,Validation trailer field (80 characters),FD-REJS-RECORD,X(80),80,0,NO,DISPLAY,,,,,FD-REJS-RECORD,351,NO,,NO,,,,YES
CBTRN02C,FD-ACCTFILE-REC,RECORD,N/A,GROUP,1,300,Account file record group containing account identifier,FD-ACCTFILE-REC,N/A,0,0,NO,DISPLAY,,,,,FD-ACCTFILE-REC,1,NO,,NO,,,,YES
CBTRN02C,FD-ACCT-ID,FIELD,9(11),NUMERIC,5,11,Account identifier field (11 digits numeric),FD-ACCTFILE-REC,99999999999,11,0,NO,DISPLAY,,,,,FD-ACCTFILE-REC,1,NO,,NO,,,,YES
CBTRN02C,FD-TRAN-CAT-BAL-RECORD,RECORD,N/A,GROUP,1,50,Transaction category balance record group containing category key and category data,FD-TRAN-CAT-BAL-RECORD,N/A,0,0,NO,DISPLAY,,,,,FD-TRAN-CAT-BAL-RECORD,1,NO,,NO,,,,YES
CBTRN02C,FD-TRAN-CAT-KEY,GROUP,N/A,GROUP,5,17,"Transaction category key group containing account identifier, type code, and category code",FD-TRAN-CAT-BAL-RECORD,N/A,0,0,NO,DISPLAY,,,,,FD-TRAN-CAT-BAL-RECORD,1,NO,,NO,,,,YES
CBTRN02C,FD-TRANCAT-ACCT-ID,FIELD,9(11),NUMERIC,10,11,Transaction category account identifier field (11 digits numeric),FD-TRAN-CAT-KEY,99999999999,11,0,NO,DISPLAY,,,,,FD-TRAN-CAT-BAL-RECORD,1,NO,,NO,,,,YES
CBTRN02C,FD-TRANCAT-TYPE-CD,FIELD,X(02),ALPHANUMERIC,10,2,Transaction category type code field (2 characters),FD-TRAN-CAT-KEY,X(2),2,0,NO,DISPLAY,,,,,FD-TRAN-CAT-BAL-RECORD,12,NO,,NO,,,,YES
CBTRN02C,FD-TRANCAT-CD,FIELD,9(04),NUMERIC,10,4,Transaction category code field (4 digits numeric),FD-TRAN-CAT-KEY,9999,4,0,NO,DISPLAY,,,,,FD-TRAN-CAT-BAL-RECORD,14,NO,,NO,,,,YES
CBTRN02C,FD-FD-TRAN-CAT-DATA,FIELD,X(33),ALPHANUMERIC,5,33,Transaction category data field (33 characters),FD-TRAN-CAT-BAL-RECORD,X(33),33,0,NO,DISPLAY,,,,,FD-TRAN-CAT-BAL-RECORD,18,NO,,NO,,,,YES
CBTRN02C,DALYTRAN-STATUS,RECORD,N/A,GROUP,1,2,Daily transaction file I/O status code group,DALYTRAN-STATUS,N/A,0,0,NO,DISPLAY,,,,,DALYTRAN-STATUS,1,NO,,NO,,,,YES
CBTRN02C,DALYTRAN-STAT1,FIELD,X,ALPHANUMERIC,5,1,Daily transaction file I/O status code first character,DALYTRAN-STATUS,X,1,0,NO,DISPLAY,,,,,DALYTRAN-STATUS,1,NO,,NO,,,,YES
CBTRN02C,DALYTRAN-STAT2,FIELD,X,ALPHANUMERIC,5,1,Daily transaction file I/O status code second character,DALYTRAN-STATUS,X,1,0,NO,DISPLAY,,,,,DALYTRAN-STATUS,2,NO,,NO,,,,YES
CBTRN02C,TRANFILE-STATUS,RECORD,N/A,GROUP,1,2,Transaction file I/O status code group,TRANFILE-STATUS,N/A,0,0,NO,DISPLAY,,,,,TRANFILE-STATUS,1,NO,,NO,,,,YES
CBTRN02C,TRANFILE-STAT1,FIELD,X,ALPHANUMERIC,5,1,Transaction file I/O status code first character,TRANFILE-STATUS,X,1,0,NO,DISPLAY,,,,,TRANFILE-STATUS,1,NO,,NO,,,,YES
CBTRN02C,TRANFILE-STAT2,FIELD,X,ALPHANUMERIC,5,1,Transaction file I/O status code second character,TRANFILE-STATUS,X,1,0,NO,DISPLAY,,,,,TRANFILE-STATUS,2,NO,,NO,,,,YES
CBTRN02C,XREFFILE-STATUS,RECORD,N/A,GROUP,1,2,Cross-reference file I/O status code group,XREFFILE-STATUS,N/A,0,0,NO,DISPLAY,,,,,XREFFILE-STATUS,1,NO,,NO,,,,YES
CBTRN02C,XREFFILE-STAT1,FIELD,X,ALPHANUMERIC,5,1,Cross-reference file I/O status code first character,XREFFILE-STATUS,X,1,0,NO,DISPLAY,,,,,XREFFILE-STATUS,1,NO,,NO,,,,YES
CBTRN02C,XREFFILE-STAT2,FIELD,X,ALPHANUMERIC,5,1,Cross-reference file I/O status code second character,XREFFILE-STATUS,X,1,0,NO,DISPLAY,,,,,XREFFILE-STATUS,2,NO,,NO,,,,YES
CBTRN02C,DALYREJS-STATUS,RECORD,N/A,GROUP,1,2,Daily rejections file I/O status code group,DALYREJS-STATUS,N/A,0,0,NO,DISPLAY,,,,,DALYREJS-STATUS,1,NO,,NO,,,,YES
CBTRN02C,DALYREJS-STAT1,FIELD,X,ALPHANUMERIC,5,1,Daily rejections file I/O status code first character,DALYREJS-STATUS,X,1,0,NO,DISPLAY,,,,,DALYREJS-STATUS,1,NO,,NO,,,,YES
CBTRN02C,DALYREJS-STAT2,FIELD,X,ALPHANUMERIC,5,1,Daily rejections file I/O status code second character,DALYREJS-STATUS,X,1,0,NO,DISPLAY,,,,,DALYREJS-STATUS,2,NO,,NO,,,,YES
CBTRN02C,ACCTFILE-STATUS,RECORD,N/A,GROUP,1,2,Account file I/O status code group,ACCTFILE-STATUS,N/A,0,0,NO,DISPLAY,,,,,ACCTFILE-STATUS,1,NO,,NO,,,,YES
CBTRN02C,ACCTFILE-STAT1,FIELD,X,ALPHANUMERIC,5,1,Account file I/O status code first character,ACCTFILE-STATUS,X,1,0,NO,DISPLAY,,,,,ACCTFILE-STATUS,1,NO,,NO,,,,YES
CBTRN02C,ACCTFILE-STAT2,FIELD,X,ALPHANUMERIC,5,1,Account file I/O status code second character,ACCTFILE-STATUS,X,1,0,NO,DISPLAY,,,,,ACCTFILE-STATUS,2,NO,,NO,,,,YES
CBTRN02C,TCATBALF-STATUS,RECORD,N/A,GROUP,1,2,Transaction category balance file I/O status code group,TCATBALF-STATUS,N/A,0,0,NO,DISPLAY,,,,,TCATBALF-STATUS,1,NO,,NO,,,,YES
CBTRN02C,TCATBALF-STAT1,FIELD,X,ALPHANUMERIC,5,1,Transaction category balance file I/O status code first character,TCATBALF-STATUS,X,1,0,NO,DISPLAY,,,,,TCATBALF-STATUS,1,NO,,NO,,,,YES
CBTRN02C,TCATBALF-STAT2,FIELD,X,ALPHANUMERIC,5,1,Transaction category balance file I/O status code second character,TCATBALF-STATUS,X,1,0,NO,DISPLAY,,,,,TCATBALF-STATUS,2,NO,,NO,,,,YES
CBTRN02C,IO-STATUS,RECORD,N/A,GROUP,1,2,General I/O status code group,IO-STATUS,N/A,0,0,NO,DISPLAY,,,,,IO-STATUS,1,NO,,NO,,,,YES
CBTRN02C,IO-STAT1,FIELD,X,ALPHANUMERIC,5,1,General I/O status code first character,IO-STATUS,X,1,0,NO,DISPLAY,,,,,IO-STATUS,1,NO,,NO,,,,YES
CBTRN02C,IO-STAT2,FIELD,X,ALPHANUMERIC,5,1,General I/O status code second character,IO-STATUS,X,1,0,NO,DISPLAY,,,,,IO-STATUS,2,NO,,NO,,,,YES
CBTRN02C,TWO-BYTES-BINARY,FIELD,9(4) BINARY,BINARY,1,2,Two-byte binary numeric field (4 digits numeric BINARY),TWO-BYTES-BINARY,9999,4,0,NO,BINARY,,,,,TWO-BYTES-BINARY,1,NO,,NO,,,,YES
CBTRN02C,TWO-BYTES-ALPHA,RECORD,N/A,GROUP,1,2,Two-byte alphanumeric field redefining binary value (REDEFINES TWO-BYTES-BINARY),TWO-BYTES-ALPHA,N/A,0,0,NO,DISPLAY,,,,TWO-BYTES-BINARY,TWO-BYTES-ALPHA,1,NO,,NO,,,,YES
CBTRN02C,TWO-BYTES-LEFT,FIELD,X,ALPHANUMERIC,5,1,Left byte of two-byte alphanumeric field (1 character),TWO-BYTES-ALPHA,X,1,0,NO,DISPLAY,,,,,TWO-BYTES-ALPHA,1,NO,,NO,,,,YES
CBTRN02C,TWO-BYTES-RIGHT,FIELD,X,ALPHANUMERIC,5,1,Right byte of two-byte alphanumeric field (1 character),TWO-BYTES-ALPHA,X,1,0,NO,DISPLAY,,,,,TWO-BYTES-ALPHA,2,NO,,NO,,,,YES
CBTRN02C,IO-STATUS-04,RECORD,N/A,GROUP,1,4,I/O status code 04 group containing status components,IO-STATUS-04,N/A,0,0,NO,DISPLAY,,,,,IO-STATUS-04,1,NO,,NO,,,,YES
CBTRN02C,IO-STATUS-0401,FIELD,9,NUMERIC,5,1,I/O status code 04 first component (1 digit numeric VALUE 0),IO-STATUS-04,9,1,0,NO,DISPLAY,,,,,IO-STATUS-04,1,NO,,NO,0,,,YES
CBTRN02C,IO-STATUS-0403,FIELD,999,NUMERIC,5,3,I/O status code 04 second component (3 digits numeric VALUE 0),IO-STATUS-04,999,3,0,NO,DISPLAY,,,,,IO-STATUS-04,2,NO,,NO,0,,,YES
CBTRN02C,APPL-RESULT,FIELD,S9(9) COMP,BINARY,1,4,Application result code field (9 digits signed numeric COMP),APPL-RESULT,'+/-999999999,10,0,YES,COMP,,,,,APPL-RESULT,1,NO,,NO,,,,YES
CBTRN02C,APPL-AOK,CONDITION,N/A,DISPLAY,88,0,Condition: application processing completed successfully (VALUE 0),APPL-RESULT,N/A,0,0,NO,DISPLAY,,,,,APPL-RESULT,1,NO,,NO,,0,,YES
CBTRN02C,APPL-EOF,CONDITION,N/A,DISPLAY,88,0,Condition: end of file reached (VALUE 16),APPL-RESULT,N/A,0,0,NO,DISPLAY,,,,,APPL-RESULT,1,NO,,NO,,16,,YES
CBTRN02C,END-OF-FILE,FIELD,X(01),ALPHANUMERIC,1,1,End of file indicator flag (1 character VALUE 'N'),END-OF-FILE,X,1,0,NO,DISPLAY,,,,,END-OF-FILE,1,NO,,NO,'N',,,YES
CBTRN02C,ABCODE,FIELD,S9(9) BINARY,BINARY,1,4,Abnormal termination code field (9 digits signed numeric BINARY),ABCODE,'+/-999999999,10,0,YES,BINARY,,,,,ABCODE,1,NO,,NO,,,,YES
CBTRN02C,TIMING,FIELD,S9(9) BINARY,BINARY,1,4,Timing measurement field (9 digits signed numeric BINARY),TIMING,'+/-999999999,10,0,YES,BINARY,,,,,TIMING,1,NO,,NO,,,,YES
CBTRN02C,COBOL-TS,RECORD,N/A,GROUP,1,21,COBOL timestamp group containing date and time components,COBOL-TS,N/A,0,0,NO,DISPLAY,,,,,COBOL-TS,1,NO,,NO,,,,YES
CBTRN02C,COB-YYYY,FIELD,X(04),ALPHANUMERIC,5,4,COBOL timestamp year field (4 characters),COBOL-TS,X(4),4,0,NO,DISPLAY,,,,,COBOL-TS,1,NO,,NO,,,,YES
CBTRN02C,COB-MM,FIELD,X(02),ALPHANUMERIC,5,2,COBOL timestamp month field (2 characters),COBOL-TS,X(2),2,0,NO,DISPLAY,,,,,COBOL-TS,5,NO,,NO,,,,YES
CBTRN02C,COB-DD,FIELD,X(02),ALPHANUMERIC,5,2,COBOL timestamp day field (2 characters),COBOL-TS,X(2),2,0,NO,DISPLAY,,,,,COBOL-TS,7,NO,,NO,,,,YES
CBTRN02C,COB-HH,FIELD,X(02),ALPHANUMERIC,5,2,COBOL timestamp hour field (2 characters),COBOL-TS,X(2),2,0,NO,DISPLAY,,,,,COBOL-TS,9,NO,,NO,,,,YES
CBTRN02C,COB-MIN,FIELD,X(02),ALPHANUMERIC,5,2,COBOL timestamp minute field (2 characters),COBOL-TS,X(2),2,0,NO,DISPLAY,,,,,COBOL-TS,11,NO,,NO,,,,YES
CBTRN02C,COB-SS,FIELD,X(02),ALPHANUMERIC,5,2,COBOL timestamp second field (2 characters),COBOL-TS,X(2),2,0,NO,DISPLAY,,,,,COBOL-TS,13,NO,,NO,,,,YES
CBTRN02C,COB-MIL,FIELD,X(02),ALPHANUMERIC,5,2,COBOL timestamp millisecond field (2 characters),COBOL-TS,X(2),2,0,NO,DISPLAY,,,,,COBOL-TS,15,NO,,NO,,,,YES
CBTRN02C,COB-REST,FIELD,X(05),ALPHANUMERIC,5,5,COBOL timestamp remaining field (5 characters),COBOL-TS,X(5),5,0,NO,DISPLAY,,,,,COBOL-TS,17,NO,,NO,,,,YES
CBTRN02C,DB2-FORMAT-TS,FIELD,X(26),ALPHANUMERIC,1,26,DB2 formatted timestamp field (26 characters),DB2-FORMAT-TS,X(26),26,0,NO,DISPLAY,,,,,DB2-FORMAT-TS,1,NO,,NO,,,,YES
CBTRN02C,FILLER-1,RECORD,N/A,GROUP,1,26,"Reserved placeholder field used for data structure alignment, padding, or holding constant values",FILLER-1,N/A,0,0,NO,DISPLAY,,,,DB2-FORMAT-TS,FILLER-1,1,NO,,NO,,,,YES
CBTRN02C,DB2-YYYY,FIELD,X(004),ALPHANUMERIC,6,4,DB2 timestamp year field (4 characters),FILLER-1,X(4),4,0,NO,DISPLAY,,,,,FILLER-1,1,NO,,NO,,,,YES
CBTRN02C,DB2-STREEP-1,FIELD,X,ALPHANUMERIC,6,1,DB2 timestamp separator character (1 character),FILLER-1,X,1,0,NO,DISPLAY,,,,,FILLER-1,5,NO,,NO,,,,YES
CBTRN02C,DB2-MM,FIELD,X(002),ALPHANUMERIC,6,2,DB2 timestamp month field (2 characters),FILLER-1,X(2),2,0,NO,DISPLAY,,,,,FILLER-1,6,NO,,NO,,,,YES
CBTRN02C,DB2-STREEP-2,FIELD,X,ALPHANUMERIC,6,1,DB2 timestamp separator character (1 character),FILLER-1,X,1,0,NO,DISPLAY,,,,,FILLER-1,8,NO,,NO,,,,YES
CBTRN02C,DB2-DD,FIELD,X(002),ALPHANUMERIC,6,2,DB2 timestamp day field (2 characters),FILLER-1,X(2),2,0,NO,DISPLAY,,,,,FILLER-1,9,NO,,NO,,,,YES
CBTRN02C,DB2-STREEP-3,FIELD,X,ALPHANUMERIC,6,1,DB2 timestamp separator character (1 character),FILLER-1,X,1,0,NO,DISPLAY,,,,,FILLER-1,11,NO,,NO,,,,YES
CBTRN02C,DB2-HH,FIELD,X(002),ALPHANUMERIC,6,2,DB2 timestamp hour field (2 characters),FILLER-1,X(2),2,0,NO,DISPLAY,,,,,FILLER-1,12,NO,,NO,,,,YES
CBTRN02C,DB2-DOT-1,FIELD,X,ALPHANUMERIC,6,1,DB2 timestamp separator character (1 character),FILLER-1,X,1,0,NO,DISPLAY,,,,,FILLER-1,14,NO,,NO,,,,YES
CBTRN02C,DB2-MIN,FIELD,X(002),ALPHANUMERIC,6,2,DB2 timestamp minute field (2 characters),FILLER-1,X(2),2,0,NO,DISPLAY,,,,,FILLER-1,15,NO,,NO,,,,YES
CBTRN02C,DB2-DOT-2,FIELD,X,ALPHANUMERIC,6,1,DB2 timestamp separator character (1 character),FILLER-1,X,1,0,NO,DISPLAY,,,,,FILLER-1,17,NO,,NO,,,,YES
CBTRN02C,DB2-SS,FIELD,X(002),ALPHANUMERIC,6,2,DB2 timestamp second field (2 characters),FILLER-1,X(2),2,0,NO,DISPLAY,,,,,FILLER-1,18,NO,,NO,,,,YES
CBTRN02C,DB2-DOT-3,FIELD,X,ALPHANUMERIC,6,1,DB2 timestamp separator character (1 character),FILLER-1,X,1,0,NO,DISPLAY,,,,,FILLER-1,20,NO,,NO,,,,YES
CBTRN02C,DB2-MIL,FIELD,9(002),NUMERIC,6,2,DB2 timestamp millisecond field (2 digits numeric),FILLER-1,99,2,0,NO,DISPLAY,,,,,FILLER-1,21,NO,,NO,,,,YES
CBTRN02C,DB2-REST,FIELD,X(04),ALPHANUMERIC,6,4,DB2 timestamp remaining field (4 characters),FILLER-1,X(4),4,0,NO,DISPLAY,,,,,FILLER-1,23,NO,,NO,,,,YES
CBTRN02C,REJECT-RECORD,RECORD,N/A,GROUP,1,430,Rejection record group containing rejected transaction data and validation trailer,REJECT-RECORD,N/A,0,0,NO,DISPLAY,,,,,REJECT-RECORD,1,NO,,NO,,,,YES
CBTRN02C,REJECT-TRAN-DATA,FIELD,X(350),ALPHANUMERIC,5,350,Rejected transaction data field (350 characters),REJECT-RECORD,X(350),350,0,NO,DISPLAY,,,,,REJECT-RECORD,1,NO,,NO,,,,YES
CBTRN02C,VALIDATION-TRAILER,FIELD,X(80),ALPHANUMERIC,5,80,Validation trailer field (80 characters),REJECT-RECORD,X(80),80,0,NO,DISPLAY,,,,,REJECT-RECORD,351,NO,,NO,,,,YES
CBTRN02C,WS-VALIDATION-TRAILER,RECORD,N/A,GROUP,1,80,Working storage validation trailer group containing failure reason and description,WS-VALIDATION-TRAILER,N/A,0,0,NO,DISPLAY,,,,,WS-VALIDATION-TRAILER,1,NO,,NO,,,,YES
CBTRN02C,WS-VALIDATION-FAIL-REASON,FIELD,9(04),NUMERIC,5,4,Validation failure reason code field (4 digits numeric),WS-VALIDATION-TRAILER,9999,4,0,NO,DISPLAY,,,,,WS-VALIDATION-TRAILER,1,NO,,NO,,,,YES
CBTRN02C,WS-VALIDATION-FAIL-REASON-DESC,FIELD,X(76),ALPHANUMERIC,5,76,Validation failure reason description field (76 characters),WS-VALIDATION-TRAILER,X(76),76,0,NO,DISPLAY,,,,,WS-VALIDATION-TRAILER,5,NO,,NO,,,,YES
CBTRN02C,WS-COUNTERS,RECORD,N/A,GROUP,1,29,Working storage counters group containing transaction and rejection counts,WS-COUNTERS,N/A,0,0,NO,DISPLAY,,,,,WS-COUNTERS,1,NO,,NO,,,,YES
CBTRN02C,WS-TRANSACTION-COUNT,FIELD,9(09),NUMERIC,5,9,Transaction count field (9 digits numeric VALUE 0),WS-COUNTERS,999999999,9,0,NO,DISPLAY,,,,,WS-COUNTERS,1,NO,,NO,0,,,YES
CBTRN02C,WS-REJECT-COUNT,FIELD,9(09),NUMERIC,5,9,Rejection count field (9 digits numeric VALUE 0),WS-COUNTERS,999999999,9,0,NO,DISPLAY,,,,,WS-COUNTERS,10,NO,,NO,0,,,YES
CBTRN02C,WS-TEMP-BAL,FIELD,S9(09)V99,DECIMAL,5,11,Temporary balance field (9 digits signed numeric with 2 decimal places),WS-COUNTERS,'+/-999999999.99,13,2,YES,DISPLAY,,,,,WS-COUNTERS,19,NO,,NO,,,,YES
CBTRN02C,WS-FLAGS,RECORD,N/A,GROUP,1,1,Working storage flags group containing processing control indicators,WS-FLAGS,N/A,0,0,NO,DISPLAY,,,,,WS-FLAGS,1,NO,,NO,,,,YES
CBTRN02C,WS-CREATE-TRANCAT-REC,FIELD,X(01),ALPHANUMERIC,5,1,Create transaction category record flag (1 character VALUE 'N'),WS-FLAGS,X,1,0,NO,DISPLAY,,,,,WS-FLAGS,1,NO,,NO,'N',,,YES
CBACT01C,FD-ACCTFILE-REC,RECORD,N/A,GROUP,1,300,File input record for account file containing account identifier and account data,FD-ACCTFILE-REC,N/A,0,0,NO,DISPLAY,,,,,FD-ACCTFILE-REC,1,NO,,NO,,,,YES
CBACT01C,FD-ACCT-ID,FIELD,9(11),NUMERIC,5,11,Account identifier numeric key (11 digits),FD-ACCTFILE-REC,99999999999,11,0,NO,DISPLAY,,,,,FD-ACCTFILE-REC,1,NO,,NO,,,,YES
CBACT01C,FD-ACCT-DATA,FIELD,X(289),ALPHANUMERIC,5,289,Account data content area (289 characters),FD-ACCTFILE-REC,X(289),289,0,NO,DISPLAY,,,,,FD-ACCTFILE-REC,12,NO,,NO,,,,YES
CBACT01C,OUT-ACCT-REC,RECORD,N/A,GROUP,1,107,Output record group containing formatted account information for reporting,OUT-ACCT-REC,N/A,0,0,NO,DISPLAY,,,,,OUT-ACCT-REC,1,NO,,NO,,,,YES
CBACT01C,OUT-ACCT-ID,FIELD,9(11),NUMERIC,5,11,Account identifier numeric key (11 digits),OUT-ACCT-REC,99999999999,11,0,NO,DISPLAY,,,,,OUT-ACCT-REC,1,NO,,NO,,,,YES
CBACT01C,OUT-ACCT-ACTIVE-STATUS,FIELD,X(01),ALPHANUMERIC,5,1,Account active status indicator (1 character),OUT-ACCT-REC,X,1,0,NO,DISPLAY,,,,,OUT-ACCT-REC,12,NO,,NO,,,,YES
CBACT01C,OUT-ACCT-CURR-BAL,FIELD,S9(10)V99,DECIMAL,5,12,Account current balance amount with 2 decimal places (USAGE COMP),OUT-ACCT-REC,'+/-9999999999.99,14,2,YES,DISPLAY,,,,,OUT-ACCT-REC,13,NO,,NO,,,,YES
CBACT01C,OUT-ACCT-CREDIT-LIMIT,FIELD,S9(10)V99,DECIMAL,5,12,Account credit limit amount with 2 decimal places (USAGE COMP),OUT-ACCT-REC,'+/-9999999999.99,14,2,YES,DISPLAY,,,,,OUT-ACCT-REC,25,NO,,NO,,,,YES
CBACT01C,OUT-ACCT-CASH-CREDIT-LIMIT,FIELD,S9(10)V99,DECIMAL,5,12,Account cash credit limit amount with 2 decimal places (USAGE COMP),OUT-ACCT-REC,'+/-9999999999.99,14,2,YES,DISPLAY,,,,,OUT-ACCT-REC,37,NO,,NO,,,,YES
CBACT01C,OUT-ACCT-OPEN-DATE,FIELD,X(10),ALPHANUMERIC,5,10,Account open date in formatted string (10 characters),OUT-ACCT-REC,X(10),10,0,NO,DISPLAY,,,,,OUT-ACCT-REC,49,NO,,NO,,,,YES
CBACT01C,OUT-ACCT-EXPIRAION-DATE,FIELD,X(10),ALPHANUMERIC,5,10,Account expiration date in formatted string (10 characters),OUT-ACCT-REC,X(10),10,0,NO,DISPLAY,,,,,OUT-ACCT-REC,59,NO,,NO,,,,YES
CBACT01C,OUT-ACCT-REISSUE-DATE,FIELD,X(10),ALPHANUMERIC,5,10,Account reissue date in formatted string (10 characters),OUT-ACCT-REC,X(10),10,0,NO,DISPLAY,,,,,OUT-ACCT-REC,69,NO,,NO,,,,YES
CBACT01C,OUT-ACCT-CURR-CYC-CREDIT,FIELD,S9(10)V99,DECIMAL,5,12,Account current cycle credit amount with 2 decimal places (USAGE COMP),OUT-ACCT-REC,'+/-9999999999.99,14,2,YES,DISPLAY,,,,,OUT-ACCT-REC,79,NO,,NO,,,,YES
CBACT01C,OUT-ACCT-CURR-CYC-DEBIT,FIELD,S9(10)V99 COMP-3,PACKED,5,7,Account current cycle debit amount with 2 decimal places (USAGE COMP-3),OUT-ACCT-REC,'+/-9999999999.99,14,2,YES,COMP-3,,,,,OUT-ACCT-REC,91,NO,,NO,,,,YES
CBACT01C,OUT-ACCT-GROUP-ID,FIELD,X(10),ALPHANUMERIC,5,10,Account group identifier (10 characters),OUT-ACCT-REC,X(10),10,0,NO,DISPLAY,,,,,OUT-ACCT-REC,98,NO,,NO,,,,YES
CBACT01C,ARR-ARRAY-REC,RECORD,N/A,GROUP,1,110,Array record group containing account identifier and repeating balance array,ARR-ARRAY-REC,N/A,0,0,NO,DISPLAY,,,,,ARR-ARRAY-REC,1,NO,,NO,,,,YES
CBACT01C,ARR-ACCT-ID,FIELD,9(11),NUMERIC,5,11,Account identifier numeric key (11 digits),ARR-ARRAY-REC,99999999999,11,0,NO,DISPLAY,,,,,ARR-ARRAY-REC,1,NO,,NO,,,,YES
CBACT01C,ARR-ACCT-BAL,GROUP,N/A,GROUP,5,19,Repeating group of account balance entries (OCCURS 5),ARR-ARRAY-REC,N/A,0,0,NO,DISPLAY,5,5,,,ARR-ARRAY-REC,12,NO,,NO,,,,YES
CBACT01C,ARR-ACCT-CURR-BAL,FIELD,S9(10)V99,DECIMAL,10,12,Array account current balance amount with 2 decimal places (USAGE COMP),ARR-ACCT-BAL,'+/-9999999999.99,14,2,YES,DISPLAY,,,,,ARR-ARRAY-REC,12,NO,,NO,,,,YES
CBACT01C,ARR-ACCT-CURR-CYC-DEBIT,FIELD,S9(10)V99 COMP-3,PACKED,10,7,Array account current cycle debit amount with 2 decimal places (USAGE COMP-3),ARR-ACCT-BAL,'+/-9999999999.99,14,2,YES,COMP-3,,,,,ARR-ARRAY-REC,24,NO,,NO,,,,YES
CBACT01C,ARR-FILLER,FIELD,X(04),ALPHANUMERIC,5,4,"Reserved placeholder field used for data structure alignment, padding, or holding constant values",ARR-ARRAY-REC,X(4),4,0,NO,DISPLAY,,,,,ARR-ARRAY-REC,107,NO,,NO,,,,YES
CBACT01C,VBR-REC,FIELD,X(80),ALPHANUMERIC,1,80,Variable block record containing 80-character data block,VBR-REC,X(80),80,0,NO,DISPLAY,,,,,VBR-REC,1,NO,,NO,,,,YES
CBACT01C,ACCTFILE-STATUS,RECORD,N/A,GROUP,1,2,File I/O status code group for account file operations,ACCTFILE-STATUS,N/A,0,0,NO,DISPLAY,,,,,ACCTFILE-STATUS,1,NO,,NO,,,,YES
CBACT01C,ACCTFILE-STAT1,FIELD,X,ALPHANUMERIC,5,1,File status code first character for account file,ACCTFILE-STATUS,X,1,0,NO,DISPLAY,,,,,ACCTFILE-STATUS,1,NO,,NO,,,,YES
CBACT01C,ACCTFILE-STAT2,FIELD,X,ALPHANUMERIC,5,1,File status code second character for account file,ACCTFILE-STATUS,X,1,0,NO,DISPLAY,,,,,ACCTFILE-STATUS,2,NO,,NO,,,,YES
CBACT01C,OUTFILE-STATUS,RECORD,N/A,GROUP,1,2,File I/O status code group for output file operations,OUTFILE-STATUS,N/A,0,0,NO,DISPLAY,,,,,OUTFILE-STATUS,1,NO,,NO,,,,YES
CBACT01C,OUTFILE-STAT1,FIELD,X,ALPHANUMERIC,5,1,File status code first character for output file,OUTFILE-STATUS,X,1,0,NO,DISPLAY,,,,,OUTFILE-STATUS,1,NO,,NO,,,,YES
CBACT01C,OUTFILE-STAT2,FIELD,X,ALPHANUMERIC,5,1,File status code second character for output file,OUTFILE-STATUS,X,1,0,NO,DISPLAY,,,,,OUTFILE-STATUS,2,NO,,NO,,,,YES
CBACT01C,ARRYFILE-STATUS,RECORD,N/A,GROUP,1,2,File I/O status code group for array file operations,ARRYFILE-STATUS,N/A,0,0,NO,DISPLAY,,,,,ARRYFILE-STATUS,1,NO,,NO,,,,YES
CBACT01C,ARRYFILE-STAT1,FIELD,X,ALPHANUMERIC,5,1,File status code first character for array file,ARRYFILE-STATUS,X,1,0,NO,DISPLAY,,,,,ARRYFILE-STATUS,1,NO,,NO,,,,YES
CBACT01C,ARRYFILE-STAT2,FIELD,X,ALPHANUMERIC,5,1,File status code second character for array file,ARRYFILE-STATUS,X,1,0,NO,DISPLAY,,,,,ARRYFILE-STATUS,2,NO,,NO,,,,YES
CBACT01C,VBRCFILE-STATUS,RECORD,N/A,GROUP,1,2,File I/O status code group for variable block record file operations,VBRCFILE-STATUS,N/A,0,0,NO,DISPLAY,,,,,VBRCFILE-STATUS,1,NO,,NO,,,,YES
CBACT01C,VBRCFILE-STAT1,FIELD,X,ALPHANUMERIC,5,1,File status code first character for variable block record file,VBRCFILE-STATUS,X,1,0,NO,DISPLAY,,,,,VBRCFILE-STATUS,1,NO,,NO,,,,YES
CBACT01C,VBRCFILE-STAT2,FIELD,X,ALPHANUMERIC,5,1,File status code second character for variable block record file,VBRCFILE-STATUS,X,1,0,NO,DISPLAY,,,,,VBRCFILE-STATUS,2,NO,,NO,,,,YES
CBACT01C,IO-STATUS,RECORD,N/A,GROUP,1,2,General I/O status code group for file operations,IO-STATUS,N/A,0,0,NO,DISPLAY,,,,,IO-STATUS,1,NO,,NO,,,,YES
CBACT01C,IO-STAT1,FIELD,X,ALPHANUMERIC,5,1,I/O status code first character,IO-STATUS,X,1,0,NO,DISPLAY,,,,,IO-STATUS,1,NO,,NO,,,,YES
CBACT01C,IO-STAT2,FIELD,X,ALPHANUMERIC,5,1,I/O status code second character,IO-STATUS,X,1,0,NO,DISPLAY,,,,,IO-STATUS,2,NO,,NO,,,,YES
CBACT01C,TWO-BYTES-BINARY,FIELD,9(4) BINARY,BINARY,1,2,Two-byte binary numeric value (4 digits),TWO-BYTES-BINARY,9999,4,0,NO,BINARY,,,,,TWO-BYTES-BINARY,1,NO,,NO,,,,YES
CBACT01C,TWO-BYTES-ALPHA,RECORD,N/A,GROUP,1,2,Two-byte alphanumeric representation redefining binary value (REDEFINES TWO-BYTES-BINARY),TWO-BYTES-ALPHA,N/A,0,0,NO,DISPLAY,,,,TWO-BYTES-BINARY,TWO-BYTES-ALPHA,1,NO,,NO,,,,YES
CBACT01C,TWO-BYTES-LEFT,FIELD,X,ALPHANUMERIC,5,1,Left byte of two-byte alphanumeric field (1 character),TWO-BYTES-ALPHA,X,1,0,NO,DISPLAY,,,,,TWO-BYTES-ALPHA,1,NO,,NO,,,,YES
CBACT01C,TWO-BYTES-RIGHT,FIELD,X,ALPHANUMERIC,5,1,Right byte of two-byte alphanumeric field (1 character),TWO-BYTES-ALPHA,X,1,0,NO,DISPLAY,,,,,TWO-BYTES-ALPHA,2,NO,,NO,,,,YES
CBACT01C,IO-STATUS-04,RECORD,N/A,GROUP,1,4,I/O status code 04 group containing status components,IO-STATUS-04,N/A,0,0,NO,DISPLAY,,,,,IO-STATUS-04,1,NO,,NO,,,,YES
CBACT01C,IO-STATUS-0401,FIELD,9,NUMERIC,5,1,I/O status code 0401 first component (VALUE 0),IO-STATUS-04,9,1,0,NO,DISPLAY,,,,,IO-STATUS-04,1,NO,,NO,0,,,YES
CBACT01C,IO-STATUS-0403,FIELD,999,NUMERIC,5,3,I/O status code 0403 second component (VALUE 0),IO-STATUS-04,999,3,0,NO,DISPLAY,,,,,IO-STATUS-04,2,NO,,NO,0,,,YES
CBACT01C,APPL-RESULT,FIELD,S9(9) COMP,BINARY,1,4,Application result code indicating operation outcome (USAGE COMP),APPL-RESULT,'+/-999999999,10,0,YES,COMP,,,,,APPL-RESULT,1,NO,,NO,,,,YES
CBACT01C,APPL-AOK,CONDITION,N/A,DISPLAY,88,0,Condition: application operation completed successfully (VALUE 0),APPL-RESULT,N/A,0,0,NO,DISPLAY,,,,,APPL-RESULT,1,NO,,NO,,0,,YES
CBACT01C,APPL-EOF,CONDITION,N/A,DISPLAY,88,0,Condition: end of file reached during read operation (VALUE 16),APPL-RESULT,N/A,0,0,NO,DISPLAY,,,,,APPL-RESULT,1,NO,,NO,,16,,YES
CBACT01C,END-OF-FILE,FIELD,X(01),ALPHANUMERIC,1,1,End of file indicator flag (1 character) (VALUE 'N'),END-OF-FILE,X,1,0,NO,DISPLAY,,,,,END-OF-FILE,1,NO,,NO,'N',,,YES
CBACT01C,ABCODE,FIELD,S9(9) BINARY,BINARY,1,4,Abnormal termination code for error tracking (USAGE BINARY),ABCODE,'+/-999999999,10,0,YES,BINARY,,,,,ABCODE,1,NO,,NO,,,,YES
CBACT01C,TIMING,FIELD,S9(9) BINARY,BINARY,1,4,Timing measurement value in binary format (USAGE BINARY),TIMING,'+/-999999999,10,0,YES,BINARY,,,,,TIMING,1,NO,,NO,,,,YES
CBACT01C,WS-RECD-LEN,FIELD,9(04),NUMERIC,1,4,Work storage record length value (4 digits),WS-RECD-LEN,9999,4,0,NO,DISPLAY,,,,,WS-RECD-LEN,1,NO,,NO,,,,YES
CBACT01C,VBRC-REC1,RECORD,N/A,GROUP,1,12,Variable block record 1 containing account identifier and active status,VBRC-REC1,N/A,0,0,NO,DISPLAY,,,,,VBRC-REC1,1,NO,,NO,,,,YES
CBACT01C,VB1-ACCT-ID,FIELD,9(11),NUMERIC,5,11,Variable block record 1 account identifier numeric key (11 digits),VBRC-REC1,99999999999,11,0,NO,DISPLAY,,,,,VBRC-REC1,1,NO,,NO,,,,YES
CBACT01C,VB1-ACCT-ACTIVE-STATUS,FIELD,X(01),ALPHANUMERIC,5,1,Variable block record 1 account active status indicator (1 character),VBRC-REC1,X,1,0,NO,DISPLAY,,,,,VBRC-REC1,12,NO,,NO,,,,YES
CBACT01C,VBRC-REC2,RECORD,N/A,GROUP,1,39,Variable block record 2 containing account financial information,VBRC-REC2,N/A,0,0,NO,DISPLAY,,,,,VBRC-REC2,1,NO,,NO,,,,YES
CBACT01C,VB2-ACCT-ID,FIELD,9(11),NUMERIC,5,11,Variable block record 2 account identifier numeric key (11 digits),VBRC-REC2,99999999999,11,0,NO,DISPLAY,,,,,VBRC-REC2,1,NO,,NO,,,,YES
CBACT01C,VB2-ACCT-CURR-BAL,FIELD,S9(10)V99,DECIMAL,5,12,Variable block record 2 account current balance amount with 2 decimal places (USAGE COMP),VBRC-REC2,'+/-9999999999.99,14,2,YES,DISPLAY,,,,,VBRC-REC2,12,NO,,NO,,,,YES
CBACT01C,VB2-ACCT-CREDIT-LIMIT,FIELD,S9(10)V99,DECIMAL,5,12,Variable block record 2 account credit limit amount with 2 decimal places (USAGE COMP),VBRC-REC2,'+/-9999999999.99,14,2,YES,DISPLAY,,,,,VBRC-REC2,24,NO,,NO,,,,YES
CBACT01C,VB2-ACCT-REISSUE-YYYY,FIELD,X(04),ALPHANUMERIC,5,4,Variable block record 2 account reissue year (4 characters),VBRC-REC2,X(4),4,0,NO,DISPLAY,,,,,VBRC-REC2,36,NO,,NO,,,,YES
CBACT01C,WS-ACCT-REISSUE-DATE,RECORD,N/A,GROUP,1,10,Work storage account reissue date group containing year month day components,WS-ACCT-REISSUE-DATE,N/A,0,0,NO,DISPLAY,,,,,WS-ACCT-REISSUE-DATE,1,NO,,NO,,,,YES
CBACT01C,WS-ACCT-REISSUE-YYYY,FIELD,X(04),ALPHANUMERIC,5,4,Work storage account reissue year component (4 characters),WS-ACCT-REISSUE-DATE,X(4),4,0,NO,DISPLAY,,,,,WS-ACCT-REISSUE-DATE,1,NO,,NO,,,,YES
CBACT01C,WS-FILLER-1,FIELD,X(01),ALPHANUMERIC,5,1,"Reserved placeholder field used for data structure alignment, padding, or holding constant values",WS-ACCT-REISSUE-DATE,X,1,0,NO,DISPLAY,,,,,WS-ACCT-REISSUE-DATE,5,NO,,NO,,,,YES
CBACT01C,WS-ACCT-REISSUE-MM,FIELD,X(02),ALPHANUMERIC,5,2,Work storage account reissue month component (2 characters),WS-ACCT-REISSUE-DATE,X(2),2,0,NO,DISPLAY,,,,,WS-ACCT-REISSUE-DATE,6,NO,,NO,,,,YES
CBACT01C,WS-FILLER-2,FIELD,X(01),ALPHANUMERIC,5,1,"Reserved placeholder field used for data structure alignment, padding, or holding constant values",WS-ACCT-REISSUE-DATE,X,1,0,NO,DISPLAY,,,,,WS-ACCT-REISSUE-DATE,8,NO,,NO,,,,YES
CBACT01C,WS-ACCT-REISSUE-DD,FIELD,X(02),ALPHANUMERIC,5,2,Work storage account reissue day component (2 characters),WS-ACCT-REISSUE-DATE,X(2),2,0,NO,DISPLAY,,,,,WS-ACCT-REISSUE-DATE,9,NO,,NO,,,,YES
CBACT01C,WS-REISSUE-DATE,FIELD,X(10),ALPHANUMERIC,1,10,Work storage reissue date in formatted string (REDEFINES WS-ACCT-REISSUE-DATE),WS-REISSUE-DATE,X(10),10,0,NO,DISPLAY,,,,WS-ACCT-REISSUE-DATE,WS-REISSUE-DATE,1,NO,,NO,,,,YES
COTRN02C,WS-VARIABLES,RECORD,N/A,GROUP,1,230,Working storage variables group for program COTRN02C,WS-VARIABLES,N/A,0,0,NO,DISPLAY,,,,,WS-VARIABLES,1,NO,,NO,,,,YES
COTRN02C,WS-PGMNAME,FIELD,X(08),ALPHANUMERIC,5,8,Program name identifier (VALUE 'COTRN02C') (PIC X(08)),WS-VARIABLES,X(8),8,0,NO,DISPLAY,,,,,WS-VARIABLES,1,NO,,NO,'COTRN02C',,,YES
COTRN02C,WS-TRANID,FIELD,X(04),ALPHANUMERIC,5,4,Transaction identifier code (VALUE 'CT02') (PIC X(04)),WS-VARIABLES,X(4),4,0,NO,DISPLAY,,,,,WS-VARIABLES,9,NO,,NO,'CT02',,,YES
COTRN02C,WS-MESSAGE,FIELD,X(80),ALPHANUMERIC,5,80,General message text field for error or status messages (PIC X(80)) (VALUE SPACES),WS-VARIABLES,X(80),80,0,NO,DISPLAY,,,,,WS-VARIABLES,13,NO,,NO,SPACES,,,YES
COTRN02C,WS-TRANSACT-FILE,FIELD,X(08),ALPHANUMERIC,5,8,File name for transaction file (VALUE 'TRANSACT') (PIC X(08)),WS-VARIABLES,X(8),8,0,NO,DISPLAY,,,,,WS-VARIABLES,93,NO,,NO,'TRANSACT',,,YES
COTRN02C,WS-ACCTDAT-FILE,FIELD,X(08),ALPHANUMERIC,5,8,File name for account data file (VALUE 'ACCTDAT ') (PIC X(08)),WS-VARIABLES,X(8),8,0,NO,DISPLAY,,,,,WS-VARIABLES,101,NO,,NO,'ACCTDAT ',,,YES
COTRN02C,WS-CCXREF-FILE,FIELD,X(08),ALPHANUMERIC,5,8,File name for credit card cross-reference file (VALUE 'CCXREF  ') (PIC X(08)),WS-VARIABLES,X(8),8,0,NO,DISPLAY,,,,,WS-VARIABLES,109,NO,,NO,'CCXREF  ',,,YES
COTRN02C,WS-CXACAIX-FILE,FIELD,X(08),ALPHANUMERIC,5,8,File name for CXACAIX index file (VALUE 'CXACAIX ') (PIC X(08)),WS-VARIABLES,X(8),8,0,NO,DISPLAY,,,,,WS-VARIABLES,117,NO,,NO,'CXACAIX ',,,YES
COTRN02C,WS-ERR-FLG,FIELD,X(01),ALPHANUMERIC,5,1,Error flag indicator (PIC X(01)) (VALUE 'N'),WS-VARIABLES,X,1,0,NO,DISPLAY,,,,,WS-VARIABLES,125,NO,,NO,'N',,,YES
COTRN02C,ERR-FLG-ON,CONDITION,N/A,DISPLAY,88,0,Condition: error flag is set to on (VALUE 'Y'),WS-ERR-FLG,N/A,0,0,NO,DISPLAY,,,,,WS-VARIABLES,125,NO,,NO,,'Y',,YES
COTRN02C,ERR-FLG-OFF,CONDITION,N/A,DISPLAY,88,0,Condition: error flag is set to off (VALUE 'N'),WS-ERR-FLG,N/A,0,0,NO,DISPLAY,,,,,WS-VARIABLES,125,NO,,NO,,'N',,YES
COTRN02C,WS-RESP-CD,FIELD,S9(09) COMP,BINARY,5,4,CICS response code for file operations (PIC S9(09) COMP) (VALUE ZEROS),WS-VARIABLES,'+/-999999999,10,0,YES,COMP,,,,,WS-VARIABLES,126,NO,,NO,ZEROS,,,YES
COTRN02C,WS-REAS-CD,FIELD,S9(09) COMP,BINARY,5,4,CICS reason code for file operations (PIC S9(09) COMP) (VALUE ZEROS),WS-VARIABLES,'+/-999999999,10,0,YES,COMP,,,,,WS-VARIABLES,130,NO,,NO,ZEROS,,,YES
COTRN02C,WS-USR-MODIFIED,FIELD,X(01),ALPHANUMERIC,5,1,User modification indicator flag (PIC X(01)) (VALUE 'N'),WS-VARIABLES,X,1,0,NO,DISPLAY,,,,,WS-VARIABLES,134,NO,,NO,'N',,,YES
COTRN02C,USR-MODIFIED-YES,CONDITION,N/A,DISPLAY,88,0,Condition: user has modified the record (VALUE 'Y'),WS-USR-MODIFIED,N/A,0,0,NO,DISPLAY,,,,,WS-VARIABLES,134,NO,,NO,,'Y',,YES
COTRN02C,USR-MODIFIED-NO,CONDITION,N/A,DISPLAY,88,0,Condition: user has not modified the record (VALUE 'N'),WS-USR-MODIFIED,N/A,0,0,NO,DISPLAY,,,,,WS-VARIABLES,134,NO,,NO,,'N',,YES
COTRN02C,WS-TRAN-AMT,FIELD,'+99999999.99,DECIMAL,5,12,Transaction amount in display format with sign and decimal places (PIC +99999999.99),WS-VARIABLES,'+99999999.99,12,2,YES,DISPLAY,,,,,WS-VARIABLES,135,NO,,NO,,,,YES
COTRN02C,WS-TRAN-DATE,FIELD,X(08),ALPHANUMERIC,5,8,Transaction date in MM/DD/YY format (PIC X(08)) (VALUE '00/00/00'),WS-VARIABLES,X(8),8,0,NO,DISPLAY,,,,,WS-VARIABLES,147,NO,,NO,'00/00/00',,,YES
COTRN02C,WS-ACCT-ID-N,FIELD,9(11),NUMERIC,5,11,Account identifier as numeric value (PIC 9(11)) (VALUE 0),WS-VARIABLES,99999999999,11,0,NO,DISPLAY,,,,,WS-VARIABLES,155,NO,,NO,0,,,YES
COTRN02C,WS-CARD-NUM-N,FIELD,9(16),NUMERIC,5,16,Credit card number as numeric value (PIC 9(16)) (VALUE 0),WS-VARIABLES,9999999999999999,16,0,NO,DISPLAY,,,,,WS-VARIABLES,166,NO,,NO,0,,,YES
COTRN02C,WS-TRAN-ID-N,FIELD,9(16),NUMERIC,5,16,Transaction identifier as numeric value (PIC 9(16)) (VALUE ZEROS),WS-VARIABLES,9999999999999999,16,0,NO,DISPLAY,,,,,WS-VARIABLES,182,NO,,NO,ZEROS,,,YES
COTRN02C,WS-TRAN-AMT-N,FIELD,S9(9)V99,DECIMAL,5,11,Transaction amount as signed numeric with two decimal places (PIC S9(9)V99) (VALUE ZERO),WS-VARIABLES,'+/-999999999.99,13,2,YES,DISPLAY,,,,,WS-VARIABLES,198,NO,,NO,ZERO,,,YES
COTRN02C,WS-TRAN-AMT-E,FIELD,'+99999999.99,DECIMAL,5,12,Transaction amount in edited display format with sign and decimal places (PIC +99999999.99) (VALUE ZEROS),WS-VARIABLES,'+99999999.99,12,2,YES,DISPLAY,,,,,WS-VARIABLES,209,NO,,NO,ZEROS,,,YES
COTRN02C,WS-DATE-FORMAT,FIELD,X(10),ALPHANUMERIC,5,10,Date format specification string (VALUE 'YYYY-MM-DD') (PIC X(10)),WS-VARIABLES,X(10),10,0,NO,DISPLAY,,,,,WS-VARIABLES,221,NO,,NO,'YYYY-MM-DD',,,YES
COTRN02C,CSUTLDTC-PARM,RECORD,N/A,GROUP,1,158,Parameter group for CSUTLDTC date utility service,CSUTLDTC-PARM,N/A,0,0,NO,DISPLAY,,,,,CSUTLDTC-PARM,1,NO,,NO,,,,YES
COTRN02C,CSUTLDTC-DATE,FIELD,X(10),ALPHANUMERIC,5,10,Input date value for date conversion utility (PIC X(10)),CSUTLDTC-PARM,X(10),10,0,NO,DISPLAY,,,,,CSUTLDTC-PARM,1,NO,,NO,,,,YES
COTRN02C,CSUTLDTC-DATE-FORMAT,FIELD,X(10),ALPHANUMERIC,5,10,Date format specification for conversion (PIC X(10)),CSUTLDTC-PARM,X(10),10,0,NO,DISPLAY,,,,,CSUTLDTC-PARM,11,NO,,NO,,,,YES
COTRN02C,CSUTLDTC-RESULT,GROUP,N/A,GROUP,5,80,Result group containing status and message from date utility,CSUTLDTC-PARM,N/A,0,0,NO,DISPLAY,,,,,CSUTLDTC-PARM,21,NO,,NO,,,,YES
COTRN02C,CSUTLDTC-RESULT-SEV-CD,FIELD,X(04),ALPHANUMERIC,10,4,Severity code from date utility result (PIC X(04)),CSUTLDTC-RESULT,X(4),4,0,NO,DISPLAY,,,,,CSUTLDTC-PARM,21,NO,,NO,,,,YES
COTRN02C,FILLER-1,FIELD,X(11),ALPHANUMERIC,10,11,"Reserved placeholder field used for data structure alignment, padding, or holding constant values",CSUTLDTC-RESULT,X(11),11,0,NO,DISPLAY,,,,,CSUTLDTC-PARM,25,NO,,NO,,,,YES
COTRN02C,CSUTLDTC-RESULT-MSG-NUM,FIELD,X(04),ALPHANUMERIC,10,4,Message number from date utility result (PIC X(04)),CSUTLDTC-RESULT,X(4),4,0,NO,DISPLAY,,,,,CSUTLDTC-PARM,36,NO,,NO,,,,YES
COTRN02C,CSUTLDTC-RESULT-MSG,FIELD,X(61),ALPHANUMERIC,10,61,Message text from date utility result (PIC X(61)),CSUTLDTC-RESULT,X(61),61,0,NO,DISPLAY,,,,,CSUTLDTC-PARM,40,NO,,NO,,,,YES
COTRN02C,CDEMO-CT02-INFO,GROUP,N/A,GROUP,5,58,Information group for CT02 transaction query and pagination,CSUTLDTC-PARM,N/A,0,0,NO,DISPLAY,,,,,CSUTLDTC-PARM,101,NO,,NO,,,,YES
COTRN02C,CDEMO-CT02-TRNID-FIRST,FIELD,X(16),ALPHANUMERIC,10,16,First transaction identifier in current result set (PIC X(16)),CDEMO-CT02-INFO,X(16),16,0,NO,DISPLAY,,,,,CSUTLDTC-PARM,101,NO,,NO,,,,YES
COTRN02C,CDEMO-CT02-TRNID-LAST,FIELD,X(16),ALPHANUMERIC,10,16,Last transaction identifier in current result set (PIC X(16)),CDEMO-CT02-INFO,X(16),16,0,NO,DISPLAY,,,,,CSUTLDTC-PARM,117,NO,,NO,,,,YES
COTRN02C,CDEMO-CT02-PAGE-NUM,FIELD,9(08),NUMERIC,10,8,Current page number for paginated results (PIC 9(08)),CDEMO-CT02-INFO,99999999,8,0,NO,DISPLAY,,,,,CSUTLDTC-PARM,133,NO,,NO,,,,YES
COTRN02C,CDEMO-CT02-NEXT-PAGE-FLG,FIELD,X(01),ALPHANUMERIC,10,1,Next page availability flag (PIC X(01)) (VALUE 'N'),CDEMO-CT02-INFO,X,1,0,NO,DISPLAY,,,,,CSUTLDTC-PARM,141,NO,,NO,'N',,,YES
COTRN02C,NEXT-PAGE-YES,CONDITION,N/A,DISPLAY,88,0,Condition: additional pages of results are available (VALUE 'Y'),CDEMO-CT02-NEXT-PAGE-FLG,N/A,0,0,NO,DISPLAY,,,,,CSUTLDTC-PARM,141,NO,,NO,,'Y',,YES
COTRN02C,NEXT-PAGE-NO,CONDITION,N/A,DISPLAY,88,0,Condition: no additional pages of results are available (VALUE 'N'),CDEMO-CT02-NEXT-PAGE-FLG,N/A,0,0,NO,DISPLAY,,,,,CSUTLDTC-PARM,141,NO,,NO,,'N',,YES
COTRN02C,CDEMO-CT02-TRN-SEL-FLG,FIELD,X(01),ALPHANUMERIC,10,1,Transaction selection flag indicator (PIC X(01)),CDEMO-CT02-INFO,X,1,0,NO,DISPLAY,,,,,CSUTLDTC-PARM,142,NO,,NO,,,,YES
COTRN02C,CDEMO-CT02-TRN-SELECTED,FIELD,X(16),ALPHANUMERIC,10,16,Selected transaction identifier (PIC X(16)),CDEMO-CT02-INFO,X(16),16,0,NO,DISPLAY,,,,,CSUTLDTC-PARM,143,NO,,NO,,,,YES
COTRN02C,DFHCOMMAREA,RECORD,N/A,GROUP,1,32767,CICS communication area for inter-program data passing,DFHCOMMAREA,N/A,0,0,NO,DISPLAY,,,,,DFHCOMMAREA,1,NO,,NO,,,,YES
COTRN02C,LK-COMMAREA,FIELD,X(01),ALPHANUMERIC,5,1,Communication area data buffer (OCCURS 32767) (PIC X(01)),DFHCOMMAREA,X,1,0,NO,DISPLAY,1,32767,,,DFHCOMMAREA,1,NO,,NO,,,,YES
COUSR03C,WS-VARIABLES,RECORD,N/A,GROUP,1,144,Working storage variables group for program COUSR03C,WS-VARIABLES,N/A,0,0,NO,DISPLAY,,,,,WS-VARIABLES,1,NO,,NO,,,,YES
COUSR03C,WS-PGMNAME,FIELD,X(08),ALPHANUMERIC,5,8,Program name identifier (VALUE 'COUSR03C'),WS-VARIABLES,X(8),8,0,NO,DISPLAY,,,,,WS-VARIABLES,1,NO,,NO,'COUSR03C',,,YES
COUSR03C,WS-TRANID,FIELD,X(04),ALPHANUMERIC,5,4,Transaction identifier code (VALUE 'CU03'),WS-VARIABLES,X(4),4,0,NO,DISPLAY,,,,,WS-VARIABLES,9,NO,,NO,'CU03',,,YES
COUSR03C,WS-MESSAGE,FIELD,X(80),ALPHANUMERIC,5,80,"Message text buffer for user communication (80 characters, VALUE SPACES)",WS-VARIABLES,X(80),80,0,NO,DISPLAY,,,,,WS-VARIABLES,13,NO,,NO,SPACES,,,YES
COUSR03C,WS-USRSEC-FILE,FIELD,X(08),ALPHANUMERIC,5,8,User security file name reference (VALUE 'USRSEC  '),WS-VARIABLES,X(8),8,0,NO,DISPLAY,,,,,WS-VARIABLES,93,NO,,NO,'USRSEC  ',,,YES
COUSR03C,WS-ERR-FLG,FIELD,X(01),ALPHANUMERIC,5,1,Error flag indicator (VALUE 'N'),WS-VARIABLES,X,1,0,NO,DISPLAY,,,,,WS-VARIABLES,101,NO,,NO,'N',,,YES
COUSR03C,ERR-FLG-ON,CONDITION,N/A,DISPLAY,88,0,Condition: error flag is on (VALUE 'Y'),WS-ERR-FLG,N/A,0,0,NO,DISPLAY,,,,,WS-VARIABLES,101,NO,,NO,,'Y',,YES
COUSR03C,ERR-FLG-OFF,CONDITION,N/A,DISPLAY,88,0,Condition: error flag is off (VALUE 'N'),WS-ERR-FLG,N/A,0,0,NO,DISPLAY,,,,,WS-VARIABLES,101,NO,,NO,,'N',,YES
COUSR03C,WS-RESP-CD,FIELD,S9(09) COMP,BINARY,5,4,"CICS response code for API calls (USAGE COMP, VALUE ZEROS)",WS-VARIABLES,'+/-999999999,10,0,YES,COMP,,,,,WS-VARIABLES,102,NO,,NO,ZEROS,,,YES
COUSR03C,WS-REAS-CD,FIELD,S9(09) COMP,BINARY,5,4,"CICS reason code for API calls (USAGE COMP, VALUE ZEROS)",WS-VARIABLES,'+/-999999999,10,0,YES,COMP,,,,,WS-VARIABLES,106,NO,,NO,ZEROS,,,YES
COUSR03C,WS-USR-MODIFIED,FIELD,X(01),ALPHANUMERIC,5,1,User record modification flag (VALUE 'N'),WS-VARIABLES,X,1,0,NO,DISPLAY,,,,,WS-VARIABLES,110,NO,,NO,'N',,,YES
COUSR03C,USR-MODIFIED-YES,CONDITION,N/A,DISPLAY,88,0,Condition: user record has been modified (VALUE 'Y'),WS-USR-MODIFIED,N/A,0,0,NO,DISPLAY,,,,,WS-VARIABLES,110,NO,,NO,,'Y',,YES
COUSR03C,USR-MODIFIED-NO,CONDITION,N/A,DISPLAY,88,0,Condition: user record has not been modified (VALUE 'N'),WS-USR-MODIFIED,N/A,0,0,NO,DISPLAY,,,,,WS-VARIABLES,110,NO,,NO,,'N',,YES
COUSR03C,CDEMO-CU03-INFO,GROUP,N/A,GROUP,5,34,Customer demo CU03 transaction information group,WS-VARIABLES,N/A,0,0,NO,DISPLAY,,,,,WS-VARIABLES,111,NO,,NO,,,,YES
COUSR03C,CDEMO-CU03-USRID-FIRST,FIELD,X(08),ALPHANUMERIC,10,8,First user ID in current page range (8 characters),CDEMO-CU03-INFO,X(8),8,0,NO,DISPLAY,,,,,WS-VARIABLES,111,NO,,NO,,,,YES
COUSR03C,CDEMO-CU03-USRID-LAST,FIELD,X(08),ALPHANUMERIC,10,8,Last user ID in current page range (8 characters),CDEMO-CU03-INFO,X(8),8,0,NO,DISPLAY,,,,,WS-VARIABLES,119,NO,,NO,,,,YES
COUSR03C,CDEMO-CU03-PAGE-NUM,FIELD,9(08),NUMERIC,10,8,Current page number for user list display (8 digits),CDEMO-CU03-INFO,99999999,8,0,NO,DISPLAY,,,,,WS-VARIABLES,127,NO,,NO,,,,YES
COUSR03C,CDEMO-CU03-NEXT-PAGE-FLG,FIELD,X(01),ALPHANUMERIC,10,1,Next page available flag (VALUE 'N'),CDEMO-CU03-INFO,X,1,0,NO,DISPLAY,,,,,WS-VARIABLES,135,NO,,NO,'N',,,YES
COUSR03C,NEXT-PAGE-YES,CONDITION,N/A,DISPLAY,88,0,Condition: next page is available (VALUE 'Y'),CDEMO-CU03-NEXT-PAGE-FLG,N/A,0,0,NO,DISPLAY,,,,,WS-VARIABLES,135,NO,,NO,,'Y',,YES
COUSR03C,NEXT-PAGE-NO,CONDITION,N/A,DISPLAY,88,0,Condition: next page is not available (VALUE 'N'),CDEMO-CU03-NEXT-PAGE-FLG,N/A,0,0,NO,DISPLAY,,,,,WS-VARIABLES,135,NO,,NO,,'N',,YES
COUSR03C,CDEMO-CU03-USR-SEL-FLG,FIELD,X(01),ALPHANUMERIC,10,1,User selection flag for current transaction,CDEMO-CU03-INFO,X,1,0,NO,DISPLAY,,,,,WS-VARIABLES,136,NO,,NO,,,,YES
COUSR03C,CDEMO-CU03-USR-SELECTED,FIELD,X(08),ALPHANUMERIC,10,8,Selected user ID from list (8 characters),CDEMO-CU03-INFO,X(8),8,0,NO,DISPLAY,,,,,WS-VARIABLES,137,NO,,NO,,,,YES
COUSR03C,DFHCOMMAREA,RECORD,N/A,GROUP,1,32767,CICS communication area for inter-program data passing,DFHCOMMAREA,N/A,0,0,NO,DISPLAY,,,,,DFHCOMMAREA,1,NO,,NO,,,,YES
COUSR03C,LK-COMMAREA,FIELD,X(01),ALPHANUMERIC,5,1,Linkage communication area buffer (OCCURS 32767),DFHCOMMAREA,X,1,0,NO,DISPLAY,1,32767,,,DFHCOMMAREA,1,NO,,NO,,,,YES
CBTRN03C,FD-TRANFILE-REC,RECORD,N/A,GROUP,1,350,Transaction file record group containing transaction data and processing timestamp,FD-TRANFILE-REC,N/A,0,0,NO,DISPLAY,,,,,FD-TRANFILE-REC,1,NO,,NO,,,,YES
CBTRN03C,FD-TRANS-DATA,FIELD,X(304),ALPHANUMERIC,5,304,Transaction data payload (304 characters),FD-TRANFILE-REC,X(304),304,0,NO,DISPLAY,,,,,FD-TRANFILE-REC,1,NO,,NO,,,,YES
CBTRN03C,FD-TRAN-PROC-TS,FIELD,X(26),ALPHANUMERIC,5,26,Transaction processing timestamp (26 characters),FD-TRANFILE-REC,X(26),26,0,NO,DISPLAY,,,,,FD-TRANFILE-REC,305,NO,,NO,,,,YES
CBTRN03C,FD-FILLER,FIELD,X(20),ALPHANUMERIC,5,20,"Reserved placeholder field used for data structure alignment, padding, or holding constant values",FD-TRANFILE-REC,X(20),20,0,NO,DISPLAY,,,,,FD-TRANFILE-REC,331,NO,,NO,,,,YES
CBTRN03C,FD-CARDXREF-REC,RECORD,N/A,GROUP,1,50,Card cross-reference record group containing card number and associated data,FD-CARDXREF-REC,N/A,0,0,NO,DISPLAY,,,,,FD-CARDXREF-REC,1,NO,,NO,,,,YES
CBTRN03C,FD-XREF-CARD-NUM,FIELD,X(16),ALPHANUMERIC,5,16,Card number for cross-reference lookup (16 characters),FD-CARDXREF-REC,X(16),16,0,NO,DISPLAY,,,,,FD-CARDXREF-REC,1,NO,,NO,,,,YES
CBTRN03C,FD-XREF-DATA,FIELD,X(34),ALPHANUMERIC,5,34,Card cross-reference data (34 characters),FD-CARDXREF-REC,X(34),34,0,NO,DISPLAY,,,,,FD-CARDXREF-REC,17,NO,,NO,,,,YES
CBTRN03C,FD-TRANTYPE-REC,RECORD,N/A,GROUP,1,60,Transaction type record group containing transaction type code and data,FD-TRANTYPE-REC,N/A,0,0,NO,DISPLAY,,,,,FD-TRANTYPE-REC,1,NO,,NO,,,,YES
CBTRN03C,FD-TRAN-TYPE,FIELD,X(02),ALPHANUMERIC,5,2,Transaction type code (2 characters),FD-TRANTYPE-REC,X(2),2,0,NO,DISPLAY,,,,,FD-TRANTYPE-REC,1,NO,,NO,,,,YES
CBTRN03C,FD-TRAN-DATA,FIELD,X(58),ALPHANUMERIC,5,58,Transaction type associated data (58 characters),FD-TRANTYPE-REC,X(58),58,0,NO,DISPLAY,,,,,FD-TRANTYPE-REC,3,NO,,NO,,,,YES
CBTRN03C,FD-TRAN-CAT-RECORD,RECORD,N/A,GROUP,1,60,Transaction category record group containing category key and data,FD-TRAN-CAT-RECORD,N/A,0,0,NO,DISPLAY,,,,,FD-TRAN-CAT-RECORD,1,NO,,NO,,,,YES
CBTRN03C,FD-TRAN-CAT-KEY,GROUP,N/A,GROUP,5,6,Transaction category composite key group,FD-TRAN-CAT-RECORD,N/A,0,0,NO,DISPLAY,,,,,FD-TRAN-CAT-RECORD,1,NO,,NO,,,,YES
CBTRN03C,FD-TRAN-TYPE-CD,FIELD,X(02),ALPHANUMERIC,10,2,Transaction type code for category lookup (2 characters),FD-TRAN-CAT-KEY,X(2),2,0,NO,DISPLAY,,,,,FD-TRAN-CAT-RECORD,1,NO,,NO,,,,YES
CBTRN03C,FD-TRAN-CAT-CD,FIELD,9(04),NUMERIC,10,4,Transaction category code (4 digits numeric),FD-TRAN-CAT-KEY,9999,4,0,NO,DISPLAY,,,,,FD-TRAN-CAT-RECORD,3,NO,,NO,,,,YES
CBTRN03C,FD-TRAN-CAT-DATA,FIELD,X(54),ALPHANUMERIC,5,54,Transaction category associated data (54 characters),FD-TRAN-CAT-RECORD,X(54),54,0,NO,DISPLAY,,,,,FD-TRAN-CAT-RECORD,7,NO,,NO,,,,YES
CBTRN03C,FD-REPTFILE-REC,FIELD,X(133),ALPHANUMERIC,1,133,Report file record (133 characters),FD-REPTFILE-REC,X(133),133,0,NO,DISPLAY,,,,,FD-REPTFILE-REC,1,NO,,NO,,,,YES
CBTRN03C,FD-DATEPARM-REC,FIELD,X(80),ALPHANUMERIC,1,80,Date parameter record (80 characters),FD-DATEPARM-REC,X(80),80,0,NO,DISPLAY,,,,,FD-DATEPARM-REC,1,NO,,NO,,,,YES
CBTRN03C,TRANFILE-STATUS,RECORD,N/A,GROUP,1,2,Transaction file I/O status code group,TRANFILE-STATUS,N/A,0,0,NO,DISPLAY,,,,,TRANFILE-STATUS,1,NO,,NO,,,,YES
CBTRN03C,TRANFILE-STAT1,FIELD,X,ALPHANUMERIC,5,1,Transaction file I/O status code first digit,TRANFILE-STATUS,X,1,0,NO,DISPLAY,,,,,TRANFILE-STATUS,1,NO,,NO,,,,YES
CBTRN03C,TRANFILE-STAT2,FIELD,X,ALPHANUMERIC,5,1,Transaction file I/O status code second digit,TRANFILE-STATUS,X,1,0,NO,DISPLAY,,,,,TRANFILE-STATUS,2,NO,,NO,,,,YES
CBTRN03C,CARDXREF-STATUS,RECORD,N/A,GROUP,1,2,Card cross-reference file I/O status code group,CARDXREF-STATUS,N/A,0,0,NO,DISPLAY,,,,,CARDXREF-STATUS,1,NO,,NO,,,,YES
CBTRN03C,CARDXREF-STAT1,FIELD,X,ALPHANUMERIC,5,1,Card cross-reference file I/O status code first digit,CARDXREF-STATUS,X,1,0,NO,DISPLAY,,,,,CARDXREF-STATUS,1,NO,,NO,,,,YES
CBTRN03C,CARDXREF-STAT2,FIELD,X,ALPHANUMERIC,5,1,Card cross-reference file I/O status code second digit,CARDXREF-STATUS,X,1,0,NO,DISPLAY,,,,,CARDXREF-STATUS,2,NO,,NO,,,,YES
CBTRN03C,TRANTYPE-STATUS,RECORD,N/A,GROUP,1,2,Transaction type file I/O status code group,TRANTYPE-STATUS,N/A,0,0,NO,DISPLAY,,,,,TRANTYPE-STATUS,1,NO,,NO,,,,YES
CBTRN03C,TRANTYPE-STAT1,FIELD,X,ALPHANUMERIC,5,1,Transaction type file I/O status code first digit,TRANTYPE-STATUS,X,1,0,NO,DISPLAY,,,,,TRANTYPE-STATUS,1,NO,,NO,,,,YES
CBTRN03C,TRANTYPE-STAT2,FIELD,X,ALPHANUMERIC,5,1,Transaction type file I/O status code second digit,TRANTYPE-STATUS,X,1,0,NO,DISPLAY,,,,,TRANTYPE-STATUS,2,NO,,NO,,,,YES
CBTRN03C,TRANCATG-STATUS,RECORD,N/A,GROUP,1,2,Transaction category file I/O status code group,TRANCATG-STATUS,N/A,0,0,NO,DISPLAY,,,,,TRANCATG-STATUS,1,NO,,NO,,,,YES
CBTRN03C,TRANCATG-STAT1,FIELD,X,ALPHANUMERIC,5,1,Transaction category file I/O status code first digit,TRANCATG-STATUS,X,1,0,NO,DISPLAY,,,,,TRANCATG-STATUS,1,NO,,NO,,,,YES
CBTRN03C,TRANCATG-STAT2,FIELD,X,ALPHANUMERIC,5,1,Transaction category file I/O status code second digit,TRANCATG-STATUS,X,1,0,NO,DISPLAY,,,,,TRANCATG-STATUS,2,NO,,NO,,,,YES
CBTRN03C,TRANREPT-STATUS,RECORD,N/A,GROUP,1,2,Report file I/O status code group,TRANREPT-STATUS,N/A,0,0,NO,DISPLAY,,,,,TRANREPT-STATUS,1,NO,,NO,,,,YES
CBTRN03C,REPTFILE-STAT1,FIELD,X,ALPHANUMERIC,5,1,Report file I/O status code first digit,TRANREPT-STATUS,X,1,0,NO,DISPLAY,,,,,TRANREPT-STATUS,1,NO,,NO,,,,YES
CBTRN03C,REPTFILE-STAT2,FIELD,X,ALPHANUMERIC,5,1,Report file I/O status code second digit,TRANREPT-STATUS,X,1,0,NO,DISPLAY,,,,,TRANREPT-STATUS,2,NO,,NO,,,,YES
CBTRN03C,DATEPARM-STATUS,RECORD,N/A,GROUP,1,2,Date parameter file I/O status code group,DATEPARM-STATUS,N/A,0,0,NO,DISPLAY,,,,,DATEPARM-STATUS,1,NO,,NO,,,,YES
CBTRN03C,DATEPARM-STAT1,FIELD,X,ALPHANUMERIC,5,1,Date parameter file I/O status code first digit,DATEPARM-STATUS,X,1,0,NO,DISPLAY,,,,,DATEPARM-STATUS,1,NO,,NO,,,,YES
CBTRN03C,DATEPARM-STAT2,FIELD,X,ALPHANUMERIC,5,1,Date parameter file I/O status code second digit,DATEPARM-STATUS,X,1,0,NO,DISPLAY,,,,,DATEPARM-STATUS,2,NO,,NO,,,,YES
CBTRN03C,WS-DATEPARM-RECORD,RECORD,N/A,GROUP,1,21,Working storage date parameter record group,WS-DATEPARM-RECORD,N/A,0,0,NO,DISPLAY,,,,,WS-DATEPARM-RECORD,1,NO,,NO,,,,YES
CBTRN03C,WS-START-DATE,FIELD,X(10),ALPHANUMERIC,5,10,Report start date (10 characters),WS-DATEPARM-RECORD,X(10),10,0,NO,DISPLAY,,,,,WS-DATEPARM-RECORD,1,NO,,NO,,,,YES
CBTRN03C,FILLER-1,FIELD,X(01),ALPHANUMERIC,5,1,"Reserved placeholder field used for data structure alignment, padding, or holding constant values",WS-DATEPARM-RECORD,X,1,0,NO,DISPLAY,,,,,WS-DATEPARM-RECORD,11,NO,,NO,,,,YES
CBTRN03C,WS-END-DATE,FIELD,X(10),ALPHANUMERIC,5,10,Report end date (10 characters),WS-DATEPARM-RECORD,X(10),10,0,NO,DISPLAY,,,,,WS-DATEPARM-RECORD,12,NO,,NO,,,,YES
CBTRN03C,WS-REPORT-VARS,RECORD,N/A,GROUP,1,190,Working storage report processing variables group,WS-REPORT-VARS,N/A,0,0,NO,DISPLAY,,,,,WS-REPORT-VARS,1,NO,,NO,,,,YES
CBTRN03C,WS-FIRST-TIME,FIELD,X,ALPHANUMERIC,5,1,First time processing flag (VALUE 'Y'),WS-REPORT-VARS,X,1,0,NO,DISPLAY,,,,,WS-REPORT-VARS,1,NO,,NO,'Y',,,YES
CBTRN03C,WS-LINE-COUNTER,FIELD,9(09) COMP-3,PACKED,5,5,"Report line counter (9 digits numeric packed decimal, USAGE COMP-3, VALUE 0)",WS-REPORT-VARS,999999999,9,0,NO,COMP-3,,,,,WS-REPORT-VARS,2,NO,,NO,0,,,YES
CBTRN03C,WS-PAGE-SIZE,FIELD,9(03) COMP-3,PACKED,5,2,"Report page size in lines (3 digits numeric packed decimal, USAGE COMP-3, VALUE 20)",WS-REPORT-VARS,999,3,0,NO,COMP-3,,,,,WS-REPORT-VARS,7,NO,,NO,20,,,YES
CBTRN03C,WS-BLANK-LINE,FIELD,X(133),ALPHANUMERIC,5,133,"Blank line for report formatting (133 characters, VALUE SPACES)",WS-REPORT-VARS,X(133),133,0,NO,DISPLAY,,,,,WS-REPORT-VARS,9,NO,,NO,SPACES,,,YES
CBTRN03C,WS-PAGE-TOTAL,FIELD,S9(09)V99,DECIMAL,5,11,"Page total accumulator (signed 9 digits with 2 decimal places, USAGE COMP-3, VALUE 0)",WS-REPORT-VARS,'+/-999999999.99,13,2,YES,DISPLAY,,,,,WS-REPORT-VARS,142,NO,,NO,0,,,YES
CBTRN03C,WS-ACCOUNT-TOTAL,FIELD,S9(09)V99,DECIMAL,5,11,"Account total accumulator (signed 9 digits with 2 decimal places, USAGE COMP-3, VALUE 0)",WS-REPORT-VARS,'+/-999999999.99,13,2,YES,DISPLAY,,,,,WS-REPORT-VARS,153,NO,,NO,0,,,YES
CBTRN03C,WS-GRAND-TOTAL,FIELD,S9(09)V99,DECIMAL,5,11,"Grand total accumulator (signed 9 digits with 2 decimal places, USAGE COMP-3, VALUE 0)",WS-REPORT-VARS,'+/-999999999.99,13,2,YES,DISPLAY,,,,,WS-REPORT-VARS,164,NO,,NO,0,,,YES
CBTRN03C,WS-CURR-CARD-NUM,FIELD,X(16),ALPHANUMERIC,5,16,"Current card number being processed (16 characters, VALUE SPACES)",WS-REPORT-VARS,X(16),16,0,NO,DISPLAY,,,,,WS-REPORT-VARS,175,NO,,NO,SPACES,,,YES
CBTRN03C,IO-STATUS,RECORD,N/A,GROUP,1,2,General I/O status code group,IO-STATUS,N/A,0,0,NO,DISPLAY,,,,,IO-STATUS,1,NO,,NO,,,,YES
CBTRN03C,IO-STAT1,FIELD,X,ALPHANUMERIC,5,1,General I/O status code first digit,IO-STATUS,X,1,0,NO,DISPLAY,,,,,IO-STATUS,1,NO,,NO,,,,YES
CBTRN03C,IO-STAT2,FIELD,X,ALPHANUMERIC,5,1,General I/O status code second digit,IO-STATUS,X,1,0,NO,DISPLAY,,,,,IO-STATUS,2,NO,,NO,,,,YES
CBTRN03C,TWO-BYTES-BINARY,FIELD,9(4) BINARY,BINARY,1,2,"Two-byte binary numeric value (4 digits numeric, USAGE BINARY)",TWO-BYTES-BINARY,9999,4,0,NO,BINARY,,,,,TWO-BYTES-BINARY,1,NO,,NO,,,,YES
CBTRN03C,TWO-BYTES-ALPHA,RECORD,N/A,GROUP,1,2,Two-byte alpha representation (REDEFINES TWO-BYTES-BINARY),TWO-BYTES-ALPHA,N/A,0,0,NO,DISPLAY,,,,TWO-BYTES-BINARY,TWO-BYTES-ALPHA,1,NO,,NO,,,,YES
CBTRN03C,TWO-BYTES-LEFT,FIELD,X,ALPHANUMERIC,5,1,Left byte of two-byte alpha value (1 character),TWO-BYTES-ALPHA,X,1,0,NO,DISPLAY,,,,,TWO-BYTES-ALPHA,1,NO,,NO,,,,YES
CBTRN03C,TWO-BYTES-RIGHT,FIELD,X,ALPHANUMERIC,5,1,Right byte of two-byte alpha value (1 character),TWO-BYTES-ALPHA,X,1,0,NO,DISPLAY,,,,,TWO-BYTES-ALPHA,2,NO,,NO,,,,YES
CBTRN03C,IO-STATUS-04,RECORD,N/A,GROUP,1,4,I/O status code 04 detail group,IO-STATUS-04,N/A,0,0,NO,DISPLAY,,,,,IO-STATUS-04,1,NO,,NO,,,,YES
CBTRN03C,IO-STATUS-0401,FIELD,9,NUMERIC,5,1,"I/O status code 04 first component (1 digit numeric, VALUE 0)",IO-STATUS-04,9,1,0,NO,DISPLAY,,,,,IO-STATUS-04,1,NO,,NO,0,,,YES
CBTRN03C,IO-STATUS-0403,FIELD,999,NUMERIC,5,3,"I/O status code 04 second component (3 digits numeric, VALUE 0)",IO-STATUS-04,999,3,0,NO,DISPLAY,,,,,IO-STATUS-04,2,NO,,NO,0,,,YES
CBTRN03C,APPL-RESULT,FIELD,S9(9) COMP,BINARY,1,4,"Application result code (signed 9 digits numeric, USAGE COMP)",APPL-RESULT,'+/-999999999,10,0,YES,COMP,,,,,APPL-RESULT,1,NO,,NO,,,,YES
CBTRN03C,APPL-AOK,CONDITION,N/A,DISPLAY,88,0,Condition: application processing completed successfully (VALUE 0),APPL-RESULT,N/A,0,0,NO,DISPLAY,,,,,APPL-RESULT,1,NO,,NO,,0,,YES
CBTRN03C,APPL-EOF,CONDITION,N/A,DISPLAY,88,0,Condition: end of file reached (VALUE 16),APPL-RESULT,N/A,0,0,NO,DISPLAY,,,,,APPL-RESULT,1,NO,,NO,,16,,YES
CBTRN03C,END-OF-FILE,FIELD,X(01),ALPHANUMERIC,1,1,"End of file indicator flag (1 character, VALUE 'N')",END-OF-FILE,X,1,0,NO,DISPLAY,,,,,END-OF-FILE,1,NO,,NO,'N',,,YES
CBTRN03C,ABCODE,FIELD,S9(9) BINARY,BINARY,1,4,"Abnormal termination code (signed 9 digits numeric, USAGE BINARY)",ABCODE,'+/-999999999,10,0,YES,BINARY,,,,,ABCODE,1,NO,,NO,,,,YES
CBTRN03C,TIMING,FIELD,S9(9) BINARY,BINARY,1,4,"Timing measurement value (signed 9 digits numeric, USAGE BINARY)",TIMING,'+/-999999999,10,0,YES,BINARY,,,,,TIMING,1,NO,,NO,,,,YES
CBACT03C,FD-XREFFILE-REC,RECORD,N/A,GROUP,1,50,Cross-reference file record group,FD-XREFFILE-REC,N/A,0,0,NO,DISPLAY,,,,,FD-XREFFILE-REC,1,NO,,NO,,,,YES
CBACT03C,FD-XREF-CARD-NUM,FIELD,X(16),ALPHANUMERIC,5,16,Card number identifier field (16 characters),FD-XREFFILE-REC,X(16),16,0,NO,DISPLAY,,,,,FD-XREFFILE-REC,1,NO,,NO,,,,YES
CBACT03C,FD-XREF-DATA,FIELD,X(34),ALPHANUMERIC,5,34,Cross-reference data field (34 characters),FD-XREFFILE-REC,X(34),34,0,NO,DISPLAY,,,,,FD-XREFFILE-REC,17,NO,,NO,,,,YES
CBACT03C,XREFFILE-STATUS,RECORD,N/A,GROUP,1,2,Cross-reference file I/O status code group,XREFFILE-STATUS,N/A,0,0,NO,DISPLAY,,,,,XREFFILE-STATUS,1,NO,,NO,,,,YES
CBACT03C,XREFFILE-STAT1,FIELD,X,ALPHANUMERIC,5,1,Cross-reference file status first character,XREFFILE-STATUS,X,1,0,NO,DISPLAY,,,,,XREFFILE-STATUS,1,NO,,NO,,,,YES
CBACT03C,XREFFILE-STAT2,FIELD,X,ALPHANUMERIC,5,1,Cross-reference file status second character,XREFFILE-STATUS,X,1,0,NO,DISPLAY,,,,,XREFFILE-STATUS,2,NO,,NO,,,,YES
CBACT03C,IO-STATUS,RECORD,N/A,GROUP,1,2,Input/output operation status code group,IO-STATUS,N/A,0,0,NO,DISPLAY,,,,,IO-STATUS,1,NO,,NO,,,,YES
CBACT03C,IO-STAT1,FIELD,X,ALPHANUMERIC,5,1,I/O status first character,IO-STATUS,X,1,0,NO,DISPLAY,,,,,IO-STATUS,1,NO,,NO,,,,YES
CBACT03C,IO-STAT2,FIELD,X,ALPHANUMERIC,5,1,I/O status second character,IO-STATUS,X,1,0,NO,DISPLAY,,,,,IO-STATUS,2,NO,,NO,,,,YES
CBACT03C,TWO-BYTES-BINARY,FIELD,9(4) BINARY,BINARY,1,2,Two-byte binary numeric field (USAGE BINARY),TWO-BYTES-BINARY,9999,4,0,NO,BINARY,,,,,TWO-BYTES-BINARY,1,NO,,NO,,,,YES
CBACT03C,TWO-BYTES-ALPHA,RECORD,N/A,GROUP,1,2,Two-byte alphanumeric overlay record (REDEFINES TWO-BYTES-BINARY),TWO-BYTES-ALPHA,N/A,0,0,NO,DISPLAY,,,,TWO-BYTES-BINARY,TWO-BYTES-ALPHA,1,NO,,NO,,,,YES
CBACT03C,TWO-BYTES-LEFT,FIELD,X,ALPHANUMERIC,5,1,Left byte of two-byte alphanumeric field,TWO-BYTES-ALPHA,X,1,0,NO,DISPLAY,,,,,TWO-BYTES-ALPHA,1,NO,,NO,,,,YES
CBACT03C,TWO-BYTES-RIGHT,FIELD,X,ALPHANUMERIC,5,1,Right byte of two-byte alphanumeric field,TWO-BYTES-ALPHA,X,1,0,NO,DISPLAY,,,,,TWO-BYTES-ALPHA,2,NO,,NO,,,,YES
CBACT03C,IO-STATUS-04,RECORD,N/A,GROUP,1,4,I/O status code 04 group,IO-STATUS-04,N/A,0,0,NO,DISPLAY,,,,,IO-STATUS-04,1,NO,,NO,,,,YES
CBACT03C,IO-STATUS-0401,FIELD,9,NUMERIC,5,1,I/O status 04 first component numeric field (VALUE 0),IO-STATUS-04,9,1,0,NO,DISPLAY,,,,,IO-STATUS-04,1,NO,,NO,0,,,YES
CBACT03C,IO-STATUS-0403,FIELD,999,NUMERIC,5,3,I/O status 04 second component numeric field (VALUE 0),IO-STATUS-04,999,3,0,NO,DISPLAY,,,,,IO-STATUS-04,2,NO,,NO,0,,,YES
CBACT03C,APPL-RESULT,FIELD,S9(9) COMP,BINARY,1,4,Application result code field (USAGE COMP),APPL-RESULT,'+/-999999999,10,0,YES,COMP,,,,,APPL-RESULT,1,NO,,NO,,,,YES
CBACT03C,APPL-AOK,CONDITION,N/A,DISPLAY,88,0,Condition: application processing completed successfully (VALUE 0),APPL-RESULT,N/A,0,0,NO,DISPLAY,,,,,APPL-RESULT,1,NO,,NO,,0,,YES
CBACT03C,APPL-EOF,CONDITION,N/A,DISPLAY,88,0,Condition: end of file reached (VALUE 16),APPL-RESULT,N/A,0,0,NO,DISPLAY,,,,,APPL-RESULT,1,NO,,NO,,16,,YES
CBACT03C,END-OF-FILE,FIELD,X(01),ALPHANUMERIC,1,1,End-of-file indicator flag (VALUE 'N'),END-OF-FILE,X,1,0,NO,DISPLAY,,,,,END-OF-FILE,1,NO,,NO,'N',,,YES
CBACT03C,ABCODE,FIELD,S9(9) BINARY,BINARY,1,4,Abnormal termination code field (USAGE BINARY),ABCODE,'+/-999999999,10,0,YES,BINARY,,,,,ABCODE,1,NO,,NO,,,,YES
CBACT03C,TIMING,FIELD,S9(9) BINARY,BINARY,1,4,Timing measurement or duration field (USAGE BINARY),TIMING,'+/-999999999,10,0,YES,BINARY,,,,,TIMING,1,NO,,NO,,,,YES
COBIL00C,WS-VARIABLES,RECORD,N/A,GROUP,1,261,Working storage variables group for program COBIL00C,WS-VARIABLES,N/A,0,0,NO,DISPLAY,,,,,WS-VARIABLES,1,NO,,NO,,,,YES
COBIL00C,WS-PGMNAME,FIELD,X(08),ALPHANUMERIC,5,8,Program name identifier (VALUE 'COBIL00C'),WS-VARIABLES,X(8),8,0,NO,DISPLAY,,,,,WS-VARIABLES,1,NO,,NO,'COBIL00C',,,YES
COBIL00C,WS-TRANID,FIELD,X(04),ALPHANUMERIC,5,4,Transaction identifier code (VALUE 'CB00'),WS-VARIABLES,X(4),4,0,NO,DISPLAY,,,,,WS-VARIABLES,9,NO,,NO,'CB00',,,YES
COBIL00C,WS-MESSAGE,FIELD,X(80),ALPHANUMERIC,5,80,Message text buffer for display or logging (VALUE SPACES),WS-VARIABLES,X(80),80,0,NO,DISPLAY,,,,,WS-VARIABLES,13,NO,,NO,SPACES,,,YES
COBIL00C,WS-TRANSACT-FILE,FIELD,X(08),ALPHANUMERIC,5,8,File name for transaction file (VALUE 'TRANSACT'),WS-VARIABLES,X(8),8,0,NO,DISPLAY,,,,,WS-VARIABLES,93,NO,,NO,'TRANSACT',,,YES
COBIL00C,WS-ACCTDAT-FILE,FIELD,X(08),ALPHANUMERIC,5,8,File name for account data file (VALUE 'ACCTDAT '),WS-VARIABLES,X(8),8,0,NO,DISPLAY,,,,,WS-VARIABLES,101,NO,,NO,'ACCTDAT ',,,YES
COBIL00C,WS-CXACAIX-FILE,FIELD,X(08),ALPHANUMERIC,5,8,File name for customer account index file (VALUE 'CXACAIX '),WS-VARIABLES,X(8),8,0,NO,DISPLAY,,,,,WS-VARIABLES,109,NO,,NO,'CXACAIX ',,,YES
COBIL00C,WS-ERR-FLG,FIELD,X(01),ALPHANUMERIC,5,1,Error flag indicator,WS-VARIABLES,X,1,0,NO,DISPLAY,,,,,WS-VARIABLES,117,NO,,NO,'N',,,YES
COBIL00C,ERR-FLG-ON,CONDITION,N/A,DISPLAY,88,0,Condition: error flag is set to on (VALUE 'Y'),WS-ERR-FLG,N/A,0,0,NO,DISPLAY,,,,,WS-VARIABLES,117,NO,,NO,,'Y',,YES
COBIL00C,ERR-FLG-OFF,CONDITION,N/A,DISPLAY,88,0,Condition: error flag is set to off (VALUE 'N'),WS-ERR-FLG,N/A,0,0,NO,DISPLAY,,,,,WS-VARIABLES,117,NO,,NO,,'N',,YES
COBIL00C,WS-RESP-CD,FIELD,S9(09) COMP,BINARY,5,4,CICS response code for API calls (USAGE COMP),WS-VARIABLES,'+/-999999999,10,0,YES,COMP,,,,,WS-VARIABLES,118,NO,,NO,ZEROS,,,YES
COBIL00C,WS-REAS-CD,FIELD,S9(09) COMP,BINARY,5,4,CICS reason code for API calls (USAGE COMP),WS-VARIABLES,'+/-999999999,10,0,YES,COMP,,,,,WS-VARIABLES,122,NO,,NO,ZEROS,,,YES
COBIL00C,WS-USR-MODIFIED,FIELD,X(01),ALPHANUMERIC,5,1,User modification indicator flag,WS-VARIABLES,X,1,0,NO,DISPLAY,,,,,WS-VARIABLES,126,NO,,NO,'N',,,YES
COBIL00C,USR-MODIFIED-YES,CONDITION,N/A,DISPLAY,88,0,Condition: user has modified data (VALUE 'Y'),WS-USR-MODIFIED,N/A,0,0,NO,DISPLAY,,,,,WS-VARIABLES,126,NO,,NO,,'Y',,YES
COBIL00C,USR-MODIFIED-NO,CONDITION,N/A,DISPLAY,88,0,Condition: user has not modified data (VALUE 'N'),WS-USR-MODIFIED,N/A,0,0,NO,DISPLAY,,,,,WS-VARIABLES,126,NO,,NO,,'N',,YES
COBIL00C,WS-CONF-PAY-FLG,FIELD,X(01),ALPHANUMERIC,5,1,Confirm payment flag indicator,WS-VARIABLES,X,1,0,NO,DISPLAY,,,,,WS-VARIABLES,127,NO,,NO,'N',,,YES
COBIL00C,CONF-PAY-YES,CONDITION,N/A,DISPLAY,88,0,Condition: payment confirmation is yes (VALUE 'Y'),WS-CONF-PAY-FLG,N/A,0,0,NO,DISPLAY,,,,,WS-VARIABLES,127,NO,,NO,,'Y',,YES
COBIL00C,CONF-PAY-NO,CONDITION,N/A,DISPLAY,88,0,Condition: payment confirmation is no (VALUE 'N'),WS-CONF-PAY-FLG,N/A,0,0,NO,DISPLAY,,,,,WS-VARIABLES,127,NO,,NO,,'N',,YES
COBIL00C,WS-TRAN-AMT,FIELD,'+99999999.99,DECIMAL,5,12,Transaction amount with sign and two decimal places,WS-VARIABLES,'+99999999.99,12,2,YES,DISPLAY,,,,,WS-VARIABLES,128,NO,,NO,,,,YES
COBIL00C,WS-CURR-BAL,FIELD,'+9999999999.99,DECIMAL,5,14,Current account balance with sign and two decimal places,WS-VARIABLES,'+9999999999.99,14,2,YES,DISPLAY,,,,,WS-VARIABLES,140,NO,,NO,,,,YES
COBIL00C,WS-TRAN-ID-NUM,FIELD,9(16),NUMERIC,5,16,Transaction identification number (USAGE COMP),WS-VARIABLES,9999999999999999,16,0,NO,DISPLAY,,,,,WS-VARIABLES,154,NO,,NO,ZEROS,,,YES
COBIL00C,WS-TRAN-DATE,FIELD,X(08),ALPHANUMERIC,5,8,Transaction date in MM/DD/YY format (VALUE '00/00/00'),WS-VARIABLES,X(8),8,0,NO,DISPLAY,,,,,WS-VARIABLES,170,NO,,NO,'00/00/00',,,YES
COBIL00C,WS-ABS-TIME,FIELD,S9(15) COMP-3,PACKED,5,8,Absolute time value in packed decimal format (USAGE COMP-3),WS-VARIABLES,'+/-999999999999999,16,0,YES,COMP-3,,,,,WS-VARIABLES,178,NO,,NO,0,,,YES
COBIL00C,WS-CUR-DATE-X10,FIELD,X(10),ALPHANUMERIC,5,10,Current date in character format ten bytes long (VALUE SPACES),WS-VARIABLES,X(10),10,0,NO,DISPLAY,,,,,WS-VARIABLES,186,NO,,NO,SPACES,,,YES
COBIL00C,WS-CUR-TIME-X08,FIELD,X(08),ALPHANUMERIC,5,8,Current time in character format eight bytes long (VALUE SPACES),WS-VARIABLES,X(8),8,0,NO,DISPLAY,,,,,WS-VARIABLES,196,NO,,NO,SPACES,,,YES
COBIL00C,CDEMO-CB00-INFO,GROUP,N/A,GROUP,5,58,Pagination and transaction selection control group,WS-VARIABLES,N/A,0,0,NO,DISPLAY,,,,,WS-VARIABLES,204,NO,,NO,,,,YES
COBIL00C,CDEMO-CB00-TRNID-FIRST,FIELD,X(16),ALPHANUMERIC,10,16,First transaction identifier in current page range,CDEMO-CB00-INFO,X(16),16,0,NO,DISPLAY,,,,,WS-VARIABLES,204,NO,,NO,,,,YES
COBIL00C,CDEMO-CB00-TRNID-LAST,FIELD,X(16),ALPHANUMERIC,10,16,Last transaction identifier in current page range,CDEMO-CB00-INFO,X(16),16,0,NO,DISPLAY,,,,,WS-VARIABLES,220,NO,,NO,,,,YES
COBIL00C,CDEMO-CB00-PAGE-NUM,FIELD,9(08),NUMERIC,10,8,Current page number for transaction list display,CDEMO-CB00-INFO,99999999,8,0,NO,DISPLAY,,,,,WS-VARIABLES,236,NO,,NO,,,,YES
COBIL00C,CDEMO-CB00-NEXT-PAGE-FLG,FIELD,X(01),ALPHANUMERIC,10,1,Next page available flag indicator,CDEMO-CB00-INFO,X,1,0,NO,DISPLAY,,,,,WS-VARIABLES,244,NO,,NO,'N',,,YES
COBIL00C,NEXT-PAGE-YES,CONDITION,N/A,DISPLAY,88,0,Condition: next page is available (VALUE 'Y'),CDEMO-CB00-NEXT-PAGE-FLG,N/A,0,0,NO,DISPLAY,,,,,WS-VARIABLES,244,NO,,NO,,'Y',,YES
COBIL00C,NEXT-PAGE-NO,CONDITION,N/A,DISPLAY,88,0,Condition: next page is not available (VALUE 'N'),CDEMO-CB00-NEXT-PAGE-FLG,N/A,0,0,NO,DISPLAY,,,,,WS-VARIABLES,244,NO,,NO,,'N',,YES
COBIL00C,CDEMO-CB00-TRN-SEL-FLG,FIELD,X(01),ALPHANUMERIC,10,1,Transaction selection flag for user action,CDEMO-CB00-INFO,X,1,0,NO,DISPLAY,,,,,WS-VARIABLES,245,NO,,NO,,,,YES
COBIL00C,CDEMO-CB00-TRN-SELECTED,FIELD,X(16),ALPHANUMERIC,10,16,Selected transaction identifier value,CDEMO-CB00-INFO,X(16),16,0,NO,DISPLAY,,,,,WS-VARIABLES,246,NO,,NO,,,,YES
COBIL00C,DFHCOMMAREA,RECORD,N/A,GROUP,1,32767,CICS communication area for inter-program data passing,DFHCOMMAREA,N/A,0,0,NO,DISPLAY,,,,,DFHCOMMAREA,1,NO,,NO,,,,YES
COBIL00C,LK-COMMAREA,FIELD,X(01),ALPHANUMERIC,5,1,Communication area data buffer (OCCURS 32767),DFHCOMMAREA,X,1,0,NO,DISPLAY,1,32767,,,DFHCOMMAREA,1,NO,,NO,,,,YES
CBIMPORT,EXPORT-INPUT-RECORD,FIELD,X(500),ALPHANUMERIC,1,500,Input record buffer for export file processing (PIC X(500)),EXPORT-INPUT-RECORD,X(500),500,0,NO,DISPLAY,,,,,EXPORT-INPUT-RECORD,1,NO,,NO,,,,YES
CBIMPORT,ERROR-OUTPUT-RECORD,FIELD,X(132),ALPHANUMERIC,1,132,Output record buffer for error reporting (PIC X(132)),ERROR-OUTPUT-RECORD,X(132),132,0,NO,DISPLAY,,,,,ERROR-OUTPUT-RECORD,1,NO,,NO,,,,YES
CBIMPORT,WS-FILE-STATUS-AREA,RECORD,N/A,GROUP,1,14,File I/O status code group for all data sources,WS-FILE-STATUS-AREA,N/A,0,0,NO,DISPLAY,,,,,WS-FILE-STATUS-AREA,1,NO,,NO,,,,YES
CBIMPORT,WS-EXPORT-STATUS,FIELD,X(02),ALPHANUMERIC,5,2,File status code for export file operations (PIC X(02)),WS-FILE-STATUS-AREA,X(2),2,0,NO,DISPLAY,,,,,WS-FILE-STATUS-AREA,1,NO,,NO,,,,YES
CBIMPORT,WS-EXPORT-EOF,CONDITION,N/A,DISPLAY,88,0,Condition: export file end-of-file reached (VALUE '10'),WS-EXPORT-STATUS,N/A,0,0,NO,DISPLAY,,,,,WS-FILE-STATUS-AREA,1,NO,,NO,,'10',,YES
CBIMPORT,WS-EXPORT-OK,CONDITION,N/A,DISPLAY,88,0,Condition: export file operation successful (VALUE '00'),WS-EXPORT-STATUS,N/A,0,0,NO,DISPLAY,,,,,WS-FILE-STATUS-AREA,1,NO,,NO,,'00',,YES
CBIMPORT,WS-CUSTOMER-STATUS,FIELD,X(02),ALPHANUMERIC,5,2,File status code for customer file operations (PIC X(02)),WS-FILE-STATUS-AREA,X(2),2,0,NO,DISPLAY,,,,,WS-FILE-STATUS-AREA,3,NO,,NO,,,,YES
CBIMPORT,WS-CUSTOMER-OK,CONDITION,N/A,DISPLAY,88,0,Condition: customer file operation successful (VALUE '00'),WS-CUSTOMER-STATUS,N/A,0,0,NO,DISPLAY,,,,,WS-FILE-STATUS-AREA,3,NO,,NO,,'00',,YES
CBIMPORT,WS-ACCOUNT-STATUS,FIELD,X(02),ALPHANUMERIC,5,2,File status code for account file operations (PIC X(02)),WS-FILE-STATUS-AREA,X(2),2,0,NO,DISPLAY,,,,,WS-FILE-STATUS-AREA,5,NO,,NO,,,,YES
CBIMPORT,WS-ACCOUNT-OK,CONDITION,N/A,DISPLAY,88,0,Condition: account file operation successful (VALUE '00'),WS-ACCOUNT-STATUS,N/A,0,0,NO,DISPLAY,,,,,WS-FILE-STATUS-AREA,5,NO,,NO,,'00',,YES
CBIMPORT,WS-XREF-STATUS,FIELD,X(02),ALPHANUMERIC,5,2,File status code for cross-reference file operations (PIC X(02)),WS-FILE-STATUS-AREA,X(2),2,0,NO,DISPLAY,,,,,WS-FILE-STATUS-AREA,7,NO,,NO,,,,YES
CBIMPORT,WS-XREF-OK,CONDITION,N/A,DISPLAY,88,0,Condition: cross-reference file operation successful (VALUE '00'),WS-XREF-STATUS,N/A,0,0,NO,DISPLAY,,,,,WS-FILE-STATUS-AREA,7,NO,,NO,,'00',,YES
CBIMPORT,WS-TRANSACTION-STATUS,FIELD,X(02),ALPHANUMERIC,5,2,File status code for transaction file operations (PIC X(02)),WS-FILE-STATUS-AREA,X(2),2,0,NO,DISPLAY,,,,,WS-FILE-STATUS-AREA,9,NO,,NO,,,,YES
CBIMPORT,WS-TRANSACTION-OK,CONDITION,N/A,DISPLAY,88,0,Condition: transaction file operation successful (VALUE '00'),WS-TRANSACTION-STATUS,N/A,0,0,NO,DISPLAY,,,,,WS-FILE-STATUS-AREA,9,NO,,NO,,'00',,YES
CBIMPORT,WS-CARD-STATUS,FIELD,X(02),ALPHANUMERIC,5,2,File status code for card file operations (PIC X(02)),WS-FILE-STATUS-AREA,X(2),2,0,NO,DISPLAY,,,,,WS-FILE-STATUS-AREA,11,NO,,NO,,,,YES
CBIMPORT,WS-CARD-OK,CONDITION,N/A,DISPLAY,88,0,Condition: card file operation successful (VALUE '00'),WS-CARD-STATUS,N/A,0,0,NO,DISPLAY,,,,,WS-FILE-STATUS-AREA,11,NO,,NO,,'00',,YES
CBIMPORT,WS-ERROR-STATUS,FIELD,X(02),ALPHANUMERIC,5,2,File status code for error file operations (PIC X(02)),WS-FILE-STATUS-AREA,X(2),2,0,NO,DISPLAY,,,,,WS-FILE-STATUS-AREA,13,NO,,NO,,,,YES
CBIMPORT,WS-ERROR-OK,CONDITION,N/A,DISPLAY,88,0,Condition: error file operation successful (VALUE '00'),WS-ERROR-STATUS,N/A,0,0,NO,DISPLAY,,,,,WS-FILE-STATUS-AREA,13,NO,,NO,,'00',,YES
CBIMPORT,WS-IMPORT-CONTROL,RECORD,N/A,GROUP,1,18,Import process control information group,WS-IMPORT-CONTROL,N/A,0,0,NO,DISPLAY,,,,,WS-IMPORT-CONTROL,1,NO,,NO,,,,YES
CBIMPORT,WS-IMPORT-DATE,FIELD,X(10),ALPHANUMERIC,5,10,Date of import process execution (PIC X(10)),WS-IMPORT-CONTROL,X(10),10,0,NO,DISPLAY,,,,,WS-IMPORT-CONTROL,1,NO,,NO,,,,YES
CBIMPORT,WS-IMPORT-TIME,FIELD,X(08),ALPHANUMERIC,5,8,Time of import process execution (PIC X(08)),WS-IMPORT-CONTROL,X(8),8,0,NO,DISPLAY,,,,,WS-IMPORT-CONTROL,11,NO,,NO,,,,YES
CBIMPORT,WS-IMPORT-STATISTICS,RECORD,N/A,GROUP,1,72,Import processing statistics accumulation group,WS-IMPORT-STATISTICS,N/A,0,0,NO,DISPLAY,,,,,WS-IMPORT-STATISTICS,1,NO,,NO,,,,YES
CBIMPORT,WS-TOTAL-RECORDS-READ,FIELD,9(09),NUMERIC,5,9,Total count of records read from input file (PIC 9(09)),WS-IMPORT-STATISTICS,999999999,9,0,NO,DISPLAY,,,,,WS-IMPORT-STATISTICS,1,NO,,NO,0,,,YES
CBIMPORT,WS-CUSTOMER-RECORDS-IMPORTED,FIELD,9(09),NUMERIC,5,9,Count of customer records successfully imported (PIC 9(09)),WS-IMPORT-STATISTICS,999999999,9,0,NO,DISPLAY,,,,,WS-IMPORT-STATISTICS,10,NO,,NO,0,,,YES
CBIMPORT,WS-ACCOUNT-RECORDS-IMPORTED,FIELD,9(09),NUMERIC,5,9,Count of account records successfully imported (PIC 9(09)),WS-IMPORT-STATISTICS,999999999,9,0,NO,DISPLAY,,,,,WS-IMPORT-STATISTICS,19,NO,,NO,0,,,YES
CBIMPORT,WS-XREF-RECORDS-IMPORTED,FIELD,9(09),NUMERIC,5,9,Count of cross-reference records successfully imported (PIC 9(09)),WS-IMPORT-STATISTICS,999999999,9,0,NO,DISPLAY,,,,,WS-IMPORT-STATISTICS,28,NO,,NO,0,,,YES
CBIMPORT,WS-TRAN-RECORDS-IMPORTED,FIELD,9(09),NUMERIC,5,9,Count of transaction records successfully imported (PIC 9(09)),WS-IMPORT-STATISTICS,999999999,9,0,NO,DISPLAY,,,,,WS-IMPORT-STATISTICS,37,NO,,NO,0,,,YES
CBIMPORT,WS-CARD-RECORDS-IMPORTED,FIELD,9(09),NUMERIC,5,9,Count of card records successfully imported (PIC 9(09)),WS-IMPORT-STATISTICS,999999999,9,0,NO,DISPLAY,,,,,WS-IMPORT-STATISTICS,46,NO,,NO,0,,,YES
CBIMPORT,WS-ERROR-RECORDS-WRITTEN,FIELD,9(09),NUMERIC,5,9,Count of error records written to error output file (PIC 9(09)),WS-IMPORT-STATISTICS,999999999,9,0,NO,DISPLAY,,,,,WS-IMPORT-STATISTICS,55,NO,,NO,0,,,YES
CBIMPORT,WS-UNKNOWN-RECORD-TYPE-COUNT,FIELD,9(09),NUMERIC,5,9,Count of records with unrecognized record type encountered (PIC 9(09)),WS-IMPORT-STATISTICS,999999999,9,0,NO,DISPLAY,,,,,WS-IMPORT-STATISTICS,64,NO,,NO,0,,,YES
CBIMPORT,WS-ERROR-RECORD,RECORD,N/A,GROUP,1,130,Formatted error record output structure,WS-ERROR-RECORD,N/A,0,0,NO,DISPLAY,,,,,WS-ERROR-RECORD,1,NO,,NO,,,,YES
CBIMPORT,ERR-TIMESTAMP,FIELD,X(26),ALPHANUMERIC,5,26,Timestamp of error occurrence (PIC X(26)),WS-ERROR-RECORD,X(26),26,0,NO,DISPLAY,,,,,WS-ERROR-RECORD,1,NO,,NO,,,,YES
CBIMPORT,FILLER-1,FIELD,X(01),ALPHANUMERIC,5,1,"Reserved placeholder field used for data structure alignment, padding, or holding constant values",WS-ERROR-RECORD,X,1,0,NO,DISPLAY,,,,,WS-ERROR-RECORD,27,NO,,NO,'|',,,YES
CBIMPORT,ERR-RECORD-TYPE,FIELD,X(01),ALPHANUMERIC,5,1,Record type code of record that caused error (PIC X(01)),WS-ERROR-RECORD,X,1,0,NO,DISPLAY,,,,,WS-ERROR-RECORD,28,NO,,NO,,,,YES
CBIMPORT,FILLER-2,FIELD,X(01),ALPHANUMERIC,5,1,"Reserved placeholder field used for data structure alignment, padding, or holding constant values",WS-ERROR-RECORD,X,1,0,NO,DISPLAY,,,,,WS-ERROR-RECORD,29,NO,,NO,'|',,,YES
CBIMPORT,ERR-SEQUENCE,FIELD,9(07),NUMERIC,5,7,Sequence number of record that caused error (PIC 9(07)),WS-ERROR-RECORD,9999999,7,0,NO,DISPLAY,,,,,WS-ERROR-RECORD,30,NO,,NO,,,,YES
CBIMPORT,FILLER-3,FIELD,X(01),ALPHANUMERIC,5,1,"Reserved placeholder field used for data structure alignment, padding, or holding constant values",WS-ERROR-RECORD,X,1,0,NO,DISPLAY,,,,,WS-ERROR-RECORD,37,NO,,NO,'|',,,YES
CBIMPORT,ERR-MESSAGE,FIELD,X(50),ALPHANUMERIC,5,50,Error message text describing the error condition (PIC X(50)),WS-ERROR-RECORD,X(50),50,0,NO,DISPLAY,,,,,WS-ERROR-RECORD,38,NO,,NO,,,,YES
CBIMPORT,FILLER-4,FIELD,X(43),ALPHANUMERIC,5,43,"Reserved placeholder field used for data structure alignment, padding, or holding constant values",WS-ERROR-RECORD,X(43),43,0,NO,DISPLAY,,,,,WS-ERROR-RECORD,88,NO,,NO,SPACES,,,YES
COUSR02C,WS-VARIABLES,RECORD,N/A,GROUP,1,144,Working storage variables group for program COUSR02C,WS-VARIABLES,N/A,0,0,NO,DISPLAY,,,,,WS-VARIABLES,1,NO,,NO,,,,YES
COUSR02C,WS-PGMNAME,FIELD,X(08),ALPHANUMERIC,5,8,Program name identifier (VALUE 'COUSR02C') (PIC X(08)),WS-VARIABLES,X(8),8,0,NO,DISPLAY,,,,,WS-VARIABLES,1,NO,,NO,'COUSR02C',,,YES
COUSR02C,WS-TRANID,FIELD,X(04),ALPHANUMERIC,5,4,Transaction ID identifier (VALUE 'CU02') (PIC X(04)),WS-VARIABLES,X(4),4,0,NO,DISPLAY,,,,,WS-VARIABLES,9,NO,,NO,'CU02',,,YES
COUSR02C,WS-MESSAGE,FIELD,X(80),ALPHANUMERIC,5,80,Message text buffer for error or status messages (PIC X(80)) (VALUE SPACES),WS-VARIABLES,X(80),80,0,NO,DISPLAY,,,,,WS-VARIABLES,13,NO,,NO,SPACES,,,YES
COUSR02C,WS-USRSEC-FILE,FIELD,X(08),ALPHANUMERIC,5,8,User security file name identifier (VALUE 'USRSEC  ') (PIC X(08)),WS-VARIABLES,X(8),8,0,NO,DISPLAY,,,,,WS-VARIABLES,93,NO,,NO,'USRSEC  ',,,YES
COUSR02C,WS-ERR-FLG,FIELD,X(01),ALPHANUMERIC,5,1,Error flag indicator (PIC X(01)) (VALUE 'N'),WS-VARIABLES,X,1,0,NO,DISPLAY,,,,,WS-VARIABLES,101,NO,,NO,'N',,,YES
COUSR02C,ERR-FLG-ON,CONDITION,N/A,DISPLAY,88,0,Condition: error flag is on (VALUE 'Y'),WS-ERR-FLG,N/A,0,0,NO,DISPLAY,,,,,WS-VARIABLES,101,NO,,NO,,'Y',,YES
COUSR02C,ERR-FLG-OFF,CONDITION,N/A,DISPLAY,88,0,Condition: error flag is off (VALUE 'N'),WS-ERR-FLG,N/A,0,0,NO,DISPLAY,,,,,WS-VARIABLES,101,NO,,NO,,'N',,YES
COUSR02C,WS-RESP-CD,FIELD,S9(09) COMP,BINARY,5,4,CICS response code for file operations (PIC S9(09) COMP) (VALUE ZEROS),WS-VARIABLES,'+/-999999999,10,0,YES,COMP,,,,,WS-VARIABLES,102,NO,,NO,ZEROS,,,YES
COUSR02C,WS-REAS-CD,FIELD,S9(09) COMP,BINARY,5,4,CICS reason code for file operations (PIC S9(09) COMP) (VALUE ZEROS),WS-VARIABLES,'+/-999999999,10,0,YES,COMP,,,,,WS-VARIABLES,106,NO,,NO,ZEROS,,,YES
COUSR02C,WS-USR-MODIFIED,FIELD,X(01),ALPHANUMERIC,5,1,User record modification flag (PIC X(01)) (VALUE 'N'),WS-VARIABLES,X,1,0,NO,DISPLAY,,,,,WS-VARIABLES,110,NO,,NO,'N',,,YES
COUSR02C,USR-MODIFIED-YES,CONDITION,N/A,DISPLAY,88,0,Condition: user record has been modified (VALUE 'Y'),WS-USR-MODIFIED,N/A,0,0,NO,DISPLAY,,,,,WS-VARIABLES,110,NO,,NO,,'Y',,YES
COUSR02C,USR-MODIFIED-NO,CONDITION,N/A,DISPLAY,88,0,Condition: user record has not been modified (VALUE 'N'),WS-USR-MODIFIED,N/A,0,0,NO,DISPLAY,,,,,WS-VARIABLES,110,NO,,NO,,'N',,YES
COUSR02C,CDEMO-CU02-INFO,GROUP,N/A,GROUP,5,34,Customer demo CU02 transaction information group,WS-VARIABLES,N/A,0,0,NO,DISPLAY,,,,,WS-VARIABLES,111,NO,,NO,,,,YES
COUSR02C,CDEMO-CU02-USRID-FIRST,FIELD,X(08),ALPHANUMERIC,10,8,First user ID in current page range (PIC X(08)),CDEMO-CU02-INFO,X(8),8,0,NO,DISPLAY,,,,,WS-VARIABLES,111,NO,,NO,,,,YES
COUSR02C,CDEMO-CU02-USRID-LAST,FIELD,X(08),ALPHANUMERIC,10,8,Last user ID in current page range (PIC X(08)),CDEMO-CU02-INFO,X(8),8,0,NO,DISPLAY,,,,,WS-VARIABLES,119,NO,,NO,,,,YES
COUSR02C,CDEMO-CU02-PAGE-NUM,FIELD,9(08),NUMERIC,10,8,Current page number for user list display (PIC 9(08)),CDEMO-CU02-INFO,99999999,8,0,NO,DISPLAY,,,,,WS-VARIABLES,127,NO,,NO,,,,YES
COUSR02C,CDEMO-CU02-NEXT-PAGE-FLG,FIELD,X(01),ALPHANUMERIC,10,1,Next page available flag (PIC X(01)) (VALUE 'N'),CDEMO-CU02-INFO,X,1,0,NO,DISPLAY,,,,,WS-VARIABLES,135,NO,,NO,'N',,,YES
COUSR02C,NEXT-PAGE-YES,CONDITION,N/A,DISPLAY,88,0,Condition: next page is available (VALUE 'Y'),CDEMO-CU02-NEXT-PAGE-FLG,N/A,0,0,NO,DISPLAY,,,,,WS-VARIABLES,135,NO,,NO,,'Y',,YES
COUSR02C,NEXT-PAGE-NO,CONDITION,N/A,DISPLAY,88,0,Condition: next page is not available (VALUE 'N'),CDEMO-CU02-NEXT-PAGE-FLG,N/A,0,0,NO,DISPLAY,,,,,WS-VARIABLES,135,NO,,NO,,'N',,YES
COUSR02C,CDEMO-CU02-USR-SEL-FLG,FIELD,X(01),ALPHANUMERIC,10,1,User selection flag indicator (PIC X(01)),CDEMO-CU02-INFO,X,1,0,NO,DISPLAY,,,,,WS-VARIABLES,136,NO,,NO,,,,YES
COUSR02C,CDEMO-CU02-USR-SELECTED,FIELD,X(08),ALPHANUMERIC,10,8,Selected user ID value (PIC X(08)),CDEMO-CU02-INFO,X(8),8,0,NO,DISPLAY,,,,,WS-VARIABLES,137,NO,,NO,,,,YES
COUSR02C,DFHCOMMAREA,RECORD,N/A,GROUP,1,32767,CICS communication area for inter-program data passing,DFHCOMMAREA,N/A,0,0,NO,DISPLAY,,,,,DFHCOMMAREA,1,NO,,NO,,,,YES
COUSR02C,LK-COMMAREA,FIELD,X(01),ALPHANUMERIC,5,1,Linkage communication area buffer (OCCURS 32767) (PIC X(01)),DFHCOMMAREA,X,1,0,NO,DISPLAY,1,32767,,,DFHCOMMAREA,1,NO,,NO,,,,YES
CSUTLDTC,WS-DATE-TO-TEST,RECORD,N/A,GROUP,1,258,Group containing a variable-length string for date input testing,WS-DATE-TO-TEST,N/A,0,0,NO,DISPLAY,,,,,WS-DATE-TO-TEST,1,NO,,NO,,,,YES
CSUTLDTC,Vstring-length,FIELD,S9(4) BINARY,BINARY,2,2,Binary signed integer (4 digits) specifying the length of the variable-length string (USAGE COMP),WS-DATE-FORMAT,'+/-9999,5,0,YES,BINARY,,,,,WS-DATE-FORMAT,1,NO,,NO,,,,YES
CSUTLDTC,Vstring-text,GROUP,N/A,GROUP,2,256,Group containing the variable-length character string data,WS-DATE-FORMAT,N/A,0,0,NO,DISPLAY,,,,,WS-DATE-FORMAT,3,NO,,NO,,,,YES
CSUTLDTC,Vstring-char,FIELD,X,ALPHANUMERIC,3,1,Character field occurring 256 times for variable-length string storage (OCCURS 256),Vstring-text,X,1,0,NO,DISPLAY,0,256,,,WS-DATE-FORMAT,3,NO,,NO,,,,YES
CSUTLDTC,WS-DATE-FORMAT,RECORD,N/A,GROUP,1,258,Date format specification field,WS-DATE-FORMAT,N/A,0,0,NO,DISPLAY,,,,,WS-DATE-FORMAT,1,NO,,NO,,,,YES
CSUTLDTC,OUTPUT-LILLIAN,FIELD,S9(9) BINARY,BINARY,1,4,Binary signed integer (9 digits) containing the Lillian date output value (USAGE COMP),OUTPUT-LILLIAN,'+/-999999999,10,0,YES,BINARY,,,,,OUTPUT-LILLIAN,1,NO,,NO,,,,YES
CSUTLDTC,WS-MESSAGE,RECORD,N/A,GROUP,1,80,"Group containing formatted message output with severity, message number, test date, and format mask",WS-MESSAGE,N/A,0,0,NO,DISPLAY,,,,,WS-MESSAGE,1,NO,,NO,,,,YES
CSUTLDTC,WS-SEVERITY,FIELD,X(04),ALPHANUMERIC,2,4,Alphanumeric severity code field (4 characters),WS-MESSAGE,X(4),4,0,NO,DISPLAY,,,,,WS-MESSAGE,1,NO,,NO,,,,YES
CSUTLDTC,WS-SEVERITY-N,FIELD,9(4),NUMERIC,2,4,Numeric severity code field redefining WS-SEVERITY as 4-digit number (REDEFINES WS-SEVERITY),WS-MESSAGE,9999,4,0,NO,DISPLAY,,,,WS-SEVERITY,WS-MESSAGE,1,NO,,NO,,,,YES
CSUTLDTC,FILLER-1,FIELD,X(11),ALPHANUMERIC,2,11,"Reserved placeholder field used for data structure alignment, padding, or holding constant values",WS-MESSAGE,X(11),11,0,NO,DISPLAY,,,,,WS-MESSAGE,5,NO,,NO,'Mesg Code:',,,YES
CSUTLDTC,WS-MSG-NO,FIELD,X(04),ALPHANUMERIC,2,4,Alphanumeric message number field (4 characters),WS-MESSAGE,X(4),4,0,NO,DISPLAY,,,,,WS-MESSAGE,16,NO,,NO,,,,YES
CSUTLDTC,WS-MSG-NO-N,FIELD,9(4),NUMERIC,2,4,Numeric message number field redefining WS-MSG-NO as 4-digit number (REDEFINES WS-MSG-NO),WS-MESSAGE,9999,4,0,NO,DISPLAY,,,,WS-MSG-NO,WS-MESSAGE,16,NO,,NO,,,,YES
CSUTLDTC,FILLER-2,FIELD,X(01),ALPHANUMERIC,2,1,"Reserved placeholder field used for data structure alignment, padding, or holding constant values",WS-MESSAGE,X,1,0,NO,DISPLAY,,,,,WS-MESSAGE,20,NO,,NO,SPACE,,,YES
CSUTLDTC,WS-RESULT,FIELD,X(15),ALPHANUMERIC,2,15,Result description field (15 characters),WS-MESSAGE,X(15),15,0,NO,DISPLAY,,,,,WS-MESSAGE,21,NO,,NO,,,,YES
CSUTLDTC,FILLER-3,FIELD,X(01),ALPHANUMERIC,2,1,"Reserved placeholder field used for data structure alignment, padding, or holding constant values",WS-MESSAGE,X,1,0,NO,DISPLAY,,,,,WS-MESSAGE,36,NO,,NO,SPACE,,,YES
CSUTLDTC,FILLER-4,FIELD,X(09),ALPHANUMERIC,2,9,"Reserved placeholder field used for data structure alignment, padding, or holding constant values",WS-MESSAGE,X(9),9,0,NO,DISPLAY,,,,,WS-MESSAGE,37,NO,,NO,'TstDate:',,,YES
CSUTLDTC,WS-DATE,FIELD,X(10),ALPHANUMERIC,2,10,Test date value field (10 characters) (VALUE SPACES),WS-MESSAGE,X(10),10,0,NO,DISPLAY,,,,,WS-MESSAGE,46,NO,,NO,SPACES,,,YES
CSUTLDTC,FILLER-5,FIELD,X(01),ALPHANUMERIC,2,1,"Reserved placeholder field used for data structure alignment, padding, or holding constant values",WS-MESSAGE,X,1,0,NO,DISPLAY,,,,,WS-MESSAGE,56,NO,,NO,SPACE,,,YES
CSUTLDTC,FILLER-6,FIELD,X(10),ALPHANUMERIC,2,10,"Reserved placeholder field used for data structure alignment, padding, or holding constant values",WS-MESSAGE,X(10),10,0,NO,DISPLAY,,,,,WS-MESSAGE,57,NO,,NO,'Mask used:',,,YES
CSUTLDTC,WS-DATE-FMT,FIELD,X(10),ALPHANUMERIC,2,10,Date format mask used for testing (10 characters),WS-MESSAGE,X(10),10,0,NO,DISPLAY,,,,,WS-MESSAGE,67,NO,,NO,,,,YES
CSUTLDTC,FILLER-7,FIELD,X(01),ALPHANUMERIC,2,1,"Reserved placeholder field used for data structure alignment, padding, or holding constant values",WS-MESSAGE,X,1,0,NO,DISPLAY,,,,,WS-MESSAGE,77,NO,,NO,SPACE,,,YES
CSUTLDTC,FILLER-8,FIELD,X(03),ALPHANUMERIC,2,3,"Reserved placeholder field used for data structure alignment, padding, or holding constant values",WS-MESSAGE,X(3),3,0,NO,DISPLAY,,,,,WS-MESSAGE,78,NO,,NO,SPACES,,,YES
CSUTLDTC,FEEDBACK-CODE,RECORD,N/A,GROUP,1,12,Group containing feedback token and condition identification codes,FEEDBACK-CODE,N/A,0,0,NO,DISPLAY,,,,,FEEDBACK-CODE,1,NO,,NO,,,,YES
CSUTLDTC,FEEDBACK-TOKEN-VALUE,GROUP,N/A,GROUP,2,8,Feedback token value field containing encoded condition status,FEEDBACK-CODE,N/A,0,0,NO,DISPLAY,,,,,FEEDBACK-CODE,1,NO,,NO,,,,YES
CSUTLDTC,FC-INVALID-DATE,CONDITION,N/A,DISPLAY,88,0,Condition: date value is invalid (VALUE '0000000000000000'),FEEDBACK-TOKEN-VALUE,N/A,0,0,NO,DISPLAY,,,,,FEEDBACK-CODE,1,NO,,NO,,'0000000000000000',,YES
CSUTLDTC,FC-INSUFFICIENT-DATA,CONDITION,N/A,DISPLAY,88,0,Condition: insufficient data provided for date conversion (VALUE '000309CB59C3C5C5'),FEEDBACK-TOKEN-VALUE,N/A,0,0,NO,DISPLAY,,,,,FEEDBACK-CODE,1,NO,,NO,,'000309CB59C3C5C5',,YES
CSUTLDTC,FC-BAD-DATE-VALUE,CONDITION,N/A,DISPLAY,88,0,Condition: date value is outside acceptable range (VALUE '000309CC59C3C5C5'),FEEDBACK-TOKEN-VALUE,N/A,0,0,NO,DISPLAY,,,,,FEEDBACK-CODE,1,NO,,NO,,'000309CC59C3C5C5',,YES
CSUTLDTC,FC-INVALID-ERA,CONDITION,N/A,DISPLAY,88,0,Condition: era value is invalid (VALUE '000309CD59C3C5C5'),FEEDBACK-TOKEN-VALUE,N/A,0,0,NO,DISPLAY,,,,,FEEDBACK-CODE,1,NO,,NO,,'000309CD59C3C5C5',,YES
CSUTLDTC,FC-UNSUPP-RANGE,CONDITION,N/A,DISPLAY,88,0,Condition: unsupported date range specified (VALUE '000309D159C3C5C5'),FEEDBACK-TOKEN-VALUE,N/A,0,0,NO,DISPLAY,,,,,FEEDBACK-CODE,1,NO,,NO,,'000309D159C3C5C5',,YES
CSUTLDTC,FC-INVALID-MONTH,CONDITION,N/A,DISPLAY,88,0,Condition: month value is invalid (VALUE '000309D559C3C5C5'),FEEDBACK-TOKEN-VALUE,N/A,0,0,NO,DISPLAY,,,,,FEEDBACK-CODE,1,NO,,NO,,'000309D559C3C5C5',,YES
CSUTLDTC,FC-BAD-PIC-STRING,CONDITION,N/A,DISPLAY,88,0,Condition: picture string format is invalid (VALUE '000309D659C3C5C5'),FEEDBACK-TOKEN-VALUE,N/A,0,0,NO,DISPLAY,,,,,FEEDBACK-CODE,1,NO,,NO,,'000309D659C3C5C5',,YES
CSUTLDTC,FC-NON-NUMERIC-DATA,CONDITION,N/A,DISPLAY,88,0,Condition: non-numeric data encountered in numeric field (VALUE '000309D859C3C5C5'),FEEDBACK-TOKEN-VALUE,N/A,0,0,NO,DISPLAY,,,,,FEEDBACK-CODE,1,NO,,NO,,'000309D859C3C5C5',,YES
CSUTLDTC,FC-YEAR-IN-ERA-ZERO,CONDITION,N/A,DISPLAY,88,0,Condition: year value is zero in specified era (VALUE '000309D959C3C5C5'),FEEDBACK-TOKEN-VALUE,N/A,0,0,NO,DISPLAY,,,,,FEEDBACK-CODE,1,NO,,NO,,'000309D959C3C5C5',,YES
CSUTLDTC,CASE-1-CONDITION-ID,GROUP,N/A,GROUP,3,4,Group containing severity and message number condition identification codes,FEEDBACK-TOKEN-VALUE,N/A,0,0,NO,DISPLAY,,,,,FEEDBACK-CODE,1,NO,,NO,,,,YES
CSUTLDTC,SEVERITY,FIELD,S9(4) BINARY,BINARY,4,2,Binary signed integer (4 digits) severity code from condition (USAGE COMP),CASE-1-CONDITION-ID,'+/-9999,5,0,YES,BINARY,,,,,FEEDBACK-CODE,1,NO,,NO,,,,YES
CSUTLDTC,MSG-NO,FIELD,S9(4) BINARY,BINARY,4,2,Binary signed integer (4 digits) message number from condition (USAGE COMP),CASE-1-CONDITION-ID,'+/-9999,5,0,YES,BINARY,,,,,FEEDBACK-CODE,3,NO,,NO,,,,YES
CSUTLDTC,CASE-2-CONDITION-ID,GROUP,N/A,GROUP,3,4,Group containing class and cause code condition identification redefining CASE-1-CONDITION-ID (REDEFINES CASE-1-CONDITION-ID),FEEDBACK-TOKEN-VALUE,N/A,0,0,NO,DISPLAY,,,,CASE-1-CONDITION-ID,FEEDBACK-CODE,1,NO,,NO,,,,YES
CSUTLDTC,CLASS-CODE,FIELD,S9(4) BINARY,BINARY,4,2,Binary signed integer (4 digits) class code from condition (USAGE COMP),CASE-2-CONDITION-ID,'+/-9999,5,0,YES,BINARY,,,,,FEEDBACK-CODE,1,NO,,NO,,,,YES
CSUTLDTC,CAUSE-CODE,FIELD,S9(4) BINARY,BINARY,4,2,Binary signed integer (4 digits) cause code from condition (USAGE COMP),CASE-2-CONDITION-ID,'+/-9999,5,0,YES,BINARY,,,,,FEEDBACK-CODE,3,NO,,NO,,,,YES
CSUTLDTC,CASE-SEV-CTL,FIELD,X,ALPHANUMERIC,3,1,Severity control indicator field (1 character),FEEDBACK-TOKEN-VALUE,X,1,0,NO,DISPLAY,,,,,FEEDBACK-CODE,5,NO,,NO,,,,YES
CSUTLDTC,FACILITY-ID,FIELD,XXX,ALPHANUMERIC,3,3,Facility identifier code (3 characters),FEEDBACK-TOKEN-VALUE,X(3),3,0,NO,DISPLAY,,,,,FEEDBACK-CODE,6,NO,,NO,,,,YES
CSUTLDTC,I-S-INFO,FIELD,S9(9) BINARY,BINARY,2,4,Binary signed integer (9 digits) information/status field (USAGE COMP),FEEDBACK-CODE,'+/-999999999,10,0,YES,BINARY,,,,,FEEDBACK-CODE,9,NO,,NO,,,,YES
CSUTLDTC,LS-DATE,FIELD,X(10),ALPHANUMERIC,1,10,Local storage date field (10 characters),LS-DATE,X(10),10,0,NO,DISPLAY,,,,,LS-DATE,1,NO,,NO,,,,YES
CSUTLDTC,LS-DATE-FORMAT,FIELD,X(10),ALPHANUMERIC,1,10,Local storage date format specification field (10 characters),LS-DATE-FORMAT,X(10),10,0,NO,DISPLAY,,,,,LS-DATE-FORMAT,1,NO,,NO,,,,YES
CSUTLDTC,LS-RESULT,FIELD,X(80),ALPHANUMERIC,1,80,Local storage result message field (80 characters),LS-RESULT,X(80),80,0,NO,DISPLAY,,,,,LS-RESULT,1,NO,,NO,,,,YES
COUSR00C,WS-VARIABLES,RECORD,N/A,GROUP,1,117,Working storage variables group for program control and processing flags,WS-VARIABLES,N/A,0,0,NO,DISPLAY,,,,,WS-VARIABLES,1,NO,,NO,,,,YES
COUSR00C,WS-PGMNAME,FIELD,X(08),ALPHANUMERIC,5,8,Program name identifier (VALUE 'COUSR00C'),WS-VARIABLES,X(8),8,0,NO,DISPLAY,,,,,WS-VARIABLES,1,NO,,NO,'COUSR00C',,,YES
COUSR00C,WS-TRANID,FIELD,X(04),ALPHANUMERIC,5,4,Transaction identifier code (VALUE 'CU00'),WS-VARIABLES,X(4),4,0,NO,DISPLAY,,,,,WS-VARIABLES,9,NO,,NO,'CU00',,,YES
COUSR00C,WS-MESSAGE,FIELD,X(80),ALPHANUMERIC,5,80,Message text buffer for user communication (80 characters),WS-VARIABLES,X(80),80,0,NO,DISPLAY,,,,,WS-VARIABLES,13,NO,,NO,SPACES,,,YES
COUSR00C,WS-USRSEC-FILE,FIELD,X(08),ALPHANUMERIC,5,8,User security file name reference (VALUE 'USRSEC  '),WS-VARIABLES,X(8),8,0,NO,DISPLAY,,,,,WS-VARIABLES,93,NO,,NO,'USRSEC  ',,,YES
COUSR00C,WS-ERR-FLG,FIELD,X(01),ALPHANUMERIC,5,1,Error flag indicator (VALUE 'N'),WS-VARIABLES,X,1,0,NO,DISPLAY,,,,,WS-VARIABLES,101,NO,,NO,'N',,,YES
COUSR00C,ERR-FLG-ON,CONDITION,N/A,DISPLAY,88,0,Condition: error flag is set to active (VALUE 'Y'),WS-ERR-FLG,N/A,0,0,NO,DISPLAY,,,,,WS-VARIABLES,101,NO,,NO,,'Y',,YES
COUSR00C,ERR-FLG-OFF,CONDITION,N/A,DISPLAY,88,0,Condition: error flag is set to inactive (VALUE 'N'),WS-ERR-FLG,N/A,0,0,NO,DISPLAY,,,,,WS-VARIABLES,101,NO,,NO,,'N',,YES
COUSR00C,WS-USER-SEC-EOF,FIELD,X(01),ALPHANUMERIC,5,1,End-of-file flag for user security file (VALUE 'N'),WS-VARIABLES,X,1,0,NO,DISPLAY,,,,,WS-VARIABLES,102,NO,,NO,'N',,,YES
COUSR00C,USER-SEC-EOF,CONDITION,N/A,DISPLAY,88,0,Condition: user security file has reached end-of-file (VALUE 'Y'),WS-USER-SEC-EOF,N/A,0,0,NO,DISPLAY,,,,,WS-VARIABLES,102,NO,,NO,,'Y',,YES
COUSR00C,USER-SEC-NOT-EOF,CONDITION,N/A,DISPLAY,88,0,Condition: user security file has not reached end-of-file (VALUE 'N'),WS-USER-SEC-EOF,N/A,0,0,NO,DISPLAY,,,,,WS-VARIABLES,102,NO,,NO,,'N',,YES
COUSR00C,WS-SEND-ERASE-FLG,FIELD,X(01),ALPHANUMERIC,5,1,Screen erase flag for terminal output (VALUE 'Y'),WS-VARIABLES,X,1,0,NO,DISPLAY,,,,,WS-VARIABLES,103,NO,,NO,'Y',,,YES
COUSR00C,SEND-ERASE-YES,CONDITION,N/A,DISPLAY,88,0,Condition: screen erase is enabled (VALUE 'Y'),WS-SEND-ERASE-FLG,N/A,0,0,NO,DISPLAY,,,,,WS-VARIABLES,103,NO,,NO,,'Y',,YES
COUSR00C,SEND-ERASE-NO,CONDITION,N/A,DISPLAY,88,0,Condition: screen erase is disabled (VALUE 'N'),WS-SEND-ERASE-FLG,N/A,0,0,NO,DISPLAY,,,,,WS-VARIABLES,103,NO,,NO,,'N',,YES
COUSR00C,WS-RESP-CD,FIELD,S9(09) COMP,BINARY,5,4,"CICS response code for API call status (USAGE COMP, signed 9 digits)",WS-VARIABLES,'+/-999999999,10,0,YES,COMP,,,,,WS-VARIABLES,104,NO,,NO,ZEROS,,,YES
COUSR00C,WS-REAS-CD,FIELD,S9(09) COMP,BINARY,5,4,"CICS reason code for API call details (USAGE COMP, signed 9 digits)",WS-VARIABLES,'+/-999999999,10,0,YES,COMP,,,,,WS-VARIABLES,108,NO,,NO,ZEROS,,,YES
COUSR00C,WS-REC-COUNT,FIELD,S9(04) COMP,BINARY,5,2,"Record count counter for processing (USAGE COMP, signed 4 digits)",WS-VARIABLES,'+/-9999,5,0,YES,COMP,,,,,WS-VARIABLES,112,NO,,NO,ZEROS,,,YES
COUSR00C,WS-IDX,FIELD,S9(04) COMP,BINARY,5,2,"Index variable for array iteration (USAGE COMP, signed 4 digits)",WS-VARIABLES,'+/-9999,5,0,YES,COMP,,,,,WS-VARIABLES,114,NO,,NO,ZEROS,,,YES
COUSR00C,WS-PAGE-NUM,FIELD,S9(04) COMP,BINARY,5,2,"Page number for pagination control (USAGE COMP, signed 4 digits)",WS-VARIABLES,'+/-9999,5,0,YES,COMP,,,,,WS-VARIABLES,116,NO,,NO,ZEROS,,,YES
COUSR00C,WS-USER-DATA,RECORD,N/A,GROUP,1,820,User data table group containing repeating user records,WS-USER-DATA,N/A,0,0,NO,DISPLAY,,,,,WS-USER-DATA,1,NO,,NO,,,,YES
COUSR00C,USER-REC,GROUP,N/A,GROUP,2,82,User record table entry (OCCURS 10),WS-USER-DATA,N/A,0,0,NO,DISPLAY,10,10,,,WS-USER-DATA,1,NO,,NO,,,,YES
COUSR00C,USER-SEL,FIELD,X(01),ALPHANUMERIC,5,1,User selection indicator flag (1 character),USER-REC,X,1,0,NO,DISPLAY,,,,,WS-USER-DATA,1,NO,,NO,,,,YES
COUSR00C,FILLER-1,FIELD,X(02),ALPHANUMERIC,5,2,"Reserved placeholder field used for data structure alignment, padding, or holding constant values",USER-REC,X(2),2,0,NO,DISPLAY,,,,,WS-USER-DATA,2,NO,,NO,,,,YES
COUSR00C,USER-ID,FIELD,X(08),ALPHANUMERIC,5,8,User identifier code (8 characters),USER-REC,X(8),8,0,NO,DISPLAY,,,,,WS-USER-DATA,4,NO,,NO,,,,YES
COUSR00C,FILLER-2,FIELD,X(02),ALPHANUMERIC,5,2,"Reserved placeholder field used for data structure alignment, padding, or holding constant values",USER-REC,X(2),2,0,NO,DISPLAY,,,,,WS-USER-DATA,12,NO,,NO,,,,YES
COUSR00C,USER-NAME,FIELD,X(25),ALPHANUMERIC,5,25,User full name or display name (25 characters),USER-REC,X(25),25,0,NO,DISPLAY,,,,,WS-USER-DATA,14,NO,,NO,,,,YES
COUSR00C,FILLER-3,FIELD,X(02),ALPHANUMERIC,5,2,"Reserved placeholder field used for data structure alignment, padding, or holding constant values",USER-REC,X(2),2,0,NO,DISPLAY,,,,,WS-USER-DATA,39,NO,,NO,,,,YES
COUSR00C,USER-TYPE,FIELD,X(08),ALPHANUMERIC,5,8,User type or role classification (8 characters),USER-REC,X(8),8,0,NO,DISPLAY,,,,,WS-USER-DATA,41,NO,,NO,,,,YES
COUSR00C,CDEMO-CU00-INFO,GROUP,N/A,GROUP,5,34,Screen communication area for CU00 transaction data,USER-REC,N/A,0,0,NO,DISPLAY,,,,,WS-USER-DATA,49,NO,,NO,,,,YES
COUSR00C,CDEMO-CU00-USRID-FIRST,FIELD,X(08),ALPHANUMERIC,10,8,First user identifier in current result set (8 characters),CDEMO-CU00-INFO,X(8),8,0,NO,DISPLAY,,,,,WS-USER-DATA,49,NO,,NO,,,,YES
COUSR00C,CDEMO-CU00-USRID-LAST,FIELD,X(08),ALPHANUMERIC,10,8,Last user identifier in current result set (8 characters),CDEMO-CU00-INFO,X(8),8,0,NO,DISPLAY,,,,,WS-USER-DATA,57,NO,,NO,,,,YES
COUSR00C,CDEMO-CU00-PAGE-NUM,FIELD,9(08),NUMERIC,10,8,Current page number for display pagination (8 digits numeric),CDEMO-CU00-INFO,99999999,8,0,NO,DISPLAY,,,,,WS-USER-DATA,65,NO,,NO,,,,YES
COUSR00C,CDEMO-CU00-NEXT-PAGE-FLG,FIELD,X(01),ALPHANUMERIC,10,1,Next page availability flag (VALUE 'N'),CDEMO-CU00-INFO,X,1,0,NO,DISPLAY,,,,,WS-USER-DATA,73,NO,,NO,'N',,,YES
COUSR00C,NEXT-PAGE-YES,CONDITION,N/A,DISPLAY,88,0,Condition: next page is available (VALUE 'Y'),CDEMO-CU00-NEXT-PAGE-FLG,N/A,0,0,NO,DISPLAY,,,,,WS-USER-DATA,73,NO,,NO,,'Y',,YES
COUSR00C,NEXT-PAGE-NO,CONDITION,N/A,DISPLAY,88,0,Condition: next page is not available (VALUE 'N'),CDEMO-CU00-NEXT-PAGE-FLG,N/A,0,0,NO,DISPLAY,,,,,WS-USER-DATA,73,NO,,NO,,'N',,YES
COUSR00C,CDEMO-CU00-USR-SEL-FLG,FIELD,X(01),ALPHANUMERIC,10,1,User selection flag indicator (1 character),CDEMO-CU00-INFO,X,1,0,NO,DISPLAY,,,,,WS-USER-DATA,74,NO,,NO,,,,YES
COUSR00C,CDEMO-CU00-USR-SELECTED,FIELD,X(08),ALPHANUMERIC,10,8,Selected user identifier value (8 characters),CDEMO-CU00-INFO,X(8),8,0,NO,DISPLAY,,,,,WS-USER-DATA,75,NO,,NO,,,,YES
COUSR00C,DFHCOMMAREA,RECORD,N/A,GROUP,1,32767,CICS communication area for inter-program data passing,DFHCOMMAREA,N/A,0,0,NO,DISPLAY,,,,,DFHCOMMAREA,1,NO,,NO,,,,YES
COUSR00C,LK-COMMAREA,FIELD,X(01),ALPHANUMERIC,5,1,Communication area data buffer element (OCCURS 32767),DFHCOMMAREA,X,1,0,NO,DISPLAY,1,32767,,,DFHCOMMAREA,1,NO,,NO,,,,YES
COTRN01C,WS-VARIABLES,RECORD,N/A,GROUP,1,188,Working storage variables group for COTRN01C transaction processing,WS-VARIABLES,N/A,0,0,NO,DISPLAY,,,,,WS-VARIABLES,1,NO,,NO,,,,YES
COTRN01C,WS-PGMNAME,FIELD,X(08),ALPHANUMERIC,5,8,Program name identifier (VALUE 'COTRN01C') (PIC X(08)),WS-VARIABLES,X(8),8,0,NO,DISPLAY,,,,,WS-VARIABLES,1,NO,,NO,'COTRN01C',,,YES
COTRN01C,WS-TRANID,FIELD,X(04),ALPHANUMERIC,5,4,Transaction ID identifier (VALUE 'CT01') (PIC X(04)),WS-VARIABLES,X(4),4,0,NO,DISPLAY,,,,,WS-VARIABLES,9,NO,,NO,'CT01',,,YES
COTRN01C,WS-MESSAGE,FIELD,X(80),ALPHANUMERIC,5,80,Message text buffer for error or status messages (PIC X(80)) (VALUE SPACES),WS-VARIABLES,X(80),80,0,NO,DISPLAY,,,,,WS-VARIABLES,13,NO,,NO,SPACES,,,YES
COTRN01C,WS-TRANSACT-FILE,FIELD,X(08),ALPHANUMERIC,5,8,Transaction file name reference (VALUE 'TRANSACT') (PIC X(08)),WS-VARIABLES,X(8),8,0,NO,DISPLAY,,,,,WS-VARIABLES,93,NO,,NO,'TRANSACT',,,YES
COTRN01C,WS-ERR-FLG,FIELD,X(01),ALPHANUMERIC,5,1,Error flag indicator (PIC X(01)) (VALUE 'N'),WS-VARIABLES,X,1,0,NO,DISPLAY,,,,,WS-VARIABLES,101,NO,,NO,'N',,,YES
COTRN01C,ERR-FLG-ON,CONDITION,N/A,DISPLAY,88,0,Condition: error flag is set to on (VALUE 'Y'),WS-ERR-FLG,N/A,0,0,NO,DISPLAY,,,,,WS-VARIABLES,101,NO,,NO,,'Y',,YES
COTRN01C,ERR-FLG-OFF,CONDITION,N/A,DISPLAY,88,0,Condition: error flag is set to off (VALUE 'N'),WS-ERR-FLG,N/A,0,0,NO,DISPLAY,,,,,WS-VARIABLES,101,NO,,NO,,'N',,YES
COTRN01C,WS-RESP-CD,FIELD,S9(09) COMP,BINARY,5,4,CICS response code for transaction processing (PIC S9(09) COMP) (VALUE ZEROS),WS-VARIABLES,'+/-999999999,10,0,YES,COMP,,,,,WS-VARIABLES,102,NO,,NO,ZEROS,,,YES
COTRN01C,WS-REAS-CD,FIELD,S9(09) COMP,BINARY,5,4,CICS reason code for transaction processing (PIC S9(09) COMP) (VALUE ZEROS),WS-VARIABLES,'+/-999999999,10,0,YES,COMP,,,,,WS-VARIABLES,106,NO,,NO,ZEROS,,,YES
COTRN01C,WS-USR-MODIFIED,FIELD,X(01),ALPHANUMERIC,5,1,User modification indicator flag (PIC X(01)) (VALUE 'N'),WS-VARIABLES,X,1,0,NO,DISPLAY,,,,,WS-VARIABLES,110,NO,,NO,'N',,,YES
COTRN01C,USR-MODIFIED-YES,CONDITION,N/A,DISPLAY,88,0,Condition: user has modified the transaction (VALUE 'Y'),WS-USR-MODIFIED,N/A,0,0,NO,DISPLAY,,,,,WS-VARIABLES,110,NO,,NO,,'Y',,YES
COTRN01C,USR-MODIFIED-NO,CONDITION,N/A,DISPLAY,88,0,Condition: user has not modified the transaction (VALUE 'N'),WS-USR-MODIFIED,N/A,0,0,NO,DISPLAY,,,,,WS-VARIABLES,110,NO,,NO,,'N',,YES
COTRN01C,WS-TRAN-AMT,FIELD,'+99999999.99,DECIMAL,5,12,Transaction amount with sign and decimal places (PIC +99999999.99),WS-VARIABLES,'+99999999.99,12,2,YES,DISPLAY,,,,,WS-VARIABLES,111,NO,,NO,,,,YES
COTRN01C,WS-TRAN-DATE,FIELD,X(08),ALPHANUMERIC,5,8,Transaction date in MM/DD/YY format (PIC X(08)) (VALUE '00/00/00'),WS-VARIABLES,X(8),8,0,NO,DISPLAY,,,,,WS-VARIABLES,123,NO,,NO,'00/00/00',,,YES
COTRN01C,CDEMO-CT01-INFO,GROUP,N/A,GROUP,5,58,Transaction information group for CT01 transaction details,WS-VARIABLES,N/A,0,0,NO,DISPLAY,,,,,WS-VARIABLES,131,NO,,NO,,,,YES
COTRN01C,CDEMO-CT01-TRNID-FIRST,FIELD,X(16),ALPHANUMERIC,10,16,First transaction ID range boundary (PIC X(16)),CDEMO-CT01-INFO,X(16),16,0,NO,DISPLAY,,,,,WS-VARIABLES,131,NO,,NO,,,,YES
COTRN01C,CDEMO-CT01-TRNID-LAST,FIELD,X(16),ALPHANUMERIC,10,16,Last transaction ID range boundary (PIC X(16)),CDEMO-CT01-INFO,X(16),16,0,NO,DISPLAY,,,,,WS-VARIABLES,147,NO,,NO,,,,YES
COTRN01C,CDEMO-CT01-PAGE-NUM,FIELD,9(08),NUMERIC,10,8,Page number for transaction list pagination (PIC 9(08)),CDEMO-CT01-INFO,99999999,8,0,NO,DISPLAY,,,,,WS-VARIABLES,163,NO,,NO,,,,YES
COTRN01C,CDEMO-CT01-NEXT-PAGE-FLG,FIELD,X(01),ALPHANUMERIC,10,1,Next page available flag indicator (PIC X(01)) (VALUE 'N'),CDEMO-CT01-INFO,X,1,0,NO,DISPLAY,,,,,WS-VARIABLES,171,NO,,NO,'N',,,YES
COTRN01C,NEXT-PAGE-YES,CONDITION,N/A,DISPLAY,88,0,Condition: next page is available (VALUE 'Y'),CDEMO-CT01-NEXT-PAGE-FLG,N/A,0,0,NO,DISPLAY,,,,,WS-VARIABLES,171,NO,,NO,,'Y',,YES
COTRN01C,NEXT-PAGE-NO,CONDITION,N/A,DISPLAY,88,0,Condition: next page is not available (VALUE 'N'),CDEMO-CT01-NEXT-PAGE-FLG,N/A,0,0,NO,DISPLAY,,,,,WS-VARIABLES,171,NO,,NO,,'N',,YES
COTRN01C,CDEMO-CT01-TRN-SEL-FLG,FIELD,X(01),ALPHANUMERIC,10,1,Transaction selection flag for user selection (PIC X(01)),CDEMO-CT01-INFO,X,1,0,NO,DISPLAY,,,,,WS-VARIABLES,172,NO,,NO,,,,YES
COTRN01C,CDEMO-CT01-TRN-SELECTED,FIELD,X(16),ALPHANUMERIC,10,16,Selected transaction ID value (PIC X(16)),CDEMO-CT01-INFO,X(16),16,0,NO,DISPLAY,,,,,WS-VARIABLES,173,NO,,NO,,,,YES
COTRN01C,DFHCOMMAREA,RECORD,N/A,GROUP,1,32767,CICS communication area for inter-program data passing,DFHCOMMAREA,N/A,0,0,NO,DISPLAY,,,,,DFHCOMMAREA,1,NO,,NO,,,,YES
COTRN01C,LK-COMMAREA,FIELD,X(01),ALPHANUMERIC,5,1,Communication area data buffer (OCCURS 32767) (PIC X(01)),DFHCOMMAREA,X,1,0,NO,DISPLAY,1,32767,,,DFHCOMMAREA,1,NO,,NO,,,,YES
COMEN01C,WS-VARIABLES,RECORD,N/A,GROUP,1,155,Working storage variables group,WS-VARIABLES,N/A,0,0,NO,DISPLAY,,,,,WS-VARIABLES,1,NO,,NO,,,,YES
COMEN01C,WS-PGMNAME,FIELD,X(08),ALPHANUMERIC,5,8,Program name identifier (VALUE 'COMEN01C'),WS-VARIABLES,X(8),8,0,NO,DISPLAY,,,,,WS-VARIABLES,1,NO,,NO,'COMEN01C',,,YES
COMEN01C,WS-TRANID,FIELD,X(04),ALPHANUMERIC,5,4,Transaction identifier code (VALUE 'CM00'),WS-VARIABLES,X(4),4,0,NO,DISPLAY,,,,,WS-VARIABLES,9,NO,,NO,'CM00',,,YES
COMEN01C,WS-MESSAGE,FIELD,X(80),ALPHANUMERIC,5,80,Message text buffer for display or logging (VALUE SPACES),WS-VARIABLES,X(80),80,0,NO,DISPLAY,,,,,WS-VARIABLES,13,NO,,NO,SPACES,,,YES
COMEN01C,WS-USRSEC-FILE,FIELD,X(08),ALPHANUMERIC,5,8,User security file name reference (VALUE 'USRSEC  '),WS-VARIABLES,X(8),8,0,NO,DISPLAY,,,,,WS-VARIABLES,93,NO,,NO,'USRSEC  ',,,YES
COMEN01C,WS-ERR-FLG,FIELD,X(01),ALPHANUMERIC,5,1,Error flag indicator (VALUE 'N'),WS-VARIABLES,X,1,0,NO,DISPLAY,,,,,WS-VARIABLES,101,NO,,NO,'N',,,YES
COMEN01C,ERR-FLG-ON,CONDITION,N/A,DISPLAY,88,0,Condition: error flag is set to active (VALUE 'Y'),WS-ERR-FLG,N/A,0,0,NO,DISPLAY,,,,,WS-VARIABLES,101,NO,,NO,,'Y',,YES
COMEN01C,ERR-FLG-OFF,CONDITION,N/A,DISPLAY,88,0,Condition: error flag is set to inactive (VALUE 'N'),WS-ERR-FLG,N/A,0,0,NO,DISPLAY,,,,,WS-VARIABLES,101,NO,,NO,,'N',,YES
COMEN01C,WS-RESP-CD,FIELD,S9(09) COMP,BINARY,5,4,Response code from system call or file operation (USAGE COMP) (VALUE ZEROS),WS-VARIABLES,'+/-999999999,10,0,YES,COMP,,,,,WS-VARIABLES,102,NO,,NO,ZEROS,,,YES
COMEN01C,WS-REAS-CD,FIELD,S9(09) COMP,BINARY,5,4,Reason code providing additional detail on response (USAGE COMP) (VALUE ZEROS),WS-VARIABLES,'+/-999999999,10,0,YES,COMP,,,,,WS-VARIABLES,106,NO,,NO,ZEROS,,,YES
COMEN01C,WS-OPTION-X,FIELD,X(02),ALPHANUMERIC,5,2,Option selection as two-character alphanumeric input,WS-VARIABLES,X(2),2,0,NO,DISPLAY,,,,,WS-VARIABLES,110,NO,RIGHT,NO,,,,YES
COMEN01C,WS-OPTION,FIELD,9(02),NUMERIC,5,2,Option selection as two-digit numeric value (VALUE 0),WS-VARIABLES,99,2,0,NO,DISPLAY,,,,,WS-VARIABLES,112,NO,,NO,0,,,YES
COMEN01C,WS-IDX,FIELD,S9(04) COMP,BINARY,5,2,Index or loop counter for array processing (USAGE COMP) (VALUE ZEROS),WS-VARIABLES,'+/-9999,5,0,YES,COMP,,,,,WS-VARIABLES,114,NO,,NO,ZEROS,,,YES
COMEN01C,WS-MENU-OPT-TXT,FIELD,X(40),ALPHANUMERIC,5,40,Menu option descriptive text (VALUE SPACES),WS-VARIABLES,X(40),40,0,NO,DISPLAY,,,,,WS-VARIABLES,116,NO,,NO,SPACES,,,YES
COMEN01C,DFHCOMMAREA,RECORD,N/A,GROUP,1,32767,CICS communication area for inter-program data passing,DFHCOMMAREA,N/A,0,0,NO,DISPLAY,,,,,DFHCOMMAREA,1,NO,,NO,,,,YES
COMEN01C,LK-COMMAREA,FIELD,X(01),ALPHANUMERIC,5,1,Communication area data buffer (OCCURS 32767),DFHCOMMAREA,X,1,0,NO,DISPLAY,1,32767,,,DFHCOMMAREA,1,NO,,NO,,,,YES
CBTRN01C,FD-TRAN-RECORD,RECORD,N/A,GROUP,1,350,Transaction record containing transaction identifier and customer data,FD-TRAN-RECORD,N/A,0,0,NO,DISPLAY,,,,,FD-TRAN-RECORD,1,NO,,NO,,,,YES
CBTRN01C,FD-TRAN-ID,FIELD,X(16),ALPHANUMERIC,5,16,Transaction identifier (16 characters),FD-TRAN-RECORD,X(16),16,0,NO,DISPLAY,,,,,FD-TRAN-RECORD,1,NO,,NO,,,,YES
CBTRN01C,FD-CUST-DATA,FIELD,X(491),ALPHANUMERIC,5,491,Customer data payload (491 characters),FD-CUSTFILE-REC,X(491),491,0,NO,DISPLAY,,,,,FD-CUSTFILE-REC,10,NO,,NO,,,,YES
CBTRN01C,FD-CUSTFILE-REC,RECORD,N/A,GROUP,1,500,Customer file record containing customer identifier,FD-CUSTFILE-REC,N/A,0,0,NO,DISPLAY,,,,,FD-CUSTFILE-REC,1,NO,,NO,,,,YES
CBTRN01C,FD-CUST-ID,FIELD,9(09),NUMERIC,5,9,Customer identifier (9 digits numeric),FD-CUSTFILE-REC,999999999,9,0,NO,DISPLAY,,,,,FD-CUSTFILE-REC,1,NO,,NO,,,,YES
CBTRN01C,FD-XREFFILE-REC,RECORD,N/A,GROUP,1,50,Cross-reference file record containing card number and cross-reference data,FD-XREFFILE-REC,N/A,0,0,NO,DISPLAY,,,,,FD-XREFFILE-REC,1,NO,,NO,,,,YES
CBTRN01C,FD-XREF-CARD-NUM,FIELD,X(16),ALPHANUMERIC,5,16,Card number in cross-reference file (16 characters),FD-XREFFILE-REC,X(16),16,0,NO,DISPLAY,,,,,FD-XREFFILE-REC,1,NO,,NO,,,,YES
CBTRN01C,FD-XREF-DATA,FIELD,X(34),ALPHANUMERIC,5,34,Cross-reference data payload (34 characters),FD-XREFFILE-REC,X(34),34,0,NO,DISPLAY,,,,,FD-XREFFILE-REC,17,NO,,NO,,,,YES
CBTRN01C,FD-CARDFILE-REC,RECORD,N/A,GROUP,1,150,Card file record containing card number and card data,FD-CARDFILE-REC,N/A,0,0,NO,DISPLAY,,,,,FD-CARDFILE-REC,1,NO,,NO,,,,YES
CBTRN01C,FD-CARD-NUM,FIELD,X(16),ALPHANUMERIC,5,16,Card number in card file (16 characters),FD-CARDFILE-REC,X(16),16,0,NO,DISPLAY,,,,,FD-CARDFILE-REC,1,NO,,NO,,,,YES
CBTRN01C,FD-CARD-DATA,FIELD,X(134),ALPHANUMERIC,5,134,Card data payload (134 characters),FD-CARDFILE-REC,X(134),134,0,NO,DISPLAY,,,,,FD-CARDFILE-REC,17,NO,,NO,,,,YES
CBTRN01C,FD-ACCTFILE-REC,RECORD,N/A,GROUP,1,300,Account file record containing account identifier and account data,FD-ACCTFILE-REC,N/A,0,0,NO,DISPLAY,,,,,FD-ACCTFILE-REC,1,NO,,NO,,,,YES
CBTRN01C,FD-ACCT-ID,FIELD,9(11),NUMERIC,5,11,Account identifier (11 digits numeric),FD-ACCTFILE-REC,99999999999,11,0,NO,DISPLAY,,,,,FD-ACCTFILE-REC,1,NO,,NO,,,,YES
CBTRN01C,FD-ACCT-DATA,FIELD,X(334),ALPHANUMERIC,5,334,Account data payload (334 characters),FD-TRANFILE-REC,X(334),334,0,NO,DISPLAY,,,,,FD-TRANFILE-REC,17,NO,,NO,,,,YES
CBTRN01C,FD-TRANFILE-REC,RECORD,N/A,GROUP,1,350,Transaction file record containing transaction identifier,FD-TRANFILE-REC,N/A,0,0,NO,DISPLAY,,,,,FD-TRANFILE-REC,1,NO,,NO,,,,YES
CBTRN01C,FD-TRANS-ID,FIELD,X(16),ALPHANUMERIC,5,16,Transaction identifier in transaction file (16 characters),FD-TRANFILE-REC,X(16),16,0,NO,DISPLAY,,,,,FD-TRANFILE-REC,1,NO,,NO,,,,YES
CBTRN01C,DALYTRAN-STATUS,RECORD,N/A,GROUP,1,2,Daily transaction file I/O status code group,DALYTRAN-STATUS,N/A,0,0,NO,DISPLAY,,,,,DALYTRAN-STATUS,1,NO,,NO,,,,YES
CBTRN01C,DALYTRAN-STAT1,FIELD,X,ALPHANUMERIC,5,1,Daily transaction file I/O status code first character,DALYTRAN-STATUS,X,1,0,NO,DISPLAY,,,,,DALYTRAN-STATUS,1,NO,,NO,,,,YES
CBTRN01C,DALYTRAN-STAT2,FIELD,X,ALPHANUMERIC,5,1,Daily transaction file I/O status code second character,DALYTRAN-STATUS,X,1,0,NO,DISPLAY,,,,,DALYTRAN-STATUS,2,NO,,NO,,,,YES
CBTRN01C,CUSTFILE-STATUS,RECORD,N/A,GROUP,1,2,Customer file I/O status code group,CUSTFILE-STATUS,N/A,0,0,NO,DISPLAY,,,,,CUSTFILE-STATUS,1,NO,,NO,,,,YES
CBTRN01C,CUSTFILE-STAT1,FIELD,X,ALPHANUMERIC,5,1,Customer file I/O status code first character,CUSTFILE-STATUS,X,1,0,NO,DISPLAY,,,,,CUSTFILE-STATUS,1,NO,,NO,,,,YES
CBTRN01C,CUSTFILE-STAT2,FIELD,X,ALPHANUMERIC,5,1,Customer file I/O status code second character,CUSTFILE-STATUS,X,1,0,NO,DISPLAY,,,,,CUSTFILE-STATUS,2,NO,,NO,,,,YES
CBTRN01C,XREFFILE-STATUS,RECORD,N/A,GROUP,1,2,Cross-reference file I/O status code group,XREFFILE-STATUS,N/A,0,0,NO,DISPLAY,,,,,XREFFILE-STATUS,1,NO,,NO,,,,YES
CBTRN01C,XREFFILE-STAT1,FIELD,X,ALPHANUMERIC,5,1,Cross-reference file I/O status code first character,XREFFILE-STATUS,X,1,0,NO,DISPLAY,,,,,XREFFILE-STATUS,1,NO,,NO,,,,YES
CBTRN01C,XREFFILE-STAT2,FIELD,X,ALPHANUMERIC,5,1,Cross-reference file I/O status code second character,XREFFILE-STATUS,X,1,0,NO,DISPLAY,,,,,XREFFILE-STATUS,2,NO,,NO,,,,YES
CBTRN01C,CARDFILE-STATUS,RECORD,N/A,GROUP,1,2,Card file I/O status code group,CARDFILE-STATUS,N/A,0,0,NO,DISPLAY,,,,,CARDFILE-STATUS,1,NO,,NO,,,,YES
CBTRN01C,CARDFILE-STAT1,FIELD,X,ALPHANUMERIC,5,1,Card file I/O status code first character,CARDFILE-STATUS,X,1,0,NO,DISPLAY,,,,,CARDFILE-STATUS,1,NO,,NO,,,,YES
CBTRN01C,CARDFILE-STAT2,FIELD,X,ALPHANUMERIC,5,1,Card file I/O status code second character,CARDFILE-STATUS,X,1,0,NO,DISPLAY,,,,,CARDFILE-STATUS,2,NO,,NO,,,,YES
CBTRN01C,ACCTFILE-STATUS,RECORD,N/A,GROUP,1,2,Account file I/O status code group,ACCTFILE-STATUS,N/A,0,0,NO,DISPLAY,,,,,ACCTFILE-STATUS,1,NO,,NO,,,,YES
CBTRN01C,ACCTFILE-STAT1,FIELD,X,ALPHANUMERIC,5,1,Account file I/O status code first character,ACCTFILE-STATUS,X,1,0,NO,DISPLAY,,,,,ACCTFILE-STATUS,1,NO,,NO,,,,YES
CBTRN01C,ACCTFILE-STAT2,FIELD,X,ALPHANUMERIC,5,1,Account file I/O status code second character,ACCTFILE-STATUS,X,1,0,NO,DISPLAY,,,,,ACCTFILE-STATUS,2,NO,,NO,,,,YES
CBTRN01C,TRANFILE-STATUS,RECORD,N/A,GROUP,1,2,Transaction file I/O status code group,TRANFILE-STATUS,N/A,0,0,NO,DISPLAY,,,,,TRANFILE-STATUS,1,NO,,NO,,,,YES
CBTRN01C,TRANFILE-STAT1,FIELD,X,ALPHANUMERIC,5,1,Transaction file I/O status code first character,TRANFILE-STATUS,X,1,0,NO,DISPLAY,,,,,TRANFILE-STATUS,1,NO,,NO,,,,YES
CBTRN01C,TRANFILE-STAT2,FIELD,X,ALPHANUMERIC,5,1,Transaction file I/O status code second character,TRANFILE-STATUS,X,1,0,NO,DISPLAY,,,,,TRANFILE-STATUS,2,NO,,NO,,,,YES
CBTRN01C,IO-STATUS,RECORD,N/A,GROUP,1,2,General I/O status code group,IO-STATUS,N/A,0,0,NO,DISPLAY,,,,,IO-STATUS,1,NO,,NO,,,,YES
CBTRN01C,IO-STAT1,FIELD,X,ALPHANUMERIC,5,1,General I/O status code first character,IO-STATUS,X,1,0,NO,DISPLAY,,,,,IO-STATUS,1,NO,,NO,,,,YES
CBTRN01C,IO-STAT2,FIELD,X,ALPHANUMERIC,5,1,General I/O status code second character,IO-STATUS,X,1,0,NO,DISPLAY,,,,,IO-STATUS,2,NO,,NO,,,,YES
CBTRN01C,TWO-BYTES-BINARY,FIELD,9(4) BINARY,BINARY,1,2,Two-byte binary numeric value (4 digits numeric BINARY),TWO-BYTES-BINARY,9999,4,0,NO,BINARY,,,,,TWO-BYTES-BINARY,1,NO,,NO,,,,YES
CBTRN01C,TWO-BYTES-ALPHA,RECORD,N/A,GROUP,1,2,Two-byte alphanumeric representation (REDEFINES TWO-BYTES-BINARY),TWO-BYTES-ALPHA,N/A,0,0,NO,DISPLAY,,,,TWO-BYTES-BINARY,TWO-BYTES-ALPHA,1,NO,,NO,,,,YES
CBTRN01C,TWO-BYTES-LEFT,FIELD,X,ALPHANUMERIC,5,1,Left byte of two-byte alphanumeric value (1 character),TWO-BYTES-ALPHA,X,1,0,NO,DISPLAY,,,,,TWO-BYTES-ALPHA,1,NO,,NO,,,,YES
CBTRN01C,TWO-BYTES-RIGHT,FIELD,X,ALPHANUMERIC,5,1,Right byte of two-byte alphanumeric value (1 character),TWO-BYTES-ALPHA,X,1,0,NO,DISPLAY,,,,,TWO-BYTES-ALPHA,2,NO,,NO,,,,YES
CBTRN01C,IO-STATUS-04,RECORD,N/A,GROUP,1,4,I/O status code 04 group containing status components,IO-STATUS-04,N/A,0,0,NO,DISPLAY,,,,,IO-STATUS-04,1,NO,,NO,,,,YES
CBTRN01C,IO-STATUS-0401,FIELD,9,NUMERIC,5,1,I/O status code 04 first component (1 digit numeric VALUE 0),IO-STATUS-04,9,1,0,NO,DISPLAY,,,,,IO-STATUS-04,1,NO,,NO,0,,,YES
CBTRN01C,IO-STATUS-0403,FIELD,999,NUMERIC,5,3,I/O status code 04 second component (3 digits numeric VALUE 0),IO-STATUS-04,999,3,0,NO,DISPLAY,,,,,IO-STATUS-04,2,NO,,NO,0,,,YES
CBTRN01C,APPL-RESULT,FIELD,S9(9) COMP,BINARY,1,4,Application result code (9 digits signed numeric COMP),APPL-RESULT,'+/-999999999,10,0,YES,COMP,,,,,APPL-RESULT,1,NO,,NO,,,,YES
CBTRN01C,APPL-AOK,CONDITION,N/A,DISPLAY,88,0,Condition: application processing completed successfully (VALUE 0),APPL-RESULT,N/A,0,0,NO,DISPLAY,,,,,APPL-RESULT,1,NO,,NO,,0,,YES
CBTRN01C,APPL-EOF,CONDITION,N/A,DISPLAY,88,0,Condition: end of file reached (VALUE 16),APPL-RESULT,N/A,0,0,NO,DISPLAY,,,,,APPL-RESULT,1,NO,,NO,,16,,YES
CBTRN01C,END-OF-DAILY-TRANS-FILE,FIELD,X(01),ALPHANUMERIC,1,1,End of daily transaction file indicator (1 character VALUE 'N'),END-OF-DAILY-TRANS-FILE,X,1,0,NO,DISPLAY,,,,,END-OF-DAILY-TRANS-FILE,1,NO,,NO,'N',,,YES
CBTRN01C,ABCODE,FIELD,S9(9) BINARY,BINARY,1,4,Abnormal termination code (9 digits signed numeric BINARY),ABCODE,'+/-999999999,10,0,YES,BINARY,,,,,ABCODE,1,NO,,NO,,,,YES
CBTRN01C,TIMING,FIELD,S9(9) BINARY,BINARY,1,4,Timing measurement value (9 digits signed numeric BINARY),TIMING,'+/-999999999,10,0,YES,BINARY,,,,,TIMING,1,NO,,NO,,,,YES
CBTRN01C,WS-MISC-VARIABLES,RECORD,N/A,GROUP,1,8,Miscellaneous working storage variables group,WS-MISC-VARIABLES,N/A,0,0,NO,DISPLAY,,,,,WS-MISC-VARIABLES,1,NO,,NO,,,,YES
CBTRN01C,WS-XREF-READ-STATUS,FIELD,9(04),NUMERIC,5,4,Cross-reference file read operation status code (4 digits numeric),WS-MISC-VARIABLES,9999,4,0,NO,DISPLAY,,,,,WS-MISC-VARIABLES,1,NO,,NO,,,,YES
CBTRN01C,WS-ACCT-READ-STATUS,FIELD,9(04),NUMERIC,5,4,Account file read operation status code (4 digits numeric),WS-MISC-VARIABLES,9999,4,0,NO,DISPLAY,,,,,WS-MISC-VARIABLES,5,NO,,NO,,,,YES
CBEXPORT,EXPORT-OUTPUT-RECORD,FIELD,X(500),ALPHANUMERIC,1,500,Output record buffer for export data (500 characters),EXPORT-OUTPUT-RECORD,X(500),500,0,NO,DISPLAY,,,,,EXPORT-OUTPUT-RECORD,1,NO,,NO,,,,YES
CBEXPORT,WS-FILE-STATUS-AREA,RECORD,N/A,GROUP,1,12,File I/O status code group for multiple data sources,WS-FILE-STATUS-AREA,N/A,0,0,NO,DISPLAY,,,,,WS-FILE-STATUS-AREA,1,NO,,NO,,,,YES
CBEXPORT,WS-CUSTOMER-STATUS,FIELD,X(02),ALPHANUMERIC,5,2,File status code for customer file operations (2 characters),WS-FILE-STATUS-AREA,X(2),2,0,NO,DISPLAY,,,,,WS-FILE-STATUS-AREA,1,NO,,NO,,,,YES
CBEXPORT,WS-CUSTOMER-EOF,CONDITION,N/A,DISPLAY,88,0,Condition: customer file end-of-file reached (VALUE '10'),WS-CUSTOMER-STATUS,N/A,0,0,NO,DISPLAY,,,,,WS-FILE-STATUS-AREA,1,NO,,NO,,'10',,YES
CBEXPORT,WS-CUSTOMER-OK,CONDITION,N/A,DISPLAY,88,0,Condition: customer file operation successful (VALUE '00'),WS-CUSTOMER-STATUS,N/A,0,0,NO,DISPLAY,,,,,WS-FILE-STATUS-AREA,1,NO,,NO,,'00',,YES
CBEXPORT,WS-ACCOUNT-STATUS,FIELD,X(02),ALPHANUMERIC,5,2,File status code for account file operations (2 characters),WS-FILE-STATUS-AREA,X(2),2,0,NO,DISPLAY,,,,,WS-FILE-STATUS-AREA,3,NO,,NO,,,,YES
CBEXPORT,WS-ACCOUNT-EOF,CONDITION,N/A,DISPLAY,88,0,Condition: account file end-of-file reached (VALUE '10'),WS-ACCOUNT-STATUS,N/A,0,0,NO,DISPLAY,,,,,WS-FILE-STATUS-AREA,3,NO,,NO,,'10',,YES
CBEXPORT,WS-ACCOUNT-OK,CONDITION,N/A,DISPLAY,88,0,Condition: account file operation successful (VALUE '00'),WS-ACCOUNT-STATUS,N/A,0,0,NO,DISPLAY,,,,,WS-FILE-STATUS-AREA,3,NO,,NO,,'00',,YES
CBEXPORT,WS-XREF-STATUS,FIELD,X(02),ALPHANUMERIC,5,2,File status code for cross-reference file operations (2 characters),WS-FILE-STATUS-AREA,X(2),2,0,NO,DISPLAY,,,,,WS-FILE-STATUS-AREA,5,NO,,NO,,,,YES
CBEXPORT,WS-XREF-EOF,CONDITION,N/A,DISPLAY,88,0,Condition: cross-reference file end-of-file reached (VALUE '10'),WS-XREF-STATUS,N/A,0,0,NO,DISPLAY,,,,,WS-FILE-STATUS-AREA,5,NO,,NO,,'10',,YES
CBEXPORT,WS-XREF-OK,CONDITION,N/A,DISPLAY,88,0,Condition: cross-reference file operation successful (VALUE '00'),WS-XREF-STATUS,N/A,0,0,NO,DISPLAY,,,,,WS-FILE-STATUS-AREA,5,NO,,NO,,'00',,YES
CBEXPORT,WS-TRANSACTION-STATUS,FIELD,X(02),ALPHANUMERIC,5,2,File status code for transaction file operations (2 characters),WS-FILE-STATUS-AREA,X(2),2,0,NO,DISPLAY,,,,,WS-FILE-STATUS-AREA,7,NO,,NO,,,,YES
CBEXPORT,WS-TRANSACTION-EOF,CONDITION,N/A,DISPLAY,88,0,Condition: transaction file end-of-file reached (VALUE '10'),WS-TRANSACTION-STATUS,N/A,0,0,NO,DISPLAY,,,,,WS-FILE-STATUS-AREA,7,NO,,NO,,'10',,YES
CBEXPORT,WS-TRANSACTION-OK,CONDITION,N/A,DISPLAY,88,0,Condition: transaction file operation successful (VALUE '00'),WS-TRANSACTION-STATUS,N/A,0,0,NO,DISPLAY,,,,,WS-FILE-STATUS-AREA,7,NO,,NO,,'00',,YES
CBEXPORT,WS-CARD-STATUS,FIELD,X(02),ALPHANUMERIC,5,2,File status code for card file operations (2 characters),WS-FILE-STATUS-AREA,X(2),2,0,NO,DISPLAY,,,,,WS-FILE-STATUS-AREA,9,NO,,NO,,,,YES
CBEXPORT,WS-CARD-EOF,CONDITION,N/A,DISPLAY,88,0,Condition: card file end-of-file reached (VALUE '10'),WS-CARD-STATUS,N/A,0,0,NO,DISPLAY,,,,,WS-FILE-STATUS-AREA,9,NO,,NO,,'10',,YES
CBEXPORT,WS-CARD-OK,CONDITION,N/A,DISPLAY,88,0,Condition: card file operation successful (VALUE '00'),WS-CARD-STATUS,N/A,0,0,NO,DISPLAY,,,,,WS-FILE-STATUS-AREA,9,NO,,NO,,'00',,YES
CBEXPORT,WS-EXPORT-STATUS,FIELD,X(02),ALPHANUMERIC,5,2,File status code for export file operations (2 characters),WS-FILE-STATUS-AREA,X(2),2,0,NO,DISPLAY,,,,,WS-FILE-STATUS-AREA,11,NO,,NO,,,,YES
CBEXPORT,WS-EXPORT-OK,CONDITION,N/A,DISPLAY,88,0,Condition: export file operation successful (VALUE '00'),WS-EXPORT-STATUS,N/A,0,0,NO,DISPLAY,,,,,WS-FILE-STATUS-AREA,11,NO,,NO,,'00',,YES
CBEXPORT,WS-EXPORT-CONTROL,RECORD,N/A,GROUP,1,53,"Export control information group containing date, time, and sequence data",WS-EXPORT-CONTROL,N/A,0,0,NO,DISPLAY,,,,,WS-EXPORT-CONTROL,1,NO,,NO,,,,YES
CBEXPORT,WS-EXPORT-DATE,FIELD,X(10),ALPHANUMERIC,5,10,Export date in string format (10 characters),WS-EXPORT-CONTROL,X(10),10,0,NO,DISPLAY,,,,,WS-EXPORT-CONTROL,1,NO,,NO,,,,YES
CBEXPORT,WS-EXPORT-TIME,FIELD,X(08),ALPHANUMERIC,5,8,Export time in string format (8 characters),WS-EXPORT-CONTROL,X(8),8,0,NO,DISPLAY,,,,,WS-EXPORT-CONTROL,11,NO,,NO,,,,YES
CBEXPORT,WS-FORMATTED-TIMESTAMP,FIELD,X(26),ALPHANUMERIC,5,26,Formatted timestamp combining date and time (26 characters),WS-EXPORT-CONTROL,X(26),26,0,NO,DISPLAY,,,,,WS-EXPORT-CONTROL,19,NO,,NO,,,,YES
CBEXPORT,WS-SEQUENCE-COUNTER,FIELD,9(09),NUMERIC,5,9,Sequential counter for export records (9 digits) (VALUE 0),WS-EXPORT-CONTROL,999999999,9,0,NO,DISPLAY,,,,,WS-EXPORT-CONTROL,45,NO,,NO,0,,,YES
CBEXPORT,WS-TIMESTAMP-FIELDS,RECORD,N/A,GROUP,1,16,Timestamp component group containing current date and time elements,WS-TIMESTAMP-FIELDS,N/A,0,0,NO,DISPLAY,,,,,WS-TIMESTAMP-FIELDS,1,NO,,NO,,,,YES
CBEXPORT,WS-CURRENT-DATE,GROUP,N/A,GROUP,5,8,Current date component group,WS-TIMESTAMP-FIELDS,N/A,0,0,NO,DISPLAY,,,,,WS-TIMESTAMP-FIELDS,1,NO,,NO,,,,YES
CBEXPORT,WS-CURR-YEAR,FIELD,9(04),NUMERIC,10,4,Current year value (4 digits),WS-CURRENT-DATE,9999,4,0,NO,DISPLAY,,,,,WS-TIMESTAMP-FIELDS,1,NO,,NO,,,,YES
CBEXPORT,WS-CURR-MONTH,FIELD,9(02),NUMERIC,10,2,Current month value (2 digits),WS-CURRENT-DATE,99,2,0,NO,DISPLAY,,,,,WS-TIMESTAMP-FIELDS,5,NO,,NO,,,,YES
CBEXPORT,WS-CURR-DAY,FIELD,9(02),NUMERIC,10,2,Current day value (2 digits),WS-CURRENT-DATE,99,2,0,NO,DISPLAY,,,,,WS-TIMESTAMP-FIELDS,7,NO,,NO,,,,YES
CBEXPORT,WS-CURRENT-TIME,GROUP,N/A,GROUP,5,8,Current time component group,WS-TIMESTAMP-FIELDS,N/A,0,0,NO,DISPLAY,,,,,WS-TIMESTAMP-FIELDS,9,NO,,NO,,,,YES
CBEXPORT,WS-CURR-HOUR,FIELD,9(02),NUMERIC,10,2,Current hour value (2 digits),WS-CURRENT-TIME,99,2,0,NO,DISPLAY,,,,,WS-TIMESTAMP-FIELDS,9,NO,,NO,,,,YES
CBEXPORT,WS-CURR-MINUTE,FIELD,9(02),NUMERIC,10,2,Current minute value (2 digits),WS-CURRENT-TIME,99,2,0,NO,DISPLAY,,,,,WS-TIMESTAMP-FIELDS,11,NO,,NO,,,,YES
CBEXPORT,WS-CURR-SECOND,FIELD,9(02),NUMERIC,10,2,Current second value (2 digits),WS-CURRENT-TIME,99,2,0,NO,DISPLAY,,,,,WS-TIMESTAMP-FIELDS,13,NO,,NO,,,,YES
CBEXPORT,WS-CURR-HUNDREDTH,FIELD,9(02),NUMERIC,10,2,Current hundredth of second value (2 digits),WS-CURRENT-TIME,99,2,0,NO,DISPLAY,,,,,WS-TIMESTAMP-FIELDS,15,NO,,NO,,,,YES
CBEXPORT,WS-EXPORT-STATISTICS,RECORD,N/A,GROUP,1,54,Export record count statistics group for all data types,WS-EXPORT-STATISTICS,N/A,0,0,NO,DISPLAY,,,,,WS-EXPORT-STATISTICS,1,NO,,NO,,,,YES
CBEXPORT,WS-CUSTOMER-RECORDS-EXPORTED,FIELD,9(09),NUMERIC,5,9,Count of customer records exported (9 digits) (VALUE 0),WS-EXPORT-STATISTICS,999999999,9,0,NO,DISPLAY,,,,,WS-EXPORT-STATISTICS,1,NO,,NO,0,,,YES
CBEXPORT,WS-ACCOUNT-RECORDS-EXPORTED,FIELD,9(09),NUMERIC,5,9,Count of account records exported (9 digits) (VALUE 0),WS-EXPORT-STATISTICS,999999999,9,0,NO,DISPLAY,,,,,WS-EXPORT-STATISTICS,10,NO,,NO,0,,,YES
CBEXPORT,WS-XREF-RECORDS-EXPORTED,FIELD,9(09),NUMERIC,5,9,Count of cross-reference records exported (9 digits) (VALUE 0),WS-EXPORT-STATISTICS,999999999,9,0,NO,DISPLAY,,,,,WS-EXPORT-STATISTICS,19,NO,,NO,0,,,YES
CBEXPORT,WS-TRAN-RECORDS-EXPORTED,FIELD,9(09),NUMERIC,5,9,Count of transaction records exported (9 digits) (VALUE 0),WS-EXPORT-STATISTICS,999999999,9,0,NO,DISPLAY,,,,,WS-EXPORT-STATISTICS,28,NO,,NO,0,,,YES
CBEXPORT,WS-CARD-RECORDS-EXPORTED,FIELD,9(09),NUMERIC,5,9,Count of card records exported (9 digits) (VALUE 0),WS-EXPORT-STATISTICS,999999999,9,0,NO,DISPLAY,,,,,WS-EXPORT-STATISTICS,37,NO,,NO,0,,,YES
CBEXPORT,WS-TOTAL-RECORDS-EXPORTED,FIELD,9(09),NUMERIC,5,9,Total count of all records exported (9 digits) (VALUE 0),WS-EXPORT-STATISTICS,999999999,9,0,NO,DISPLAY,,,,,WS-EXPORT-STATISTICS,46,NO,,NO,0,,,YES
COBSWAIT,MVSWAIT-TIME,FIELD,9(8) COMP,BINARY,1,4,"Wait time in milliseconds for MVS resource allocation (USAGE COMP, 8 digits)",MVSWAIT-TIME,99999999,8,0,NO,COMP,,,,,MVSWAIT-TIME,1,NO,,NO,,,,YES
COBSWAIT,PARM-VALUE,FIELD,X(8),ALPHANUMERIC,1,8,Parameter value field containing alphanumeric data (8 characters),PARM-VALUE,X(8),8,0,NO,DISPLAY,,,,,PARM-VALUE,1,NO,,NO,,,,YES
CBSTM03B,FD-TRNXFILE-REC,RECORD,N/A,GROUP,1,350,Transaction file record,FD-TRNXFILE-REC,N/A,0,0,NO,DISPLAY,,,,,FD-TRNXFILE-REC,1,NO,,NO,,,,YES
CBSTM03B,FD-TRNXS-ID,GROUP,N/A,GROUP,5,32,Transaction identification group containing card and transaction identifiers,FD-TRNXFILE-REC,N/A,0,0,NO,DISPLAY,,,,,FD-TRNXFILE-REC,1,NO,,NO,,,,YES
CBSTM03B,FD-TRNX-CARD,FIELD,X(16),ALPHANUMERIC,10,16,Transaction card identifier (16 characters),FD-TRNXS-ID,X(16),16,0,NO,DISPLAY,,,,,FD-TRNXFILE-REC,1,NO,,NO,,,,YES
CBSTM03B,FD-TRNX-ID,FIELD,X(16),ALPHANUMERIC,10,16,Transaction identifier (16 characters),FD-TRNXS-ID,X(16),16,0,NO,DISPLAY,,,,,FD-TRNXFILE-REC,17,NO,,NO,,,,YES
CBSTM03B,FD-ACCT-DATA,FIELD,X(289),ALPHANUMERIC,5,289,Account data field (289 characters),FD-ACCTFILE-REC,X(289),289,0,NO,DISPLAY,,,,,FD-ACCTFILE-REC,12,NO,,NO,,,,YES
CBSTM03B,FD-XREFFILE-REC,RECORD,N/A,GROUP,1,50,Cross-reference file record,FD-XREFFILE-REC,N/A,0,0,NO,DISPLAY,,,,,FD-XREFFILE-REC,1,NO,,NO,,,,YES
CBSTM03B,FD-XREF-CARD-NUM,FIELD,X(16),ALPHANUMERIC,5,16,Cross-reference card number (16 characters),FD-XREFFILE-REC,X(16),16,0,NO,DISPLAY,,,,,FD-XREFFILE-REC,1,NO,,NO,,,,YES
CBSTM03B,FD-XREF-DATA,FIELD,X(34),ALPHANUMERIC,5,34,Cross-reference data field (34 characters),FD-XREFFILE-REC,X(34),34,0,NO,DISPLAY,,,,,FD-XREFFILE-REC,17,NO,,NO,,,,YES
CBSTM03B,FD-CUSTFILE-REC,RECORD,N/A,GROUP,1,500,Customer file record,FD-CUSTFILE-REC,N/A,0,0,NO,DISPLAY,,,,,FD-CUSTFILE-REC,1,NO,,NO,,,,YES
CBSTM03B,FD-CUST-ID,FIELD,X(09),ALPHANUMERIC,5,9,Customer identifier (9 digits),FD-CUSTFILE-REC,X(9),9,0,NO,DISPLAY,,,,,FD-CUSTFILE-REC,1,NO,,NO,,,,YES
CBSTM03B,FD-CUST-DATA,FIELD,X(491),ALPHANUMERIC,5,491,Customer data field (491 characters),FD-CUSTFILE-REC,X(491),491,0,NO,DISPLAY,,,,,FD-CUSTFILE-REC,10,NO,,NO,,,,YES
CBSTM03B,FD-ACCTFILE-REC,RECORD,N/A,GROUP,1,300,Account file record,FD-ACCTFILE-REC,N/A,0,0,NO,DISPLAY,,,,,FD-ACCTFILE-REC,1,NO,,NO,,,,YES
CBSTM03B,FD-ACCT-ID,FIELD,9(11),NUMERIC,5,11,Account identifier (11 digits),FD-ACCTFILE-REC,99999999999,11,0,NO,DISPLAY,,,,,FD-ACCTFILE-REC,1,NO,,NO,,,,YES
CBSTM03B,TRNXFILE-STATUS,RECORD,N/A,GROUP,1,2,Transaction file I/O status code group,TRNXFILE-STATUS,N/A,0,0,NO,DISPLAY,,,,,TRNXFILE-STATUS,1,NO,,NO,,,,YES
CBSTM03B,TRNXFILE-STAT1,FIELD,X,ALPHANUMERIC,5,1,Transaction file status code first character,TRNXFILE-STATUS,X,1,0,NO,DISPLAY,,,,,TRNXFILE-STATUS,1,NO,,NO,,,,YES
CBSTM03B,TRNXFILE-STAT2,FIELD,X,ALPHANUMERIC,5,1,Transaction file status code second character,TRNXFILE-STATUS,X,1,0,NO,DISPLAY,,,,,TRNXFILE-STATUS,2,NO,,NO,,,,YES
CBSTM03B,XREFFILE-STATUS,RECORD,N/A,GROUP,1,2,Cross-reference file I/O status code group,XREFFILE-STATUS,N/A,0,0,NO,DISPLAY,,,,,XREFFILE-STATUS,1,NO,,NO,,,,YES
CBSTM03B,XREFFILE-STAT1,FIELD,X,ALPHANUMERIC,5,1,Cross-reference file status code first character,XREFFILE-STATUS,X,1,0,NO,DISPLAY,,,,,XREFFILE-STATUS,1,NO,,NO,,,,YES
CBSTM03B,XREFFILE-STAT2,FIELD,X,ALPHANUMERIC,5,1,Cross-reference file status code second character,XREFFILE-STATUS,X,1,0,NO,DISPLAY,,,,,XREFFILE-STATUS,2,NO,,NO,,,,YES
CBSTM03B,CUSTFILE-STATUS,RECORD,N/A,GROUP,1,2,Customer file I/O status code group,CUSTFILE-STATUS,N/A,0,0,NO,DISPLAY,,,,,CUSTFILE-STATUS,1,NO,,NO,,,,YES
CBSTM03B,CUSTFILE-STAT1,FIELD,X,ALPHANUMERIC,5,1,Customer file status code first character,CUSTFILE-STATUS,X,1,0,NO,DISPLAY,,,,,CUSTFILE-STATUS,1,NO,,NO,,,,YES
CBSTM03B,CUSTFILE-STAT2,FIELD,X,ALPHANUMERIC,5,1,Customer file status code second character,CUSTFILE-STATUS,X,1,0,NO,DISPLAY,,,,,CUSTFILE-STATUS,2,NO,,NO,,,,YES
CBSTM03B,ACCTFILE-STATUS,RECORD,N/A,GROUP,1,2,Account file I/O status code group,ACCTFILE-STATUS,N/A,0,0,NO,DISPLAY,,,,,ACCTFILE-STATUS,1,NO,,NO,,,,YES
CBSTM03B,ACCTFILE-STAT1,FIELD,X,ALPHANUMERIC,5,1,Account file status code first character,ACCTFILE-STATUS,X,1,0,NO,DISPLAY,,,,,ACCTFILE-STATUS,1,NO,,NO,,,,YES
CBSTM03B,ACCTFILE-STAT2,FIELD,X,ALPHANUMERIC,5,1,Account file status code second character,ACCTFILE-STATUS,X,1,0,NO,DISPLAY,,,,,ACCTFILE-STATUS,2,NO,,NO,,,,YES
CBSTM03B,LK-M03B-AREA,RECORD,N/A,GROUP,1,1040,M03B linkage area control group,LK-M03B-AREA,N/A,0,0,NO,DISPLAY,,,,,LK-M03B-AREA,1,NO,,NO,,,,YES
CBSTM03B,LK-M03B-DD,FIELD,X(08),ALPHANUMERIC,5,8,M03B data definition identifier (8 characters),LK-M03B-AREA,X(8),8,0,NO,DISPLAY,,,,,LK-M03B-AREA,1,NO,,NO,,,,YES
CBSTM03B,LK-M03B-OPER,FIELD,X(01),ALPHANUMERIC,5,1,M03B operation code (1 character),LK-M03B-AREA,X,1,0,NO,DISPLAY,,,,,LK-M03B-AREA,9,NO,,NO,,,,YES
CBSTM03B,M03B-OPEN,CONDITION,N/A,DISPLAY,88,0,Condition: M03B file open operation (VALUE 'O'),LK-M03B-OPER,N/A,0,0,NO,DISPLAY,,,,,LK-M03B-AREA,9,NO,,NO,,'O',,YES
CBSTM03B,M03B-CLOSE,CONDITION,N/A,DISPLAY,88,0,Condition: M03B file close operation (VALUE 'C'),LK-M03B-OPER,N/A,0,0,NO,DISPLAY,,,,,LK-M03B-AREA,9,NO,,NO,,'C',,YES
CBSTM03B,M03B-READ,CONDITION,N/A,DISPLAY,88,0,Condition: M03B file read operation (VALUE 'R'),LK-M03B-OPER,N/A,0,0,NO,DISPLAY,,,,,LK-M03B-AREA,9,NO,,NO,,'R',,YES
CBSTM03B,M03B-READ-K,CONDITION,N/A,DISPLAY,88,0,Condition: M03B file read by key operation (VALUE 'K'),LK-M03B-OPER,N/A,0,0,NO,DISPLAY,,,,,LK-M03B-AREA,9,NO,,NO,,'K',,YES
CBSTM03B,M03B-WRITE,CONDITION,N/A,DISPLAY,88,0,Condition: M03B file write operation (VALUE 'W'),LK-M03B-OPER,N/A,0,0,NO,DISPLAY,,,,,LK-M03B-AREA,9,NO,,NO,,'W',,YES
CBSTM03B,M03B-REWRITE,CONDITION,N/A,DISPLAY,88,0,Condition: M03B file rewrite operation (VALUE 'Z'),LK-M03B-OPER,N/A,0,0,NO,DISPLAY,,,,,LK-M03B-AREA,9,NO,,NO,,'Z',,YES
CBSTM03B,LK-M03B-RC,FIELD,X(02),ALPHANUMERIC,5,2,M03B return code (2 characters),LK-M03B-AREA,X(2),2,0,NO,DISPLAY,,,,,LK-M03B-AREA,10,NO,,NO,,,,YES
CBSTM03B,LK-M03B-KEY,FIELD,X(25),ALPHANUMERIC,5,25,M03B file access key (25 characters),LK-M03B-AREA,X(25),25,0,NO,DISPLAY,,,,,LK-M03B-AREA,12,NO,,NO,,,,YES
CBSTM03B,LK-M03B-KEY-LN,FIELD,S9(4),NUMERIC,5,4,M03B key length indicator (signed 4-digit numeric),LK-M03B-AREA,'+/-9999,5,0,YES,DISPLAY,,,,,LK-M03B-AREA,37,NO,,NO,,,,YES
CBSTM03B,LK-M03B-FLDT,FIELD,X(1000),ALPHANUMERIC,5,1000,M03B field data area (1000 characters),LK-M03B-AREA,X(1000),1000,0,NO,DISPLAY,,,,,LK-M03B-AREA,41,NO,,NO,,,,YES
CBCUS01C,FD-CUSTFILE-REC,RECORD,N/A,GROUP,1,500,Customer file record containing customer identification and data,FD-CUSTFILE-REC,N/A,0,0,NO,DISPLAY,,,,,FD-CUSTFILE-REC,1,NO,,NO,,,,YES
CBCUS01C,FD-CUST-ID,FIELD,9(09),NUMERIC,5,9,Customer identifier numeric field (9 digits),FD-CUSTFILE-REC,999999999,9,0,NO,DISPLAY,,,,,FD-CUSTFILE-REC,1,NO,,NO,,,,YES
CBCUS01C,FD-CUST-DATA,FIELD,X(491),ALPHANUMERIC,5,491,Customer data variable-length field (491 characters),FD-CUSTFILE-REC,X(491),491,0,NO,DISPLAY,,,,,FD-CUSTFILE-REC,10,NO,,NO,,,,YES
CBCUS01C,CUSTFILE-STATUS,RECORD,N/A,GROUP,1,2,Customer file status code group,CUSTFILE-STATUS,N/A,0,0,NO,DISPLAY,,,,,CUSTFILE-STATUS,1,NO,,NO,,,,YES
CBCUS01C,CUSTFILE-STAT1,FIELD,X,ALPHANUMERIC,5,1,Customer file status first character,CUSTFILE-STATUS,X,1,0,NO,DISPLAY,,,,,CUSTFILE-STATUS,1,NO,,NO,,,,YES
CBCUS01C,CUSTFILE-STAT2,FIELD,X,ALPHANUMERIC,5,1,Customer file status second character,CUSTFILE-STATUS,X,1,0,NO,DISPLAY,,,,,CUSTFILE-STATUS,2,NO,,NO,,,,YES
CBCUS01C,IO-STATUS,RECORD,N/A,GROUP,1,2,Input/output status code group,IO-STATUS,N/A,0,0,NO,DISPLAY,,,,,IO-STATUS,1,NO,,NO,,,,YES
CBCUS01C,IO-STAT1,FIELD,X,ALPHANUMERIC,5,1,Input/output status first character,IO-STATUS,X,1,0,NO,DISPLAY,,,,,IO-STATUS,1,NO,,NO,,,,YES
CBCUS01C,IO-STAT2,FIELD,X,ALPHANUMERIC,5,1,Input/output status second character,IO-STATUS,X,1,0,NO,DISPLAY,,,,,IO-STATUS,2,NO,,NO,,,,YES
CBCUS01C,TWO-BYTES-BINARY,FIELD,9(4) BINARY,BINARY,1,2,Two-byte binary numeric field (4 digits) (USAGE BINARY),TWO-BYTES-BINARY,9999,4,0,NO,BINARY,,,,,TWO-BYTES-BINARY,1,NO,,NO,,,,YES
CBCUS01C,TWO-BYTES-ALPHA,RECORD,N/A,GROUP,1,2,Two-byte alphanumeric record redefining TWO-BYTES-BINARY for character access (REDEFINES TWO-BYTES-BINARY),TWO-BYTES-ALPHA,N/A,0,0,NO,DISPLAY,,,,TWO-BYTES-BINARY,TWO-BYTES-ALPHA,1,NO,,NO,,,,YES
CBCUS01C,TWO-BYTES-LEFT,FIELD,X,ALPHANUMERIC,5,1,Left byte of two-byte alphanumeric field,TWO-BYTES-ALPHA,X,1,0,NO,DISPLAY,,,,,TWO-BYTES-ALPHA,1,NO,,NO,,,,YES
CBCUS01C,TWO-BYTES-RIGHT,FIELD,X,ALPHANUMERIC,5,1,Right byte of two-byte alphanumeric field,TWO-BYTES-ALPHA,X,1,0,NO,DISPLAY,,,,,TWO-BYTES-ALPHA,2,NO,,NO,,,,YES
CBCUS01C,IO-STATUS-04,RECORD,N/A,GROUP,1,4,Input/output status code 04 group,IO-STATUS-04,N/A,0,0,NO,DISPLAY,,,,,IO-STATUS-04,1,NO,,NO,,,,YES
CBCUS01C,IO-STATUS-0401,FIELD,9,NUMERIC,5,1,Input/output status 04 first component numeric field (1 digit) (VALUE 0),IO-STATUS-04,9,1,0,NO,DISPLAY,,,,,IO-STATUS-04,1,NO,,NO,0,,,YES
CBCUS01C,IO-STATUS-0403,FIELD,999,NUMERIC,5,3,Input/output status 04 second component numeric field (3 digits) (VALUE 0),IO-STATUS-04,999,3,0,NO,DISPLAY,,,,,IO-STATUS-04,2,NO,,NO,0,,,YES
CBCUS01C,APPL-RESULT,FIELD,S9(9) COMP,BINARY,1,4,Application result code signed numeric field (9 digits) (USAGE COMP),APPL-RESULT,'+/-999999999,10,0,YES,COMP,,,,,APPL-RESULT,1,NO,,NO,,,,YES
CBCUS01C,APPL-AOK,CONDITION,N/A,DISPLAY,88,0,Condition: application processing completed successfully (VALUE 0),APPL-RESULT,N/A,0,0,NO,DISPLAY,,,,,APPL-RESULT,1,NO,,NO,,0,,YES
CBCUS01C,APPL-EOF,CONDITION,N/A,DISPLAY,88,0,Condition: end of file reached during application processing (VALUE 16),APPL-RESULT,N/A,0,0,NO,DISPLAY,,,,,APPL-RESULT,1,NO,,NO,,16,,YES
CBCUS01C,END-OF-FILE,FIELD,X(01),ALPHANUMERIC,1,1,End of file indicator flag (1 character) (VALUE 'N'),END-OF-FILE,X,1,0,NO,DISPLAY,,,,,END-OF-FILE,1,NO,,NO,'N',,,YES
CBCUS01C,ABCODE,FIELD,S9(9) BINARY,BINARY,1,4,Abnormal termination code signed binary numeric field (9 digits) (USAGE BINARY),ABCODE,'+/-999999999,10,0,YES,BINARY,,,,,ABCODE,1,NO,,NO,,,,YES
CBCUS01C,TIMING,FIELD,S9(9) BINARY,BINARY,1,4,Timing measurement signed binary numeric field (9 digits) (USAGE BINARY),TIMING,'+/-999999999,10,0,YES,BINARY,,,,,TIMING,1,NO,,NO,,,,YES
CBACT02C,FD-CARDFILE-REC,RECORD,N/A,GROUP,1,150,Card file record containing card number and associated data,FD-CARDFILE-REC,N/A,0,0,NO,DISPLAY,,,,,FD-CARDFILE-REC,1,NO,,NO,,,,YES
CBACT02C,FD-CARD-NUM,FIELD,X(16),ALPHANUMERIC,5,16,Card number identifier (16 characters),FD-CARDFILE-REC,X(16),16,0,NO,DISPLAY,,,,,FD-CARDFILE-REC,1,NO,,NO,,,,YES
CBACT02C,FD-CARD-DATA,FIELD,X(134),ALPHANUMERIC,5,134,Card data payload (134 characters),FD-CARDFILE-REC,X(134),134,0,NO,DISPLAY,,,,,FD-CARDFILE-REC,17,NO,,NO,,,,YES
CBACT02C,CARDFILE-STATUS,RECORD,N/A,GROUP,1,2,Card file I/O status code group,CARDFILE-STATUS,N/A,0,0,NO,DISPLAY,,,,,CARDFILE-STATUS,1,NO,,NO,,,,YES
CBACT02C,CARDFILE-STAT1,FIELD,X,ALPHANUMERIC,5,1,Card file status first character,CARDFILE-STATUS,X,1,0,NO,DISPLAY,,,,,CARDFILE-STATUS,1,NO,,NO,,,,YES
CBACT02C,CARDFILE-STAT2,FIELD,X,ALPHANUMERIC,5,1,Card file status second character,CARDFILE-STATUS,X,1,0,NO,DISPLAY,,,,,CARDFILE-STATUS,2,NO,,NO,,,,YES
CBACT02C,IO-STATUS,RECORD,N/A,GROUP,1,2,General I/O operation status code group,IO-STATUS,N/A,0,0,NO,DISPLAY,,,,,IO-STATUS,1,NO,,NO,,,,YES
CBACT02C,IO-STAT1,FIELD,X,ALPHANUMERIC,5,1,I/O status first character,IO-STATUS,X,1,0,NO,DISPLAY,,,,,IO-STATUS,1,NO,,NO,,,,YES
CBACT02C,IO-STAT2,FIELD,X,ALPHANUMERIC,5,1,I/O status second character,IO-STATUS,X,1,0,NO,DISPLAY,,,,,IO-STATUS,2,NO,,NO,,,,YES
CBACT02C,TWO-BYTES-BINARY,FIELD,9(4) BINARY,BINARY,1,2,Two-byte binary numeric value (USAGE BINARY),TWO-BYTES-BINARY,9999,4,0,NO,BINARY,,,,,TWO-BYTES-BINARY,1,NO,,NO,,,,YES
CBACT02C,TWO-BYTES-ALPHA,RECORD,N/A,GROUP,1,2,Two-byte alphanumeric representation (REDEFINES TWO-BYTES-BINARY),TWO-BYTES-ALPHA,N/A,0,0,NO,DISPLAY,,,,TWO-BYTES-BINARY,TWO-BYTES-ALPHA,1,NO,,NO,,,,YES
CBACT02C,TWO-BYTES-LEFT,FIELD,X,ALPHANUMERIC,5,1,Left byte of two-byte alphanumeric field,TWO-BYTES-ALPHA,X,1,0,NO,DISPLAY,,,,,TWO-BYTES-ALPHA,1,NO,,NO,,,,YES
CBACT02C,TWO-BYTES-RIGHT,FIELD,X,ALPHANUMERIC,5,1,Right byte of two-byte alphanumeric field,TWO-BYTES-ALPHA,X,1,0,NO,DISPLAY,,,,,TWO-BYTES-ALPHA,2,NO,,NO,,,,YES
CBACT02C,IO-STATUS-04,RECORD,N/A,GROUP,1,4,I/O status code 04 group,IO-STATUS-04,N/A,0,0,NO,DISPLAY,,,,,IO-STATUS-04,1,NO,,NO,,,,YES
CBACT02C,IO-STATUS-0401,FIELD,9,NUMERIC,5,1,I/O status 04 first component numeric value (VALUE 0),IO-STATUS-04,9,1,0,NO,DISPLAY,,,,,IO-STATUS-04,1,NO,,NO,0,,,YES
CBACT02C,IO-STATUS-0403,FIELD,999,NUMERIC,5,3,I/O status 04 second component numeric value (VALUE 0),IO-STATUS-04,999,3,0,NO,DISPLAY,,,,,IO-STATUS-04,2,NO,,NO,0,,,YES
CBACT02C,APPL-RESULT,FIELD,S9(9) COMP,BINARY,1,4,Application result code signed numeric value (USAGE COMP),APPL-RESULT,'+/-999999999,10,0,YES,COMP,,,,,APPL-RESULT,1,NO,,NO,,,,YES
CBACT02C,APPL-AOK,CONDITION,N/A,DISPLAY,88,0,Condition: application processing completed successfully (VALUE 0),APPL-RESULT,N/A,0,0,NO,DISPLAY,,,,,APPL-RESULT,1,NO,,NO,,0,,YES
CBACT02C,APPL-EOF,CONDITION,N/A,DISPLAY,88,0,Condition: end of file reached during processing (VALUE 16),APPL-RESULT,N/A,0,0,NO,DISPLAY,,,,,APPL-RESULT,1,NO,,NO,,16,,YES
CBACT02C,END-OF-FILE,FIELD,X(01),ALPHANUMERIC,1,1,End of file indicator flag (VALUE 'N'),END-OF-FILE,X,1,0,NO,DISPLAY,,,,,END-OF-FILE,1,NO,,NO,'N',,,YES
CBACT02C,ABCODE,FIELD,S9(9) BINARY,BINARY,1,4,Abnormal termination code signed binary value (USAGE BINARY),ABCODE,'+/-999999999,10,0,YES,BINARY,,,,,ABCODE,1,NO,,NO,,,,YES
CBACT02C,TIMING,FIELD,S9(9) BINARY,BINARY,1,4,Timing measurement or duration value signed binary (USAGE BINARY),TIMING,'+/-999999999,10,0,YES,BINARY,,,,,TIMING,1,NO,,NO,,,,YES
COUSR01C,WS-VARIABLES,RECORD,N/A,GROUP,1,109,Working storage variables group,WS-VARIABLES,N/A,0,0,NO,DISPLAY,,,,,WS-VARIABLES,1,NO,,NO,,,,YES
COUSR01C,WS-PGMNAME,FIELD,X(08),ALPHANUMERIC,5,8,Program name identifier (VALUE 'COUSR01C') (PIC X(08)),WS-VARIABLES,X(8),8,0,NO,DISPLAY,,,,,WS-VARIABLES,1,NO,,NO,'COUSR01C',,,YES
COUSR01C,WS-TRANID,FIELD,X(04),ALPHANUMERIC,5,4,Transaction identifier (VALUE 'CU01') (PIC X(04)),WS-VARIABLES,X(4),4,0,NO,DISPLAY,,,,,WS-VARIABLES,9,NO,,NO,'CU01',,,YES
COUSR01C,WS-MESSAGE,FIELD,X(80),ALPHANUMERIC,5,80,Message text buffer for display or logging (PIC X(80)) (VALUE SPACES),WS-VARIABLES,X(80),80,0,NO,DISPLAY,,,,,WS-VARIABLES,13,NO,,NO,SPACES,,,YES
COUSR01C,WS-USRSEC-FILE,FIELD,X(08),ALPHANUMERIC,5,8,User security file name reference (VALUE 'USRSEC  ') (PIC X(08)),WS-VARIABLES,X(8),8,0,NO,DISPLAY,,,,,WS-VARIABLES,93,NO,,NO,'USRSEC  ',,,YES
COUSR01C,WS-ERR-FLG,FIELD,X(01),ALPHANUMERIC,5,1,Error flag indicator (PIC X(01)) (VALUE 'N'),WS-VARIABLES,X,1,0,NO,DISPLAY,,,,,WS-VARIABLES,101,NO,,NO,'N',,,YES
COUSR01C,ERR-FLG-ON,CONDITION,N/A,DISPLAY,88,0,Condition: error flag is on (VALUE 'Y'),WS-ERR-FLG,N/A,0,0,NO,DISPLAY,,,,,WS-VARIABLES,101,NO,,NO,,'Y',,YES
COUSR01C,ERR-FLG-OFF,CONDITION,N/A,DISPLAY,88,0,Condition: error flag is off (VALUE 'N'),WS-ERR-FLG,N/A,0,0,NO,DISPLAY,,,,,WS-VARIABLES,101,NO,,NO,,'N',,YES
COUSR01C,WS-RESP-CD,FIELD,S9(09) COMP,BINARY,5,4,CICS response code for API calls (PIC S9(09) COMP) (VALUE ZEROS),WS-VARIABLES,'+/-999999999,10,0,YES,COMP,,,,,WS-VARIABLES,102,NO,,NO,ZEROS,,,YES
COUSR01C,WS-REAS-CD,FIELD,S9(09) COMP,BINARY,5,4,CICS reason code for API calls (PIC S9(09) COMP) (VALUE ZEROS),WS-VARIABLES,'+/-999999999,10,0,YES,COMP,,,,,WS-VARIABLES,106,NO,,NO,ZEROS,,,YES
COUSR01C,DFHCOMMAREA,RECORD,N/A,GROUP,1,32767,CICS communication area for inter-program data passing,DFHCOMMAREA,N/A,0,0,NO,DISPLAY,,,,,DFHCOMMAREA,1,NO,,NO,,,,YES
COUSR01C,LK-COMMAREA,FIELD,X(01),ALPHANUMERIC,5,1,Communication area data buffer (OCCURS 32767) (PIC X(01)),DFHCOMMAREA,X,1,0,NO,DISPLAY,1,32767,,,DFHCOMMAREA,1,NO,,NO,,,,YES
COADM01C,WS-VARIABLES,RECORD,N/A,GROUP,1,155,Working storage variables group,WS-VARIABLES,N/A,0,0,NO,DISPLAY,,,,,WS-VARIABLES,1,NO,,NO,,,,YES
COADM01C,WS-PGMNAME,FIELD,X(08),ALPHANUMERIC,5,8,Program name identifier (VALUE 'COADM01C'),WS-VARIABLES,X(8),8,0,NO,DISPLAY,,,,,WS-VARIABLES,1,NO,,NO,'COADM01C',,,YES
COADM01C,WS-TRANID,FIELD,X(04),ALPHANUMERIC,5,4,Transaction identifier code (VALUE 'CA00'),WS-VARIABLES,X(4),4,0,NO,DISPLAY,,,,,WS-VARIABLES,9,NO,,NO,'CA00',,,YES
COADM01C,WS-MESSAGE,FIELD,X(80),ALPHANUMERIC,5,80,Message text buffer 80 characters (VALUE SPACES),WS-VARIABLES,X(80),80,0,NO,DISPLAY,,,,,WS-VARIABLES,13,NO,,NO,SPACES,,,YES
COADM01C,WS-USRSEC-FILE,FIELD,X(08),ALPHANUMERIC,5,8,User security file name (VALUE 'USRSEC  '),WS-VARIABLES,X(8),8,0,NO,DISPLAY,,,,,WS-VARIABLES,93,NO,,NO,'USRSEC  ',,,YES
COADM01C,WS-ERR-FLG,FIELD,X(01),ALPHANUMERIC,5,1,Error flag indicator single character (VALUE 'N'),WS-VARIABLES,X,1,0,NO,DISPLAY,,,,,WS-VARIABLES,101,NO,,NO,'N',,,YES
COADM01C,ERR-FLG-ON,CONDITION,N/A,DISPLAY,88,0,Condition: error flag is on (VALUE 'Y'),WS-ERR-FLG,N/A,0,0,NO,DISPLAY,,,,,WS-VARIABLES,101,NO,,NO,,'Y',,YES
COADM01C,ERR-FLG-OFF,CONDITION,N/A,DISPLAY,88,0,Condition: error flag is off (VALUE 'N'),WS-ERR-FLG,N/A,0,0,NO,DISPLAY,,,,,WS-VARIABLES,101,NO,,NO,,'N',,YES
COADM01C,WS-RESP-CD,FIELD,S9(09) COMP,BINARY,5,4,Response code signed 9 digit numeric (USAGE COMP) (VALUE ZEROS),WS-VARIABLES,'+/-999999999,10,0,YES,COMP,,,,,WS-VARIABLES,102,NO,,NO,ZEROS,,,YES
COADM01C,WS-REAS-CD,FIELD,S9(09) COMP,BINARY,5,4,Reason code signed 9 digit numeric (USAGE COMP) (VALUE ZEROS),WS-VARIABLES,'+/-999999999,10,0,YES,COMP,,,,,WS-VARIABLES,106,NO,,NO,ZEROS,,,YES
COADM01C,WS-OPTION-X,FIELD,X(02),ALPHANUMERIC,5,2,Option code 2 character alphanumeric,WS-VARIABLES,X(2),2,0,NO,DISPLAY,,,,,WS-VARIABLES,110,NO,RIGHT,NO,,,,YES
COADM01C,WS-OPTION,FIELD,9(02),NUMERIC,5,2,Option number 2 digit numeric (VALUE 0),WS-VARIABLES,99,2,0,NO,DISPLAY,,,,,WS-VARIABLES,112,NO,,NO,0,,,YES
COADM01C,WS-IDX,FIELD,S9(04) COMP,BINARY,5,2,Index counter signed 4 digit numeric (USAGE COMP) (VALUE ZEROS),WS-VARIABLES,'+/-9999,5,0,YES,COMP,,,,,WS-VARIABLES,114,NO,,NO,ZEROS,,,YES
COADM01C,WS-ADMIN-OPT-TXT,FIELD,X(40),ALPHANUMERIC,5,40,Administration option text 40 characters (VALUE SPACES),WS-VARIABLES,X(40),40,0,NO,DISPLAY,,,,,WS-VARIABLES,116,NO,,NO,SPACES,,,YES
COADM01C,DFHCOMMAREA,RECORD,N/A,GROUP,1,32767,CICS communication area record,DFHCOMMAREA,N/A,0,0,NO,DISPLAY,,,,,DFHCOMMAREA,1,NO,,NO,,,,YES
COADM01C,LK-COMMAREA,FIELD,X(01),ALPHANUMERIC,5,1,Communication area data buffer 32767 bytes (OCCURS 32767),DFHCOMMAREA,X,1,0,NO,DISPLAY,1,32767,,,DFHCOMMAREA,1,NO,,NO,,,,YES
COSGN00C,WS-VARIABLES,RECORD,N/A,GROUP,1,125,Working storage variables group,WS-VARIABLES,N/A,0,0,NO,DISPLAY,,,,,WS-VARIABLES,1,NO,,NO,,,,YES
COSGN00C,WS-PGMNAME,FIELD,X(08),ALPHANUMERIC,5,8,Program name identifier (VALUE 'COSGN00C'),WS-VARIABLES,X(8),8,0,NO,DISPLAY,,,,,WS-VARIABLES,1,NO,,NO,'COSGN00C',,,YES
COSGN00C,WS-TRANID,FIELD,X(04),ALPHANUMERIC,5,4,Transaction identifier code (VALUE 'CC00'),WS-VARIABLES,X(4),4,0,NO,DISPLAY,,,,,WS-VARIABLES,9,NO,,NO,'CC00',,,YES
COSGN00C,WS-MESSAGE,FIELD,X(80),ALPHANUMERIC,5,80,Message text buffer for communications (VALUE SPACES),WS-VARIABLES,X(80),80,0,NO,DISPLAY,,,,,WS-VARIABLES,13,NO,,NO,SPACES,,,YES
COSGN00C,WS-USRSEC-FILE,FIELD,X(08),ALPHANUMERIC,5,8,User security file name reference (VALUE 'USRSEC  '),WS-VARIABLES,X(8),8,0,NO,DISPLAY,,,,,WS-VARIABLES,93,NO,,NO,'USRSEC  ',,,YES
COSGN00C,WS-ERR-FLG,FIELD,X(01),ALPHANUMERIC,5,1,Error flag indicator (VALUE 'N'),WS-VARIABLES,X,1,0,NO,DISPLAY,,,,,WS-VARIABLES,101,NO,,NO,'N',,,YES
COSGN00C,ERR-FLG-ON,CONDITION,N/A,DISPLAY,88,0,Condition: error flag is on (VALUE 'Y'),WS-ERR-FLG,N/A,0,0,NO,DISPLAY,,,,,WS-VARIABLES,101,NO,,NO,,'Y',,YES
COSGN00C,ERR-FLG-OFF,CONDITION,N/A,DISPLAY,88,0,Condition: error flag is off (VALUE 'N'),WS-ERR-FLG,N/A,0,0,NO,DISPLAY,,,,,WS-VARIABLES,101,NO,,NO,,'N',,YES
COSGN00C,WS-RESP-CD,FIELD,S9(09) COMP,BINARY,5,4,Response code from system call (USAGE COMP) (VALUE ZEROS),WS-VARIABLES,'+/-999999999,10,0,YES,COMP,,,,,WS-VARIABLES,102,NO,,NO,ZEROS,,,YES
COSGN00C,WS-REAS-CD,FIELD,S9(09) COMP,BINARY,5,4,Reason code from system call (USAGE COMP) (VALUE ZEROS),WS-VARIABLES,'+/-999999999,10,0,YES,COMP,,,,,WS-VARIABLES,106,NO,,NO,ZEROS,,,YES
COSGN00C,WS-USER-ID,FIELD,X(08),ALPHANUMERIC,5,8,User identification code,WS-VARIABLES,X(8),8,0,NO,DISPLAY,,,,,WS-VARIABLES,110,NO,,NO,,,,YES
COSGN00C,WS-USER-PWD,FIELD,X(08),ALPHANUMERIC,5,8,User password credential,WS-VARIABLES,X(8),8,0,NO,DISPLAY,,,,,WS-VARIABLES,118,NO,,NO,,,,YES
COSGN00C,DFHCOMMAREA,RECORD,N/A,GROUP,1,32767,CICS communication area record,DFHCOMMAREA,N/A,0,0,NO,DISPLAY,,,,,DFHCOMMAREA,1,NO,,NO,,,,YES
COSGN00C,LK-COMMAREA,FIELD,X(01),ALPHANUMERIC,5,1,Communication area data buffer (OCCURS 32767),DFHCOMMAREA,X,1,0,NO,DISPLAY,1,32767,,,DFHCOMMAREA,1,NO,,NO,,,,YES
COPAUA0C,WS-VARIABLES,RECORD,N/A,GROUP,1,410,Working storage variables group for program control and file management,WS-VARIABLES,N/A,0,0,NO,DISPLAY,,,,,WS-VARIABLES,1,NO,,NO,,,,YES
COPAUA0C,WS-PGM-AUTH,FIELD,X(08),ALPHANUMERIC,5,8,Program authorization code identifier (VALUE 'COPAUA0C'),WS-VARIABLES,X(8),8,0,NO,DISPLAY,,,,,WS-VARIABLES,1,NO,,NO,'COPAUA0C',,,YES
COPAUA0C,WS-CICS-TRANID,FIELD,X(04),ALPHANUMERIC,5,4,CICS transaction identifier code (VALUE 'CP00'),WS-VARIABLES,X(4),4,0,NO,DISPLAY,,,,,WS-VARIABLES,9,NO,,NO,'CP00',,,YES
COPAUA0C,WS-ACCTFILENAME,FIELD,X(8),ALPHANUMERIC,5,8,Account file dataset name (VALUE 'ACCTDAT '),WS-VARIABLES,X(8),8,0,NO,DISPLAY,,,,,WS-VARIABLES,13,NO,,NO,'ACCTDAT ',,,YES
COPAUA0C,WS-CUSTFILENAME,FIELD,X(8),ALPHANUMERIC,5,8,Customer file dataset name (VALUE 'CUSTDAT '),WS-VARIABLES,X(8),8,0,NO,DISPLAY,,,,,WS-VARIABLES,21,NO,,NO,'CUSTDAT ',,,YES
COPAUA0C,WS-CARDFILENAME,FIELD,X(8),ALPHANUMERIC,5,8,Card file dataset name (VALUE 'CARDDAT '),WS-VARIABLES,X(8),8,0,NO,DISPLAY,,,,,WS-VARIABLES,29,NO,,NO,'CARDDAT ',,,YES
COPAUA0C,WS-CARDFILENAME-ACCT-PATH,FIELD,X(8),ALPHANUMERIC,5,8,Card file account index path dataset name (VALUE 'CARDAIX '),WS-VARIABLES,X(8),8,0,NO,DISPLAY,,,,,WS-VARIABLES,37,NO,,NO,'CARDAIX ',,,YES
COPAUA0C,WS-CCXREF-FILE,FIELD,X(08),ALPHANUMERIC,5,8,Credit card cross-reference file dataset name (VALUE 'CCXREF  '),WS-VARIABLES,X(8),8,0,NO,DISPLAY,,,,,WS-VARIABLES,45,NO,,NO,'CCXREF  ',,,YES
COPAUA0C,WS-REQSTS-PROCESS-LIMIT,FIELD,S9(4) COMP,BINARY,5,2,"Maximum number of requests to process in batch (USAGE COMP, VALUE 500)",WS-VARIABLES,'+/-9999,5,0,YES,COMP,,,,,WS-VARIABLES,53,NO,,NO,500,,,YES
COPAUA0C,WS-MSG-PROCESSED,FIELD,S9(4) COMP,BINARY,5,2,"Count of messages processed in current cycle (USAGE COMP, VALUE ZERO)",WS-VARIABLES,'+/-9999,5,0,YES,COMP,,,,,WS-VARIABLES,55,NO,,NO,ZERO,,,YES
COPAUA0C,WS-REQUEST-QNAME,FIELD,X(48),ALPHANUMERIC,5,48,MQ Series request queue name for incoming authorization requests,WS-VARIABLES,X(48),48,0,NO,DISPLAY,,,,,WS-VARIABLES,57,NO,,NO,,,,YES
COPAUA0C,WS-REPLY-QNAME,FIELD,X(48),ALPHANUMERIC,5,48,MQ Series reply queue name for outgoing authorization responses,WS-VARIABLES,X(48),48,0,NO,DISPLAY,,,,,WS-VARIABLES,105,NO,,NO,,,,YES
COPAUA0C,WS-SAVE-CORRELID,FIELD,X(24),ALPHANUMERIC,5,24,Saved correlation identifier for message tracking,WS-VARIABLES,X(24),24,0,NO,DISPLAY,,,,,WS-VARIABLES,153,NO,,NO,,,,YES
COPAUA0C,WS-RESP-LENGTH,FIELD,S9(4),NUMERIC,5,4,Response message length indicator (VALUE 1),WS-VARIABLES,'+/-9999,5,0,YES,DISPLAY,,,,,WS-VARIABLES,177,NO,,NO,1,,,YES
COPAUA0C,WS-RESP-CD,FIELD,S9(09) COMP,BINARY,5,4,"MQ Series response code from API calls (USAGE COMP, VALUE ZEROS)",WS-VARIABLES,'+/-999999999,10,0,YES,COMP,,,,,WS-VARIABLES,181,NO,,NO,ZEROS,,,YES
COPAUA0C,WS-REAS-CD,FIELD,S9(09) COMP,BINARY,5,4,"MQ Series reason code from API calls (USAGE COMP, VALUE ZEROS)",WS-VARIABLES,'+/-999999999,10,0,YES,COMP,,,,,WS-VARIABLES,185,NO,,NO,ZEROS,,,YES
COPAUA0C,WS-ABS-TIME,FIELD,S9(15) COMP-3,PACKED,5,8,"Absolute system time in microseconds (USAGE COMP-3, VALUE 0)",WS-VARIABLES,'+/-999999999999999,16,0,YES,COMP-3,,,,,WS-VARIABLES,189,NO,,NO,0,,,YES
COPAUA0C,WS-CUR-DATE-X6,FIELD,X(06),ALPHANUMERIC,5,6,Current date in character format YYMMDD,WS-VARIABLES,X(6),6,0,NO,DISPLAY,,,,,WS-VARIABLES,197,NO,,NO,SPACES,,,YES
COPAUA0C,WS-CUR-TIME-X6,FIELD,X(06),ALPHANUMERIC,5,6,Current time in character format HHMMSS,WS-VARIABLES,X(6),6,0,NO,DISPLAY,,,,,WS-VARIABLES,203,NO,,NO,SPACES,,,YES
COPAUA0C,WS-CUR-TIME-N6,FIELD,9(06),NUMERIC,5,6,Current time in numeric format HHMMSS (VALUE ZERO),WS-VARIABLES,999999,6,0,NO,DISPLAY,,,,,WS-VARIABLES,209,NO,,NO,ZERO,,,YES
COPAUA0C,WS-CUR-TIME-MS,FIELD,S9(08) COMP,BINARY,5,4,Current time in milliseconds (USAGE COMP),WS-VARIABLES,'+/-99999999,9,0,YES,COMP,,,,,WS-VARIABLES,215,NO,,NO,,,,YES
COPAUA0C,WS-YYDDD,FIELD,9(05),NUMERIC,5,5,Year and day of year in format YYDDD,WS-VARIABLES,99999,5,0,NO,DISPLAY,,,,,WS-VARIABLES,219,NO,,NO,,,,YES
COPAUA0C,WS-TIME-WITH-MS,FIELD,S9(09) COMP-3,PACKED,5,5,Time value with millisecond precision (USAGE COMP-3),WS-VARIABLES,'+/-999999999,10,0,YES,COMP-3,,,,,WS-VARIABLES,224,NO,,NO,,,,YES
COPAUA0C,WS-OPTIONS,FIELD,S9(9) BINARY,BINARY,5,4,MQ Series options flags for message operations (USAGE BINARY),WS-VARIABLES,'+/-999999999,10,0,YES,BINARY,,,,,WS-VARIABLES,229,NO,,NO,,,,YES
COPAUA0C,WS-COMPCODE,FIELD,S9(9) BINARY,BINARY,5,4,MQ Series completion code from API calls (USAGE BINARY),WS-VARIABLES,'+/-999999999,10,0,YES,BINARY,,,,,WS-VARIABLES,233,NO,,NO,,,,YES
COPAUA0C,WS-REASON,FIELD,S9(9) BINARY,BINARY,5,4,MQ Series reason code for error handling (USAGE BINARY),WS-VARIABLES,'+/-999999999,10,0,YES,BINARY,,,,,WS-VARIABLES,237,NO,,NO,,,,YES
COPAUA0C,WS-WAIT-INTERVAL,FIELD,S9(9) BINARY,BINARY,5,4,Wait interval in milliseconds for MQ operations (USAGE BINARY),WS-VARIABLES,'+/-999999999,10,0,YES,BINARY,,,,,WS-VARIABLES,241,NO,,NO,,,,YES
COPAUA0C,WS-CODE-DISPLAY,FIELD,9(9),NUMERIC,5,9,Numeric display version of completion code,WS-VARIABLES,999999999,9,0,NO,DISPLAY,,,,,WS-VARIABLES,245,NO,,NO,,,,YES
COPAUA0C,WS-AVAILABLE-AMT,FIELD,S9(09)V99 COMP-3,PACKED,5,6,Available account balance amount in dollars and cents (USAGE COMP-3),WS-VARIABLES,'+/-999999999.99,13,2,YES,COMP-3,,,,,WS-VARIABLES,254,NO,,NO,,,,YES
COPAUA0C,WS-TRANSACTION-AMT-AN,FIELD,X(13),ALPHANUMERIC,5,13,Transaction amount in alphanumeric format,WS-VARIABLES,X(13),13,0,NO,DISPLAY,,,,,WS-VARIABLES,260,NO,,NO,,,,YES
COPAUA0C,WS-TRANSACTION-AMT,FIELD,S9(10)V99,DECIMAL,5,12,Transaction amount in numeric format with two decimal places,WS-VARIABLES,'+/-9999999999.99,14,2,YES,DISPLAY,,,,,WS-VARIABLES,273,NO,,NO,,,,YES
COPAUA0C,WS-APPROVED-AMT,FIELD,S9(10)V99,DECIMAL,5,12,Approved transaction amount in numeric format with two decimal places,WS-VARIABLES,'+/-9999999999.99,14,2,YES,DISPLAY,,,,,WS-VARIABLES,285,NO,,NO,,,,YES
COPAUA0C,WS-APPROVED-AMT-DIS,FIELD,'-ZZZZZZZZZ9.99,DECIMAL,5,14,Approved amount formatted for display with leading minus sign and decimal places,WS-VARIABLES,'-ZZZZZZZZZ9.99,14,2,YES,DISPLAY,,,,,WS-VARIABLES,297,NO,,NO,,,,YES
COPAUA0C,WS-TRIGGER-DATA,FIELD,X(64),ALPHANUMERIC,5,64,Trigger event data payload from MQ message,WS-VARIABLES,X(64),64,0,NO,DISPLAY,,,,,WS-VARIABLES,311,NO,,NO,,,,YES
COPAUA0C,WS-XREF-RID,GROUP,N/A,GROUP,5,36,Cross-reference record identifier group containing card and account information,WS-VARIABLES,N/A,0,0,NO,DISPLAY,,,,,WS-VARIABLES,375,NO,,NO,,,,YES
COPAUA0C,WS-CARD-RID-CARDNUM,FIELD,X(16),ALPHANUMERIC,10,16,Card number from cross-reference record,WS-XREF-RID,X(16),16,0,NO,DISPLAY,,,,,WS-VARIABLES,375,NO,,NO,,,,YES
COPAUA0C,WS-CARD-RID-CUST-ID,FIELD,9(09),NUMERIC,10,9,Customer identifier from cross-reference record in numeric format,WS-XREF-RID,999999999,9,0,NO,DISPLAY,,,,,WS-VARIABLES,391,NO,,NO,,,,YES
COPAUA0C,WS-CARD-RID-CUST-ID-X,FIELD,X(09),ALPHANUMERIC,10,9,Customer identifier from cross-reference record in character format (REDEFINES WS-CARD-RID-CUST-ID),WS-XREF-RID,X(9),9,0,NO,DISPLAY,,,,WS-CARD-RID-CUST-ID,WS-VARIABLES,391,NO,,NO,,,,YES
COPAUA0C,WS-CARD-RID-ACCT-ID,FIELD,9(11),NUMERIC,10,11,Account identifier from cross-reference record in numeric format,WS-XREF-RID,99999999999,11,0,NO,DISPLAY,,,,,WS-VARIABLES,400,NO,,NO,,,,YES
COPAUA0C,WS-CARD-RID-ACCT-ID-X,FIELD,X(11),ALPHANUMERIC,10,11,Account identifier from cross-reference record in character format (REDEFINES WS-CARD-RID-ACCT-ID),WS-XREF-RID,X(11),11,0,NO,DISPLAY,,,,WS-CARD-RID-ACCT-ID,WS-VARIABLES,400,NO,,NO,,,,YES
COPAUA0C,WS-IMS-VARIABLES,RECORD,N/A,GROUP,1,13,Working storage variables group for IMS database operations,WS-IMS-VARIABLES,N/A,0,0,NO,DISPLAY,,,,,WS-IMS-VARIABLES,1,NO,,NO,,,,YES
COPAUA0C,PSB-NAME,FIELD,X(8),ALPHANUMERIC,5,8,IMS Program Specification Block name for database access (VALUE 'PSBPAUTB'),WS-IMS-VARIABLES,X(8),8,0,NO,DISPLAY,,,,,WS-IMS-VARIABLES,1,NO,,NO,'PSBPAUTB',,,YES
COPAUA0C,PCB-OFFSET,GROUP,N/A,GROUP,5,2,Program Control Block offset group for IMS segment navigation,WS-IMS-VARIABLES,N/A,0,0,NO,DISPLAY,,,,,WS-IMS-VARIABLES,9,NO,,NO,,,,YES
COPAUA0C,PAUT-PCB-NUM,FIELD,S9(4) COMP,BINARY,10,2,"Program Control Block number for pending authorization segment (USAGE COMP, VALUE +1)",PCB-OFFSET,'+/-9999,5,0,YES,COMP,,,,,WS-IMS-VARIABLES,9,NO,,NO,'+1,,,YES
COPAUA0C,IMS-RETURN-CODE,FIELD,X(02),ALPHANUMERIC,5,2,IMS database operation return status code,WS-IMS-VARIABLES,X(2),2,0,NO,DISPLAY,,,,,WS-IMS-VARIABLES,11,NO,,NO,,,,YES
COPAUA0C,STATUS-OK,CONDITION,N/A,DISPLAY,88,0,"Condition: IMS operation completed successfully (VALUE '  ', 'FW')",IMS-RETURN-CODE,N/A,0,0,NO,DISPLAY,,,,,WS-IMS-VARIABLES,11,NO,,NO,,"'  ', 'FW'",,YES
COPAUA0C,SEGMENT-NOT-FOUND,CONDITION,N/A,DISPLAY,88,0,Condition: requested IMS segment not found in database (VALUE 'GE'),IMS-RETURN-CODE,N/A,0,0,NO,DISPLAY,,,,,WS-IMS-VARIABLES,11,NO,,NO,,'GE',,YES
COPAUA0C,DUPLICATE-SEGMENT-FOUND,CONDITION,N/A,DISPLAY,88,0,Condition: duplicate segment encountered in IMS database (VALUE 'II'),IMS-RETURN-CODE,N/A,0,0,NO,DISPLAY,,,,,WS-IMS-VARIABLES,11,NO,,NO,,'II',,YES
COPAUA0C,WRONG-PARENTAGE,CONDITION,N/A,DISPLAY,88,0,Condition: segment parent-child relationship invalid in IMS (VALUE 'GP'),IMS-RETURN-CODE,N/A,0,0,NO,DISPLAY,,,,,WS-IMS-VARIABLES,11,NO,,NO,,'GP',,YES
COPAUA0C,END-OF-DB,CONDITION,N/A,DISPLAY,88,0,Condition: end of database reached during IMS sequential read (VALUE 'GB'),IMS-RETURN-CODE,N/A,0,0,NO,DISPLAY,,,,,WS-IMS-VARIABLES,11,NO,,NO,,'GB',,YES
COPAUA0C,DATABASE-UNAVAILABLE,CONDITION,N/A,DISPLAY,88,0,Condition: IMS database unavailable or offline (VALUE 'BA'),IMS-RETURN-CODE,N/A,0,0,NO,DISPLAY,,,,,WS-IMS-VARIABLES,11,NO,,NO,,'BA',,YES
COPAUA0C,PSB-SCHEDULED-MORE-THAN-ONCE,CONDITION,N/A,DISPLAY,88,0,Condition: PSB scheduled multiple times concurrently (VALUE 'TC'),IMS-RETURN-CODE,N/A,0,0,NO,DISPLAY,,,,,WS-IMS-VARIABLES,11,NO,,NO,,'TC',,YES
COPAUA0C,COULD-NOT-SCHEDULE-PSB,CONDITION,N/A,DISPLAY,88,0,Condition: PSB scheduling failed (VALUE 'TE'),IMS-RETURN-CODE,N/A,0,0,NO,DISPLAY,,,,,WS-IMS-VARIABLES,11,NO,,NO,,'TE',,YES
COPAUA0C,RETRY-CONDITION,CONDITION,N/A,DISPLAY,88,0,"Condition: IMS operation should be retried (VALUE 'BA', 'FH', 'TE')",IMS-RETURN-CODE,N/A,0,0,NO,DISPLAY,,,,,WS-IMS-VARIABLES,11,NO,,NO,,"'BA', 'FH', 'TE'",,YES
COPAUA0C,WS-IMS-PSB-SCHD-FLG,FIELD,X(1),ALPHANUMERIC,5,1,IMS Program Specification Block scheduling status flag,WS-IMS-VARIABLES,X,1,0,NO,DISPLAY,,,,,WS-IMS-VARIABLES,13,NO,,NO,,,,YES
COPAUA0C,IMS-PSB-SCHD,CONDITION,N/A,DISPLAY,88,0,Condition: PSB successfully scheduled for database access (VALUE 'Y'),WS-IMS-PSB-SCHD-FLG,N/A,0,0,NO,DISPLAY,,,,,WS-IMS-VARIABLES,13,NO,,NO,,'Y',,YES
COPAUA0C,IMS-PSB-NOT-SCHD,CONDITION,N/A,DISPLAY,88,0,Condition: PSB not scheduled or scheduling failed (VALUE 'N'),WS-IMS-PSB-SCHD-FLG,N/A,0,0,NO,DISPLAY,,,,,WS-IMS-VARIABLES,13,NO,,NO,,'N',,YES
COPAUA0C,W01-HCONN-REQUEST,FIELD,S9(9) BINARY,BINARY,1,4,"MQ Series connection handle for request queue operations (USAGE BINARY, VALUE ZERO)",W01-HCONN-REQUEST,'+/-999999999,10,0,YES,BINARY,,,,,W01-HCONN-REQUEST,1,NO,,NO,ZERO,,,YES
COPAUA0C,W01-HOBJ-REQUEST,FIELD,S9(9) BINARY,BINARY,1,4,MQ Series object handle for request queue,W01-HOBJ-REQUEST,'+/-999999999,10,0,YES,BINARY,,,,,W01-HOBJ-REQUEST,1,NO,,NO,,,,YES
COPAUA0C,W01-BUFFLEN,FIELD,S9(9) BINARY,BINARY,1,4,Buffer length for request message retrieval (USAGE BINARY),W01-BUFFLEN,'+/-999999999,10,0,YES,BINARY,,,,,W01-BUFFLEN,1,NO,,NO,,,,YES
COPAUA0C,W01-DATALEN,FIELD,S9(9) BINARY,BINARY,1,4,Actual data length of request message received (USAGE BINARY),W01-DATALEN,'+/-999999999,10,0,YES,BINARY,,,,,W01-DATALEN,1,NO,,NO,,,,YES
COPAUA0C,W01-GET-BUFFER,FIELD,X(500),ALPHANUMERIC,1,500,Input buffer for receiving authorization request messages,W01-GET-BUFFER,X(500),500,0,NO,DISPLAY,,,,,W01-GET-BUFFER,1,NO,,NO,,,,YES
COPAUA0C,W02-HCONN-REPLY,FIELD,S9(9) BINARY,BINARY,1,4,"MQ Series connection handle for reply queue operations (USAGE BINARY, VALUE ZERO)",W02-HCONN-REPLY,'+/-999999999,10,0,YES,BINARY,,,,,W02-HCONN-REPLY,1,NO,,NO,ZERO,,,YES
COPAUA0C,W02-BUFFLEN,FIELD,S9(9) BINARY,BINARY,1,4,Buffer length for reply message transmission (USAGE BINARY),W02-BUFFLEN,'+/-999999999,10,0,YES,BINARY,,,,,W02-BUFFLEN,1,NO,,NO,,,,YES
COPAUA0C,W02-DATALEN,FIELD,S9(9) BINARY,BINARY,1,4,Actual data length of reply message to be sent (USAGE BINARY),W02-DATALEN,'+/-999999999,10,0,YES,BINARY,,,,,W02-DATALEN,1,NO,,NO,,,,YES
COPAUA0C,W02-PUT-BUFFER,FIELD,X(200),ALPHANUMERIC,1,200,Output buffer for sending authorization response messages,W02-PUT-BUFFER,X(200),200,0,NO,DISPLAY,,,,,W02-PUT-BUFFER,1,NO,,NO,,,,YES
COPAUA0C,WS-SWITCHES,RECORD,N/A,GROUP,1,11,Program control switches and status flags group,WS-SWITCHES,N/A,0,0,NO,DISPLAY,,,,,WS-SWITCHES,1,NO,,NO,,,,YES
COPAUA0C,WS-AUTH-RESP-FLG,FIELD,X(01),ALPHANUMERIC,5,1,Authorization response decision flag,WS-SWITCHES,X,1,0,NO,DISPLAY,,,,,WS-SWITCHES,1,NO,,NO,,,,YES
COPAUA0C,AUTH-RESP-APPROVED,CONDITION,N/A,DISPLAY,88,0,Condition: authorization request approved (VALUE 'A'),WS-AUTH-RESP-FLG,N/A,0,0,NO,DISPLAY,,,,,WS-SWITCHES,1,NO,,NO,,'A',,YES
COPAUA0C,AUTH-RESP-DECLINED,CONDITION,N/A,DISPLAY,88,0,Condition: authorization request declined (VALUE 'D'),WS-AUTH-RESP-FLG,N/A,0,0,NO,DISPLAY,,,,,WS-SWITCHES,1,NO,,NO,,'D',,YES
COPAUA0C,WS-MSG-LOOP-FLG,FIELD,X(01),ALPHANUMERIC,5,1,Message processing loop control flag (VALUE 'N'),WS-SWITCHES,X,1,0,NO,DISPLAY,,,,,WS-SWITCHES,2,NO,,NO,'N',,,YES
COPAUA0C,WS-LOOP-END,CONDITION,N/A,DISPLAY,88,0,Condition: message processing loop should terminate (VALUE 'E'),WS-MSG-LOOP-FLG,N/A,0,0,NO,DISPLAY,,,,,WS-SWITCHES,2,NO,,NO,,'E',,YES
COPAUA0C,WS-MSG-AVAILABLE-FLG,FIELD,X(01),ALPHANUMERIC,5,1,Message availability indicator flag (VALUE 'M'),WS-SWITCHES,X,1,0,NO,DISPLAY,,,,,WS-SWITCHES,3,NO,,NO,'M',,,YES
COPAUA0C,NO-MORE-MSG-AVAILABLE,CONDITION,N/A,DISPLAY,88,0,Condition: no additional messages available in queue (VALUE 'N'),WS-MSG-AVAILABLE-FLG,N/A,0,0,NO,DISPLAY,,,,,WS-SWITCHES,3,NO,,NO,,'N',,YES
COPAUA0C,MORE-MSG-AVAILABLE,CONDITION,N/A,DISPLAY,88,0,Condition: more messages available for processing (VALUE 'M'),WS-MSG-AVAILABLE-FLG,N/A,0,0,NO,DISPLAY,,,,,WS-SWITCHES,3,NO,,NO,,'M',,YES
COPAUA0C,WS-REQUEST-MQ-FLG,FIELD,X(01),ALPHANUMERIC,5,1,Request queue MQ connection status flag (VALUE 'C'),WS-SWITCHES,X,1,0,NO,DISPLAY,,,,,WS-SWITCHES,4,NO,,NO,'C',,,YES
COPAUA0C,WS-REQUEST-MQ-OPEN,CONDITION,N/A,DISPLAY,88,0,Condition: request queue MQ connection is open (VALUE 'O'),WS-REQUEST-MQ-FLG,N/A,0,0,NO,DISPLAY,,,,,WS-SWITCHES,4,NO,,NO,,'O',,YES
COPAUA0C,WS-REQUEST-MQ-CLSE,CONDITION,N/A,DISPLAY,88,0,Condition: request queue MQ connection is closed (VALUE 'C'),WS-REQUEST-MQ-FLG,N/A,0,0,NO,DISPLAY,,,,,WS-SWITCHES,4,NO,,NO,,'C',,YES
COPAUA0C,WS-REPLY-MQ-FLG,FIELD,X(01),ALPHANUMERIC,5,1,Reply queue MQ connection status flag (VALUE 'C'),WS-SWITCHES,X,1,0,NO,DISPLAY,,,,,WS-SWITCHES,5,NO,,NO,'C',,,YES
COPAUA0C,WS-REPLY-MQ-OPEN,CONDITION,N/A,DISPLAY,88,0,Condition: reply queue MQ connection is open (VALUE 'O'),WS-REPLY-MQ-FLG,N/A,0,0,NO,DISPLAY,,,,,WS-SWITCHES,5,NO,,NO,,'O',,YES
COPAUA0C,WS-REPLY-MQ-CLSE,CONDITION,N/A,DISPLAY,88,0,Condition: reply queue MQ connection is closed (VALUE 'C'),WS-REPLY-MQ-FLG,N/A,0,0,NO,DISPLAY,,,,,WS-SWITCHES,5,NO,,NO,,'C',,YES
COPAUA0C,WS-XREF-READ-FLG,FIELD,X(1),ALPHANUMERIC,5,1,Cross-reference file read result flag,WS-SWITCHES,X,1,0,NO,DISPLAY,,,,,WS-SWITCHES,6,NO,,NO,,,,YES
COPAUA0C,CARD-NFOUND-XREF,CONDITION,N/A,DISPLAY,88,0,Condition: card not found in cross-reference file (VALUE 'N'),WS-XREF-READ-FLG,N/A,0,0,NO,DISPLAY,,,,,WS-SWITCHES,6,NO,,NO,,'N',,YES
COPAUA0C,CARD-FOUND-XREF,CONDITION,N/A,DISPLAY,88,0,Condition: card found in cross-reference file (VALUE 'Y'),WS-XREF-READ-FLG,N/A,0,0,NO,DISPLAY,,,,,WS-SWITCHES,6,NO,,NO,,'Y',,YES
COPAUA0C,WS-ACCT-MASTER-READ-FLG,FIELD,X(1),ALPHANUMERIC,5,1,Account master file read result flag,WS-SWITCHES,X,1,0,NO,DISPLAY,,,,,WS-SWITCHES,7,NO,,NO,,,,YES
COPAUA0C,FOUND-ACCT-IN-MSTR,CONDITION,N/A,DISPLAY,88,0,Condition: account found in master file (VALUE 'Y'),WS-ACCT-MASTER-READ-FLG,N/A,0,0,NO,DISPLAY,,,,,WS-SWITCHES,7,NO,,NO,,'Y',,YES
COPAUA0C,NFOUND-ACCT-IN-MSTR,CONDITION,N/A,DISPLAY,88,0,Condition: account not found in master file (VALUE 'N'),WS-ACCT-MASTER-READ-FLG,N/A,0,0,NO,DISPLAY,,,,,WS-SWITCHES,7,NO,,NO,,'N',,YES
COPAUA0C,WS-CUST-MASTER-READ-FLG,FIELD,X(1),ALPHANUMERIC,5,1,Customer master file read result flag,WS-SWITCHES,X,1,0,NO,DISPLAY,,,,,WS-SWITCHES,8,NO,,NO,,,,YES
COPAUA0C,FOUND-CUST-IN-MSTR,CONDITION,N/A,DISPLAY,88,0,Condition: customer found in master file (VALUE 'Y'),WS-CUST-MASTER-READ-FLG,N/A,0,0,NO,DISPLAY,,,,,WS-SWITCHES,8,NO,,NO,,'Y',,YES
COPAUA0C,NFOUND-CUST-IN-MSTR,CONDITION,N/A,DISPLAY,88,0,Condition: customer not found in master file (VALUE 'N'),WS-CUST-MASTER-READ-FLG,N/A,0,0,NO,DISPLAY,,,,,WS-SWITCHES,8,NO,,NO,,'N',,YES
COPAUA0C,WS-PAUT-SMRY-SEG-FLG,FIELD,X(1),ALPHANUMERIC,5,1,Pending authorization summary segment read result flag,WS-SWITCHES,X,1,0,NO,DISPLAY,,,,,WS-SWITCHES,9,NO,,NO,,,,YES
COPAUA0C,FOUND-PAUT-SMRY-SEG,CONDITION,N/A,DISPLAY,88,0,Condition: pending authorization summary segment found (VALUE 'Y'),WS-PAUT-SMRY-SEG-FLG,N/A,0,0,NO,DISPLAY,,,,,WS-SWITCHES,9,NO,,NO,,'Y',,YES
COPAUA0C,NFOUND-PAUT-SMRY-SEG,CONDITION,N/A,DISPLAY,88,0,Condition: pending authorization summary segment not found (VALUE 'N'),WS-PAUT-SMRY-SEG-FLG,N/A,0,0,NO,DISPLAY,,,,,WS-SWITCHES,9,NO,,NO,,'N',,YES
COPAUA0C,WS-DECLINE-FLG,FIELD,X(1),ALPHANUMERIC,5,1,Authorization approval or decline decision flag,WS-SWITCHES,X,1,0,NO,DISPLAY,,,,,WS-SWITCHES,10,NO,,NO,,,,YES
COPAUA0C,APPROVE-AUTH,CONDITION,N/A,DISPLAY,88,0,Condition: authorization approved (VALUE 'A'),WS-DECLINE-FLG,N/A,0,0,NO,DISPLAY,,,,,WS-SWITCHES,10,NO,,NO,,'A',,YES
COPAUA0C,DECLINE-AUTH,CONDITION,N/A,DISPLAY,88,0,Condition: authorization declined (VALUE 'D'),WS-DECLINE-FLG,N/A,0,0,NO,DISPLAY,,,,,WS-SWITCHES,10,NO,,NO,,'D',,YES
COPAUA0C,WS-DECLINE-REASON-FLG,FIELD,X(1),ALPHANUMERIC,5,1,Reason code for authorization decline flag,WS-SWITCHES,X,1,0,NO,DISPLAY,,,,,WS-SWITCHES,11,NO,,NO,,,,YES
COPAUA0C,INSUFFICIENT-FUND,CONDITION,N/A,DISPLAY,88,0,Condition: authorization declined due to insufficient funds (VALUE 'I'),WS-DECLINE-REASON-FLG,N/A,0,0,NO,DISPLAY,,,,,WS-SWITCHES,11,NO,,NO,,'I',,YES
COPAUA0C,CARD-NOT-ACTIVE,CONDITION,N/A,DISPLAY,88,0,Condition: authorization declined because card is not active (VALUE 'A'),WS-DECLINE-REASON-FLG,N/A,0,0,NO,DISPLAY,,,,,WS-SWITCHES,11,NO,,NO,,'A',,YES
COPAUA0C,ACCOUNT-CLOSED,CONDITION,N/A,DISPLAY,88,0,Condition: authorization declined because account is closed (VALUE 'C'),WS-DECLINE-REASON-FLG,N/A,0,0,NO,DISPLAY,,,,,WS-SWITCHES,11,NO,,NO,,'C',,YES
COPAUA0C,CARD-FRAUD,CONDITION,N/A,DISPLAY,88,0,Condition: authorization declined due to suspected card fraud (VALUE 'F'),WS-DECLINE-REASON-FLG,N/A,0,0,NO,DISPLAY,,,,,WS-SWITCHES,11,NO,,NO,,'F',,YES
COPAUA0C,MERCHANT-FRAUD,CONDITION,N/A,DISPLAY,88,0,Condition: authorization declined due to suspected merchant fraud (VALUE 'M'),WS-DECLINE-REASON-FLG,N/A,0,0,NO,DISPLAY,,,,,WS-SWITCHES,11,NO,,NO,,'M',,YES
COPAUA0C,MQM-OD-REQUEST,RECORD,N/A,GROUP,1,0,MQ Series object descriptor for request queue operations,MQM-OD-REQUEST,N/A,0,0,NO,DISPLAY,,,,,MQM-OD-REQUEST,1,NO,,NO,,,,YES
COPAUA0C,MQM-MD-REQUEST,RECORD,N/A,GROUP,1,0,MQ Series message descriptor for request messages,MQM-MD-REQUEST,N/A,0,0,NO,DISPLAY,,,,,MQM-MD-REQUEST,1,NO,,NO,,,,YES
COPAUA0C,MQM-OD-REPLY,RECORD,N/A,GROUP,1,0,MQ Series object descriptor for reply queue operations,MQM-OD-REPLY,N/A,0,0,NO,DISPLAY,,,,,MQM-OD-REPLY,1,NO,,NO,,,,YES
COPAUA0C,MQM-MD-REPLY,RECORD,N/A,GROUP,1,0,MQ Series message descriptor for reply messages,MQM-MD-REPLY,N/A,0,0,NO,DISPLAY,,,,,MQM-MD-REPLY,1,NO,,NO,,,,YES
COPAUA0C,MQM-CONSTANTS,RECORD,N/A,GROUP,1,0,MQ Series constant values group,MQM-CONSTANTS,N/A,0,0,NO,DISPLAY,,,,,MQM-CONSTANTS,1,NO,,NO,,,,YES
COPAUA0C,MQM-TRIGGER-DATA,RECORD,N/A,GROUP,1,0,MQ Series trigger event data structure,MQM-TRIGGER-DATA,N/A,0,0,NO,DISPLAY,,,,,MQM-TRIGGER-DATA,1,NO,,NO,,,,YES
COPAUA0C,MQM-PUT-MESSAGE-OPTIONS,RECORD,N/A,GROUP,1,0,MQ Series options for put message operations,MQM-PUT-MESSAGE-OPTIONS,N/A,0,0,NO,DISPLAY,,,,,MQM-PUT-MESSAGE-OPTIONS,1,NO,,NO,,,,YES
COPAUA0C,MQM-GET-MESSAGE-OPTIONS,RECORD,N/A,GROUP,1,0,MQ Series options for get message operations,MQM-GET-MESSAGE-OPTIONS,N/A,0,0,NO,DISPLAY,,,,,MQM-GET-MESSAGE-OPTIONS,1,NO,,NO,,,,YES
COPAUA0C,PENDING-AUTH-REQUEST,RECORD,N/A,GROUP,1,0,Pending authorization request message structure,PENDING-AUTH-REQUEST,N/A,0,0,NO,DISPLAY,,,,,PENDING-AUTH-REQUEST,1,NO,,NO,,,,YES
COPAUA0C,PENDING-AUTH-RESPONSE,RECORD,N/A,GROUP,1,0,Pending authorization response message structure,PENDING-AUTH-RESPONSE,N/A,0,0,NO,DISPLAY,,,,,PENDING-AUTH-RESPONSE,1,NO,,NO,,,,YES
COPAUA0C,PENDING-AUTH-SUMMARY,RECORD,N/A,GROUP,1,0,Pending authorization summary segment from IMS database,PENDING-AUTH-SUMMARY,N/A,0,0,NO,DISPLAY,,,,,PENDING-AUTH-SUMMARY,1,NO,,NO,,,,YES
COPAUA0C,PENDING-AUTH-DETAILS,RECORD,N/A,GROUP,1,0,Pending authorization detail segment from IMS database,PENDING-AUTH-DETAILS,N/A,0,0,NO,DISPLAY,,,,,PENDING-AUTH-DETAILS,1,NO,,NO,,,,YES
COPAUA0C,DFHCOMMAREA,RECORD,N/A,GROUP,1,4096,CICS communication area for inter-program data passing,DFHCOMMAREA,N/A,0,0,NO,DISPLAY,,,,,DFHCOMMAREA,1,NO,,NO,,,,YES
COPAUA0C,LK-COMMAREA,FIELD,X(4096),ALPHANUMERIC,5,4096,CICS communication area buffer for program linkage,DFHCOMMAREA,X(4096),4096,0,NO,DISPLAY,,,,,DFHCOMMAREA,1,NO,,NO,,,,YES
PAUDBLOD,INFIL1-REC,FIELD,X(100),ALPHANUMERIC,1,100,Input file 1 record buffer (PIC X(100)),INFIL1-REC,X(100),100,0,NO,DISPLAY,,,,,INFIL1-REC,1,NO,,NO,,,,YES
PAUDBLOD,INFIL2-REC,RECORD,N/A,GROUP,1,206,Input file record structure for secondary input file processing,INFIL2-REC,N/A,0,0,NO,DISPLAY,,,,,INFIL2-REC,1,NO,,NO,,,,YES
PAUDBLOD,ROOT-SEG-KEY,FIELD,S9(11) COMP-3,PACKED,5,6,Root segment key identifier (PIC S9(11) COMP-3),INFIL2-REC,'+/-99999999999,12,0,YES,COMP-3,,,,,INFIL2-REC,1,NO,,NO,,,,YES
PAUDBLOD,CHILD-SEG-REC,FIELD,X(200),ALPHANUMERIC,5,200,Child segment record buffer (PIC X(200)),INFIL2-REC,X(200),200,0,NO,DISPLAY,,,,,INFIL2-REC,7,NO,,NO,,,,YES
PAUDBLOD,WS-VARIABLES,RECORD,N/A,GROUP,1,100,Working storage group for general-purpose variables and processing flags,WS-VARIABLES,N/A,0,0,NO,DISPLAY,,,,,WS-VARIABLES,1,NO,,NO,,,,YES
PAUDBLOD,WS-PGMNAME,FIELD,X(08),ALPHANUMERIC,5,8,Program name identifier (PIC X(08) VALUE 'IMSUNLOD'),WS-VARIABLES,X(8),8,0,NO,DISPLAY,,,,,WS-VARIABLES,1,NO,,NO,'IMSUNLOD',,,YES
PAUDBLOD,CURRENT-DATE,FIELD,9(06),NUMERIC,5,6,Current date in YYMMDD format (PIC 9(06)),WS-VARIABLES,999999,6,0,NO,DISPLAY,,,,,WS-VARIABLES,9,NO,,NO,,,,YES
PAUDBLOD,CURRENT-YYDDD,FIELD,9(05),NUMERIC,5,5,Current date in YYDDD format (PIC 9(05)),WS-VARIABLES,99999,5,0,NO,DISPLAY,,,,,WS-VARIABLES,15,NO,,NO,,,,YES
PAUDBLOD,WS-AUTH-DATE,FIELD,9(05),NUMERIC,5,5,Authorization date in YYDDD format (PIC 9(05)),WS-VARIABLES,99999,5,0,NO,DISPLAY,,,,,WS-VARIABLES,20,NO,,NO,,,,YES
PAUDBLOD,WS-EXPIRY-DAYS,FIELD,S9(4) COMP,BINARY,5,2,Number of days until authorization expiry (PIC S9(4) COMP),WS-VARIABLES,'+/-9999,5,0,YES,COMP,,,,,WS-VARIABLES,25,NO,,NO,,,,YES
PAUDBLOD,WS-DAY-DIFF,FIELD,S9(4) COMP,BINARY,5,2,Difference in days calculation work field (PIC S9(4) COMP),WS-VARIABLES,'+/-9999,5,0,YES,COMP,,,,,WS-VARIABLES,27,NO,,NO,,,,YES
PAUDBLOD,IDX,FIELD,S9(4) COMP,BINARY,5,2,Index counter for array or loop processing (PIC S9(4) COMP),WS-VARIABLES,'+/-9999,5,0,YES,COMP,,,,,WS-VARIABLES,29,NO,,NO,,,,YES
PAUDBLOD,WS-CURR-APP-ID,FIELD,9(11),NUMERIC,5,11,Current application identifier (PIC 9(11)),WS-VARIABLES,99999999999,11,0,NO,DISPLAY,,,,,WS-VARIABLES,31,NO,,NO,,,,YES
PAUDBLOD,WS-NO-CHKP,FIELD,9(8),NUMERIC,5,8,Checkpoint counter (PIC 9(8) VALUE 0),WS-VARIABLES,99999999,8,0,NO,DISPLAY,,,,,WS-VARIABLES,42,NO,,NO,0,,,YES
PAUDBLOD,WS-AUTH-SMRY-PROC-CNT,FIELD,9(8),NUMERIC,5,8,Authorization summary record processing count (PIC 9(8) VALUE 0),WS-VARIABLES,99999999,8,0,NO,DISPLAY,,,,,WS-VARIABLES,50,NO,,NO,0,,,YES
PAUDBLOD,WS-TOT-REC-WRITTEN,FIELD,S9(8) COMP,BINARY,5,4,Total records written output count (PIC S9(8) COMP VALUE 0),WS-VARIABLES,'+/-99999999,9,0,YES,COMP,,,,,WS-VARIABLES,58,NO,,NO,0,,,YES
PAUDBLOD,WS-NO-SUMRY-READ,FIELD,S9(8) COMP,BINARY,5,4,Summary records read count (PIC S9(8) COMP VALUE 0),WS-VARIABLES,'+/-99999999,9,0,YES,COMP,,,,,WS-VARIABLES,62,NO,,NO,0,,,YES
PAUDBLOD,WS-NO-SUMRY-DELETED,FIELD,S9(8) COMP,BINARY,5,4,Summary records deleted count (PIC S9(8) COMP VALUE 0),WS-VARIABLES,'+/-99999999,9,0,YES,COMP,,,,,WS-VARIABLES,66,NO,,NO,0,,,YES
PAUDBLOD,WS-NO-DTL-READ,FIELD,S9(8) COMP,BINARY,5,4,Detail records read count (PIC S9(8) COMP VALUE 0),WS-VARIABLES,'+/-99999999,9,0,YES,COMP,,,,,WS-VARIABLES,70,NO,,NO,0,,,YES
PAUDBLOD,WS-NO-DTL-DELETED,FIELD,S9(8) COMP,BINARY,5,4,Detail records deleted count (PIC S9(8) COMP VALUE 0),WS-VARIABLES,'+/-99999999,9,0,YES,COMP,,,,,WS-VARIABLES,74,NO,,NO,0,,,YES
PAUDBLOD,WS-ERR-FLG,FIELD,X(01),ALPHANUMERIC,5,1,Error flag indicator (PIC X(01) VALUE 'N'),WS-VARIABLES,X,1,0,NO,DISPLAY,,,,,WS-VARIABLES,78,NO,,NO,'N',,,YES
PAUDBLOD,ERR-FLG-ON,CONDITION,N/A,DISPLAY,88,0,Condition: error flag is on (VALUE 'Y'),WS-ERR-FLG,N/A,0,0,NO,DISPLAY,,,,,WS-VARIABLES,78,NO,,NO,,'Y',,YES
PAUDBLOD,ERR-FLG-OFF,CONDITION,N/A,DISPLAY,88,0,Condition: error flag is off (VALUE 'N'),WS-ERR-FLG,N/A,0,0,NO,DISPLAY,,,,,WS-VARIABLES,78,NO,,NO,,'N',,YES
PAUDBLOD,WS-END-OF-AUTHDB-FLAG,FIELD,X(01),ALPHANUMERIC,5,1,End of authorization database flag (PIC X(01) VALUE 'N'),WS-VARIABLES,X,1,0,NO,DISPLAY,,,,,WS-VARIABLES,79,NO,,NO,'N',,,YES
PAUDBLOD,END-OF-AUTHDB,CONDITION,N/A,DISPLAY,88,0,Condition: end of authorization database reached (VALUE 'Y'),WS-END-OF-AUTHDB-FLAG,N/A,0,0,NO,DISPLAY,,,,,WS-VARIABLES,79,NO,,NO,,'Y',,YES
PAUDBLOD,NOT-END-OF-AUTHDB,CONDITION,N/A,DISPLAY,88,0,Condition: not at end of authorization database (VALUE 'N'),WS-END-OF-AUTHDB-FLAG,N/A,0,0,NO,DISPLAY,,,,,WS-VARIABLES,79,NO,,NO,,'N',,YES
PAUDBLOD,WS-MORE-AUTHS-FLAG,FIELD,X(01),ALPHANUMERIC,5,1,More authorizations available flag (PIC X(01) VALUE 'N'),WS-VARIABLES,X,1,0,NO,DISPLAY,,,,,WS-VARIABLES,80,NO,,NO,'N',,,YES
PAUDBLOD,MORE-AUTHS,CONDITION,N/A,DISPLAY,88,0,Condition: more authorizations exist to process (VALUE 'Y'),WS-MORE-AUTHS-FLAG,N/A,0,0,NO,DISPLAY,,,,,WS-VARIABLES,80,NO,,NO,,'Y',,YES
PAUDBLOD,NO-MORE-AUTHS,CONDITION,N/A,DISPLAY,88,0,Condition: no more authorizations to process (VALUE 'N'),WS-MORE-AUTHS-FLAG,N/A,0,0,NO,DISPLAY,,,,,WS-VARIABLES,80,NO,,NO,,'N',,YES
PAUDBLOD,WS-END-OF-INFILE1,FIELD,X(01),ALPHANUMERIC,5,1,End of input file 1 flag (PIC X(01) VALUE SPACES),WS-VARIABLES,X,1,0,NO,DISPLAY,,,,,WS-VARIABLES,81,NO,,NO,SPACES,,,YES
PAUDBLOD,WS-END-OF-INFILE2,FIELD,X(01),ALPHANUMERIC,5,1,End of input file 2 flag (PIC X(01) VALUE SPACES),WS-VARIABLES,X,1,0,NO,DISPLAY,,,,,WS-VARIABLES,82,NO,,NO,SPACES,,,YES
PAUDBLOD,WS-INFILE-STATUS,FIELD,X(02),ALPHANUMERIC,5,2,Input file I/O status code (PIC X(02) VALUE SPACES),WS-VARIABLES,X(2),2,0,NO,DISPLAY,,,,,WS-VARIABLES,83,NO,,NO,SPACES,,,YES
PAUDBLOD,WS-INFIL1-STATUS,FIELD,X(02),ALPHANUMERIC,5,2,Input file 1 I/O status code (PIC X(02) VALUE SPACES),WS-VARIABLES,X(2),2,0,NO,DISPLAY,,,,,WS-VARIABLES,85,NO,,NO,SPACES,,,YES
PAUDBLOD,WS-INFIL2-STATUS,FIELD,X(02),ALPHANUMERIC,5,2,Input file 2 I/O status code (PIC X(02) VALUE SPACES),WS-VARIABLES,X(2),2,0,NO,DISPLAY,,,,,WS-VARIABLES,87,NO,,NO,SPACES,,,YES
PAUDBLOD,END-ROOT-SEG-FILE,FIELD,X(01),ALPHANUMERIC,5,1,End of root segment file flag (PIC X(01) VALUE SPACES),WS-VARIABLES,X,1,0,NO,DISPLAY,,,,,WS-VARIABLES,89,NO,,NO,SPACES,,,YES
PAUDBLOD,END-CHILD-SEG-FILE,FIELD,X(01),ALPHANUMERIC,5,1,End of child segment file flag (PIC X(01) VALUE SPACES),WS-VARIABLES,X,1,0,NO,DISPLAY,,,,,WS-VARIABLES,90,NO,,NO,SPACES,,,YES
PAUDBLOD,WS-CUSTID-STATUS,FIELD,X(02),ALPHANUMERIC,5,2,Customer ID file I/O status code (PIC X(02) VALUE SPACES),WS-VARIABLES,X(2),2,0,NO,DISPLAY,,,,,WS-VARIABLES,91,NO,,NO,SPACES,,,YES
PAUDBLOD,END-OF-FILE,CONDITION,N/A,DISPLAY,88,0,Condition: end of file reached (VALUE '10'),WS-CUSTID-STATUS,N/A,0,0,NO,DISPLAY,,,,,WS-VARIABLES,91,NO,,NO,,'10',,YES
PAUDBLOD,WK-CHKPT-ID,GROUP,N/A,GROUP,5,8,Checkpoint identifier group,WS-VARIABLES,N/A,0,0,NO,DISPLAY,,,,,WS-VARIABLES,93,NO,,NO,,,,YES
PAUDBLOD,FILLER-1,FIELD,X(04),ALPHANUMERIC,10,4,"Reserved placeholder field used for data structure alignment, padding, or holding constant values",WK-CHKPT-ID,X(4),4,0,NO,DISPLAY,,,,,WS-VARIABLES,93,NO,,NO,'RMAD',,,YES
PAUDBLOD,WK-CHKPT-ID-CTR,FIELD,9(04),NUMERIC,10,4,Checkpoint identifier counter (PIC 9(04) VALUE ZEROES),WK-CHKPT-ID,9999,4,0,NO,DISPLAY,,,,,WS-VARIABLES,97,NO,,NO,ZEROES,,,YES
PAUDBLOD,WS-IMS-VARIABLES,RECORD,N/A,GROUP,1,3,Working storage group for IMS-related variables and control fields,WS-IMS-VARIABLES,N/A,0,0,NO,DISPLAY,,,,,WS-IMS-VARIABLES,1,NO,,NO,,,,YES
PAUDBLOD,IMS-RETURN-CODE,FIELD,X(02),ALPHANUMERIC,5,2,IMS database return code (PIC X(02)),WS-IMS-VARIABLES,X(2),2,0,NO,DISPLAY,,,,,WS-IMS-VARIABLES,1,NO,,NO,,,,YES
PAUDBLOD,STATUS-OK,CONDITION,N/A,DISPLAY,88,0,"Condition: IMS operation successful (VALUE '  ', 'FW')",IMS-RETURN-CODE,N/A,0,0,NO,DISPLAY,,,,,WS-IMS-VARIABLES,1,NO,,NO,,"'  ', 'FW'",,YES
PAUDBLOD,SEGMENT-NOT-FOUND,CONDITION,N/A,DISPLAY,88,0,Condition: requested segment not found in database (VALUE 'GE'),IMS-RETURN-CODE,N/A,0,0,NO,DISPLAY,,,,,WS-IMS-VARIABLES,1,NO,,NO,,'GE',,YES
PAUDBLOD,DUPLICATE-SEGMENT-FOUND,CONDITION,N/A,DISPLAY,88,0,Condition: duplicate segment found in database (VALUE 'II'),IMS-RETURN-CODE,N/A,0,0,NO,DISPLAY,,,,,WS-IMS-VARIABLES,1,NO,,NO,,'II',,YES
PAUDBLOD,WRONG-PARENTAGE,CONDITION,N/A,DISPLAY,88,0,Condition: segment has incorrect parent relationship (VALUE 'GP'),IMS-RETURN-CODE,N/A,0,0,NO,DISPLAY,,,,,WS-IMS-VARIABLES,1,NO,,NO,,'GP',,YES
PAUDBLOD,END-OF-DB,CONDITION,N/A,DISPLAY,88,0,Condition: end of IMS database reached (VALUE 'GB'),IMS-RETURN-CODE,N/A,0,0,NO,DISPLAY,,,,,WS-IMS-VARIABLES,1,NO,,NO,,'GB',,YES
PAUDBLOD,DATABASE-UNAVAILABLE,CONDITION,N/A,DISPLAY,88,0,Condition: IMS database unavailable (VALUE 'BA'),IMS-RETURN-CODE,N/A,0,0,NO,DISPLAY,,,,,WS-IMS-VARIABLES,1,NO,,NO,,'BA',,YES
PAUDBLOD,PSB-SCHEDULED-MORE-THAN-ONCE,CONDITION,N/A,DISPLAY,88,0,Condition: PSB scheduled more than once (VALUE 'TC'),IMS-RETURN-CODE,N/A,0,0,NO,DISPLAY,,,,,WS-IMS-VARIABLES,1,NO,,NO,,'TC',,YES
PAUDBLOD,COULD-NOT-SCHEDULE-PSB,CONDITION,N/A,DISPLAY,88,0,Condition: unable to schedule PSB (VALUE 'TE'),IMS-RETURN-CODE,N/A,0,0,NO,DISPLAY,,,,,WS-IMS-VARIABLES,1,NO,,NO,,'TE',,YES
PAUDBLOD,RETRY-CONDITION,CONDITION,N/A,DISPLAY,88,0,"Condition: IMS operation should be retried (VALUE 'BA', 'FH', 'TE')",IMS-RETURN-CODE,N/A,0,0,NO,DISPLAY,,,,,WS-IMS-VARIABLES,1,NO,,NO,,"'BA', 'FH', 'TE'",,YES
PAUDBLOD,WS-IMS-PSB-SCHD-FLG,FIELD,X(1),ALPHANUMERIC,5,1,IMS PSB scheduling status flag (PIC X(1)),WS-IMS-VARIABLES,X,1,0,NO,DISPLAY,,,,,WS-IMS-VARIABLES,3,NO,,NO,,,,YES
PAUDBLOD,IMS-PSB-SCHD,CONDITION,N/A,DISPLAY,88,0,Condition: IMS PSB successfully scheduled (VALUE 'Y'),WS-IMS-PSB-SCHD-FLG,N/A,0,0,NO,DISPLAY,,,,,WS-IMS-VARIABLES,3,NO,,NO,,'Y',,YES
PAUDBLOD,IMS-PSB-NOT-SCHD,CONDITION,N/A,DISPLAY,88,0,Condition: IMS PSB not scheduled (VALUE 'N'),WS-IMS-PSB-SCHD-FLG,N/A,0,0,NO,DISPLAY,,,,,WS-IMS-VARIABLES,3,NO,,NO,,'N',,YES
PAUDBLOD,ROOT-QUAL-SSA,RECORD,N/A,GROUP,1,26,Qualified Segment Search Argument for root segment in IMS database navigation with selection criteria,ROOT-QUAL-SSA,N/A,0,0,NO,DISPLAY,,,,,ROOT-QUAL-SSA,1,NO,,NO,,,,YES
PAUDBLOD,QUAL-SSA-SEG-NAME,FIELD,X(08),ALPHANUMERIC,5,8,Qualified SSA segment name (PIC X(08) VALUE 'PAUTSUM0'),ROOT-QUAL-SSA,X(8),8,0,NO,DISPLAY,,,,,ROOT-QUAL-SSA,1,NO,,NO,'PAUTSUM0',,,YES
PAUDBLOD,FILLER-2,FIELD,X(01),ALPHANUMERIC,5,1,"Reserved placeholder field used for data structure alignment, padding, or holding constant values",ROOT-QUAL-SSA,X,1,0,NO,DISPLAY,,,,,ROOT-QUAL-SSA,9,NO,,NO,'(',,,YES
PAUDBLOD,QUAL-SSA-KEY-FIELD,FIELD,X(08),ALPHANUMERIC,5,8,Qualified SSA key field name (PIC X(08) VALUE 'ACCNTID '),ROOT-QUAL-SSA,X(8),8,0,NO,DISPLAY,,,,,ROOT-QUAL-SSA,10,NO,,NO,'ACCNTID ',,,YES
PAUDBLOD,QUAL-SSA-REL-OPER,FIELD,X(02),ALPHANUMERIC,5,2,Qualified SSA relational operator (PIC X(02) VALUE 'EQ'),ROOT-QUAL-SSA,X(2),2,0,NO,DISPLAY,,,,,ROOT-QUAL-SSA,18,NO,,NO,'EQ',,,YES
PAUDBLOD,QUAL-SSA-KEY-VALUE,FIELD,S9(11) COMP-3,PACKED,5,6,Qualified SSA key value for database search (PIC S9(11) COMP-3),ROOT-QUAL-SSA,'+/-99999999999,12,0,YES,COMP-3,,,,,ROOT-QUAL-SSA,20,NO,,NO,,,,YES
PAUDBLOD,FILLER-3,FIELD,X(01),ALPHANUMERIC,5,1,"Reserved placeholder field used for data structure alignment, padding, or holding constant values",ROOT-QUAL-SSA,X,1,0,NO,DISPLAY,,,,,ROOT-QUAL-SSA,26,NO,,NO,')',,,YES
PAUDBLOD,ROOT-UNQUAL-SSA,RECORD,N/A,GROUP,1,9,Unqualified Segment Search Argument for root segment in IMS database navigation,ROOT-UNQUAL-SSA,N/A,0,0,NO,DISPLAY,,,,,ROOT-UNQUAL-SSA,1,NO,,NO,,,,YES
PAUDBLOD,FILLER-4,FIELD,X(08),ALPHANUMERIC,5,8,"Reserved placeholder field used for data structure alignment, padding, or holding constant values",ROOT-UNQUAL-SSA,X(8),8,0,NO,DISPLAY,,,,,ROOT-UNQUAL-SSA,1,NO,,NO,'PAUTSUM0',,,YES
PAUDBLOD,FILLER-5,FIELD,X(01),ALPHANUMERIC,5,1,"Reserved placeholder field used for data structure alignment, padding, or holding constant values",ROOT-UNQUAL-SSA,X,1,0,NO,DISPLAY,,,,,ROOT-UNQUAL-SSA,9,NO,,NO,' ',,,YES
PAUDBLOD,CHILD-UNQUAL-SSA,RECORD,N/A,GROUP,1,9,Unqualified Segment Search Argument for child segment in IMS database navigation,CHILD-UNQUAL-SSA,N/A,0,0,NO,DISPLAY,,,,,CHILD-UNQUAL-SSA,1,NO,,NO,,,,YES
PAUDBLOD,FILLER-6,FIELD,X(08),ALPHANUMERIC,5,8,"Reserved placeholder field used for data structure alignment, padding, or holding constant values",CHILD-UNQUAL-SSA,X(8),8,0,NO,DISPLAY,,,,,CHILD-UNQUAL-SSA,1,NO,,NO,'PAUTDTL1',,,YES
PAUDBLOD,FILLER-7,FIELD,X(01),ALPHANUMERIC,5,1,"Reserved placeholder field used for data structure alignment, padding, or holding constant values",CHILD-UNQUAL-SSA,X,1,0,NO,DISPLAY,,,,,CHILD-UNQUAL-SSA,9,NO,,NO,' ',,,YES
PAUDBLOD,PRM-INFO,RECORD,N/A,GROUP,1,17,Parameter information group containing input parameters and control data,PRM-INFO,N/A,0,0,NO,DISPLAY,,,,,PRM-INFO,1,NO,,NO,,,,YES
PAUDBLOD,P-EXPIRY-DAYS,FIELD,9(02),NUMERIC,5,2,Parameter: authorization expiry days threshold (PIC 9(02)),PRM-INFO,99,2,0,NO,DISPLAY,,,,,PRM-INFO,1,NO,,NO,,,,YES
PAUDBLOD,FILLER-8,FIELD,X(01),ALPHANUMERIC,5,1,"Reserved placeholder field used for data structure alignment, padding, or holding constant values",PRM-INFO,X,1,0,NO,DISPLAY,,,,,PRM-INFO,3,NO,,NO,,,,YES
PAUDBLOD,P-CHKP-FREQ,FIELD,X(05),ALPHANUMERIC,5,5,Parameter: checkpoint frequency setting (PIC X(05)),PRM-INFO,X(5),5,0,NO,DISPLAY,,,,,PRM-INFO,4,NO,,NO,,,,YES
PAUDBLOD,FILLER-9,FIELD,X(01),ALPHANUMERIC,5,1,"Reserved placeholder field used for data structure alignment, padding, or holding constant values",PRM-INFO,X,1,0,NO,DISPLAY,,,,,PRM-INFO,9,NO,,NO,,,,YES
PAUDBLOD,P-CHKP-DIS-FREQ,FIELD,X(05),ALPHANUMERIC,5,5,Parameter: checkpoint display frequency setting (PIC X(05)),PRM-INFO,X(5),5,0,NO,DISPLAY,,,,,PRM-INFO,10,NO,,NO,,,,YES
PAUDBLOD,FILLER-10,FIELD,X(01),ALPHANUMERIC,5,1,"Reserved placeholder field used for data structure alignment, padding, or holding constant values",PRM-INFO,X,1,0,NO,DISPLAY,,,,,PRM-INFO,15,NO,,NO,,,,YES
PAUDBLOD,P-DEBUG-FLAG,FIELD,X(01),ALPHANUMERIC,5,1,Parameter: debug flag indicator (PIC X(01)),PRM-INFO,X,1,0,NO,DISPLAY,,,,,PRM-INFO,16,NO,,NO,,,,YES
PAUDBLOD,DEBUG-ON,CONDITION,N/A,DISPLAY,88,0,Condition: debug mode enabled (VALUE 'Y'),P-DEBUG-FLAG,N/A,0,0,NO,DISPLAY,,,,,PRM-INFO,16,NO,,NO,,'Y',,YES
PAUDBLOD,DEBUG-OFF,CONDITION,N/A,DISPLAY,88,0,Condition: debug mode disabled (VALUE 'N'),P-DEBUG-FLAG,N/A,0,0,NO,DISPLAY,,,,,PRM-INFO,16,NO,,NO,,'N',,YES
PAUDBLOD,FILLER-11,FIELD,X(01),ALPHANUMERIC,5,1,"Reserved placeholder field used for data structure alignment, padding, or holding constant values",PRM-INFO,X,1,0,NO,DISPLAY,,,,,PRM-INFO,17,NO,,NO,,,,YES
PAUDBLOD,PENDING-AUTH-SUMMARY,RECORD,N/A,GROUP,1,0,Pending authorization summary record group,PENDING-AUTH-SUMMARY,N/A,0,0,NO,DISPLAY,,,,,PENDING-AUTH-SUMMARY,1,NO,,NO,,,,YES
PAUDBLOD,PENDING-AUTH-DETAILS,RECORD,N/A,GROUP,1,0,Pending authorization details record group,PENDING-AUTH-DETAILS,N/A,0,0,NO,DISPLAY,,,,,PENDING-AUTH-DETAILS,1,NO,,NO,,,,YES
PAUDBLOD,IO-PCB-MASK,FIELD,X(1),ALPHANUMERIC,1,1,IMS I/O PCB mask indicator (PIC X(1)),IO-PCB-MASK,X,1,0,NO,DISPLAY,,,,,IO-PCB-MASK,1,NO,,NO,,,,YES
CBPAUP0C,WS-VARIABLES,RECORD,N/A,GROUP,1,93,Working storage variables group,WS-VARIABLES,N/A,0,0,NO,DISPLAY,,,,,WS-VARIABLES,1,NO,,NO,,,,YES
CBPAUP0C,WS-PGMNAME,FIELD,X(08),ALPHANUMERIC,5,8,Program name identifier (VALUE 'CBPAUP0C') (PIC X(08)),WS-VARIABLES,X(8),8,0,NO,DISPLAY,,,,,WS-VARIABLES,1,NO,,NO,'CBPAUP0C',,,YES
CBPAUP0C,CURRENT-DATE,FIELD,9(06),NUMERIC,5,6,Current system date in YYMMDD format (PIC 9(06)),WS-VARIABLES,999999,6,0,NO,DISPLAY,,,,,WS-VARIABLES,9,NO,,NO,,,,YES
CBPAUP0C,CURRENT-YYDDD,FIELD,9(05),NUMERIC,5,5,Current year and day of year in YYDDD format (PIC 9(05)),WS-VARIABLES,99999,5,0,NO,DISPLAY,,,,,WS-VARIABLES,15,NO,,NO,,,,YES
CBPAUP0C,WS-AUTH-DATE,FIELD,9(05),NUMERIC,5,5,Authorization date in YYDDD format (PIC 9(05)),WS-VARIABLES,99999,5,0,NO,DISPLAY,,,,,WS-VARIABLES,20,NO,,NO,,,,YES
CBPAUP0C,WS-EXPIRY-DAYS,FIELD,S9(4) COMP,BINARY,5,2,Number of days until authorization expiry (USAGE COMP) (PIC S9(4)),WS-VARIABLES,'+/-9999,5,0,YES,COMP,,,,,WS-VARIABLES,25,NO,,NO,,,,YES
CBPAUP0C,WS-DAY-DIFF,FIELD,S9(4) COMP,BINARY,5,2,Difference in days between two dates (USAGE COMP) (PIC S9(4)),WS-VARIABLES,'+/-9999,5,0,YES,COMP,,,,,WS-VARIABLES,27,NO,,NO,,,,YES
CBPAUP0C,IDX,FIELD,S9(4) COMP,BINARY,5,2,Index variable for array or table processing (USAGE COMP) (PIC S9(4)),WS-VARIABLES,'+/-9999,5,0,YES,COMP,,,,,WS-VARIABLES,29,NO,,NO,,,,YES
CBPAUP0C,WS-CURR-APP-ID,FIELD,9(11),NUMERIC,5,11,Current application identifier (PIC 9(11)),WS-VARIABLES,99999999999,11,0,NO,DISPLAY,,,,,WS-VARIABLES,31,NO,,NO,,,,YES
CBPAUP0C,WS-NO-CHKP,FIELD,9(8),NUMERIC,5,8,Number of checkpoints processed (VALUE 0) (PIC 9(8)),WS-VARIABLES,99999999,8,0,NO,DISPLAY,,,,,WS-VARIABLES,42,NO,,NO,0,,,YES
CBPAUP0C,WS-AUTH-SMRY-PROC-CNT,FIELD,9(8),NUMERIC,5,8,Authorization summary record processing count (VALUE 0) (PIC 9(8)),WS-VARIABLES,99999999,8,0,NO,DISPLAY,,,,,WS-VARIABLES,50,NO,,NO,0,,,YES
CBPAUP0C,WS-TOT-REC-WRITTEN,FIELD,S9(8) COMP,BINARY,5,4,Total records written to output file (USAGE COMP) (VALUE 0) (PIC S9(8)),WS-VARIABLES,'+/-99999999,9,0,YES,COMP,,,,,WS-VARIABLES,58,NO,,NO,0,,,YES
CBPAUP0C,WS-NO-SUMRY-READ,FIELD,S9(8) COMP,BINARY,5,4,Number of summary records read from input (USAGE COMP) (PIC S9(8)),WS-VARIABLES,'+/-99999999,9,0,YES,COMP,,,,,WS-VARIABLES,62,NO,,NO,0,,,YES
CBPAUP0C,WS-NO-SUMRY-DELETED,FIELD,S9(8) COMP,BINARY,5,4,Number of summary records deleted (USAGE COMP) (PIC S9(8)),WS-VARIABLES,'+/-99999999,9,0,YES,COMP,,,,,WS-VARIABLES,66,NO,,NO,0,,,YES
CBPAUP0C,WS-NO-DTL-READ,FIELD,S9(8) COMP,BINARY,5,4,Number of detail records read from input (USAGE COMP) (PIC S9(8)),WS-VARIABLES,'+/-99999999,9,0,YES,COMP,,,,,WS-VARIABLES,70,NO,,NO,0,,,YES
CBPAUP0C,WS-NO-DTL-DELETED,FIELD,S9(8) COMP,BINARY,5,4,Number of detail records deleted (USAGE COMP) (PIC S9(8)),WS-VARIABLES,'+/-99999999,9,0,YES,COMP,,,,,WS-VARIABLES,74,NO,,NO,0,,,YES
CBPAUP0C,WS-ERR-FLG,FIELD,X(01),ALPHANUMERIC,5,1,Error flag indicator (VALUE 'N') (PIC X(01)),WS-VARIABLES,X,1,0,NO,DISPLAY,,,,,WS-VARIABLES,78,NO,,NO,'N',,,YES
CBPAUP0C,ERR-FLG-ON,CONDITION,N/A,DISPLAY,88,0,Condition: error flag is on (VALUE 'Y'),WS-ERR-FLG,N/A,0,0,NO,DISPLAY,,,,,WS-VARIABLES,78,NO,,NO,,'Y',,YES
CBPAUP0C,ERR-FLG-OFF,CONDITION,N/A,DISPLAY,88,0,Condition: error flag is off (VALUE 'N'),WS-ERR-FLG,N/A,0,0,NO,DISPLAY,,,,,WS-VARIABLES,78,NO,,NO,,'N',,YES
CBPAUP0C,WS-END-OF-AUTHDB-FLAG,FIELD,X(01),ALPHANUMERIC,5,1,End of authorization database flag (VALUE 'N') (PIC X(01)),WS-VARIABLES,X,1,0,NO,DISPLAY,,,,,WS-VARIABLES,79,NO,,NO,'N',,,YES
CBPAUP0C,END-OF-AUTHDB,CONDITION,N/A,DISPLAY,88,0,Condition: end of authorization database reached (VALUE 'Y'),WS-END-OF-AUTHDB-FLAG,N/A,0,0,NO,DISPLAY,,,,,WS-VARIABLES,79,NO,,NO,,'Y',,YES
CBPAUP0C,NOT-END-OF-AUTHDB,CONDITION,N/A,DISPLAY,88,0,Condition: not at end of authorization database (VALUE 'N'),WS-END-OF-AUTHDB-FLAG,N/A,0,0,NO,DISPLAY,,,,,WS-VARIABLES,79,NO,,NO,,'N',,YES
CBPAUP0C,WS-MORE-AUTHS-FLAG,FIELD,X(01),ALPHANUMERIC,5,1,More authorizations available flag (VALUE 'N') (PIC X(01)),WS-VARIABLES,X,1,0,NO,DISPLAY,,,,,WS-VARIABLES,80,NO,,NO,'N',,,YES
CBPAUP0C,MORE-AUTHS,CONDITION,N/A,DISPLAY,88,0,Condition: more authorizations exist to process (VALUE 'Y'),WS-MORE-AUTHS-FLAG,N/A,0,0,NO,DISPLAY,,,,,WS-VARIABLES,80,NO,,NO,,'Y',,YES
CBPAUP0C,NO-MORE-AUTHS,CONDITION,N/A,DISPLAY,88,0,Condition: no more authorizations to process (VALUE 'N'),WS-MORE-AUTHS-FLAG,N/A,0,0,NO,DISPLAY,,,,,WS-VARIABLES,80,NO,,NO,,'N',,YES
CBPAUP0C,WS-QUALIFY-DELETE-FLAG,FIELD,X(01),ALPHANUMERIC,5,1,Qualification for deletion flag (VALUE 'N') (PIC X(01)),WS-VARIABLES,X,1,0,NO,DISPLAY,,,,,WS-VARIABLES,81,NO,,NO,'N',,,YES
CBPAUP0C,QUALIFIED-FOR-DELETE,CONDITION,N/A,DISPLAY,88,0,Condition: record qualifies for deletion (VALUE 'Y'),WS-QUALIFY-DELETE-FLAG,N/A,0,0,NO,DISPLAY,,,,,WS-VARIABLES,81,NO,,NO,,'Y',,YES
CBPAUP0C,NOT-QUALIFIED-FOR-DELETE,CONDITION,N/A,DISPLAY,88,0,Condition: record does not qualify for deletion (VALUE 'N'),WS-QUALIFY-DELETE-FLAG,N/A,0,0,NO,DISPLAY,,,,,WS-VARIABLES,81,NO,,NO,,'N',,YES
CBPAUP0C,WS-INFILE-STATUS,FIELD,X(02),ALPHANUMERIC,5,2,Input file I/O status code (VALUE SPACES) (PIC X(02)),WS-VARIABLES,X(2),2,0,NO,DISPLAY,,,,,WS-VARIABLES,82,NO,,NO,SPACES,,,YES
CBPAUP0C,WS-CUSTID-STATUS,FIELD,X(02),ALPHANUMERIC,5,2,Customer ID file I/O status code (VALUE SPACES) (PIC X(02)),WS-VARIABLES,X(2),2,0,NO,DISPLAY,,,,,WS-VARIABLES,84,NO,,NO,SPACES,,,YES
CBPAUP0C,END-OF-FILE,CONDITION,N/A,DISPLAY,88,0,Condition: end of file reached (VALUE '10'),WS-CUSTID-STATUS,N/A,0,0,NO,DISPLAY,,,,,WS-VARIABLES,84,NO,,NO,,'10',,YES
CBPAUP0C,WK-CHKPT-ID,GROUP,N/A,GROUP,5,8,Checkpoint identifier group,WS-VARIABLES,N/A,0,0,NO,DISPLAY,,,,,WS-VARIABLES,86,NO,,NO,,,,YES
CBPAUP0C,FILLER-1,FIELD,X(04),ALPHANUMERIC,10,4,"Reserved placeholder field used for data structure alignment, padding, or holding constant values",WK-CHKPT-ID,X(4),4,0,NO,DISPLAY,,,,,WS-VARIABLES,86,NO,,NO,'RMAD',,,YES
CBPAUP0C,WK-CHKPT-ID-CTR,FIELD,9(04),NUMERIC,10,4,Checkpoint identifier counter (VALUE ZEROES) (PIC 9(04)),WK-CHKPT-ID,9999,4,0,NO,DISPLAY,,,,,WS-VARIABLES,90,NO,,NO,ZEROES,,,YES
CBPAUP0C,WS-IMS-VARIABLES,RECORD,N/A,GROUP,1,13,IMS database variables group,WS-IMS-VARIABLES,N/A,0,0,NO,DISPLAY,,,,,WS-IMS-VARIABLES,1,NO,,NO,,,,YES
CBPAUP0C,PSB-NAME,FIELD,X(8),ALPHANUMERIC,5,8,PSB name for IMS database access (VALUE 'PSBPAUTB') (PIC X(8)),WS-IMS-VARIABLES,X(8),8,0,NO,DISPLAY,,,,,WS-IMS-VARIABLES,1,NO,,NO,'PSBPAUTB',,,YES
CBPAUP0C,PCB-OFFSET,GROUP,N/A,GROUP,5,2,PCB offset values group,WS-IMS-VARIABLES,N/A,0,0,NO,DISPLAY,,,,,WS-IMS-VARIABLES,9,NO,,NO,,,,YES
CBPAUP0C,PAUT-PCB-NUM,FIELD,S9(4) COMP,BINARY,10,2,PAUT PCB number offset (USAGE COMP) (VALUE +2) (PIC S9(4)),PCB-OFFSET,'+/-9999,5,0,YES,COMP,,,,,WS-IMS-VARIABLES,9,NO,,NO,'+2,,,YES
CBPAUP0C,IMS-RETURN-CODE,FIELD,X(02),ALPHANUMERIC,5,2,IMS database return code (PIC X(02)),WS-IMS-VARIABLES,X(2),2,0,NO,DISPLAY,,,,,WS-IMS-VARIABLES,11,NO,,NO,,,,YES
CBPAUP0C,STATUS-OK,CONDITION,N/A,DISPLAY,88,0,"Condition: IMS operation completed successfully (VALUE '  ', 'FW')",IMS-RETURN-CODE,N/A,0,0,NO,DISPLAY,,,,,WS-IMS-VARIABLES,11,NO,,NO,,"'  ', 'FW'",,YES
CBPAUP0C,SEGMENT-NOT-FOUND,CONDITION,N/A,DISPLAY,88,0,Condition: requested IMS segment not found (VALUE 'GE'),IMS-RETURN-CODE,N/A,0,0,NO,DISPLAY,,,,,WS-IMS-VARIABLES,11,NO,,NO,,'GE',,YES
CBPAUP0C,DUPLICATE-SEGMENT-FOUND,CONDITION,N/A,DISPLAY,88,0,Condition: duplicate IMS segment found (VALUE 'II'),IMS-RETURN-CODE,N/A,0,0,NO,DISPLAY,,,,,WS-IMS-VARIABLES,11,NO,,NO,,'II',,YES
CBPAUP0C,WRONG-PARENTAGE,CONDITION,N/A,DISPLAY,88,0,Condition: IMS segment has wrong parent (VALUE 'GP'),IMS-RETURN-CODE,N/A,0,0,NO,DISPLAY,,,,,WS-IMS-VARIABLES,11,NO,,NO,,'GP',,YES
CBPAUP0C,END-OF-DB,CONDITION,N/A,DISPLAY,88,0,Condition: end of IMS database reached (VALUE 'GB'),IMS-RETURN-CODE,N/A,0,0,NO,DISPLAY,,,,,WS-IMS-VARIABLES,11,NO,,NO,,'GB',,YES
CBPAUP0C,DATABASE-UNAVAILABLE,CONDITION,N/A,DISPLAY,88,0,Condition: IMS database unavailable (VALUE 'BA'),IMS-RETURN-CODE,N/A,0,0,NO,DISPLAY,,,,,WS-IMS-VARIABLES,11,NO,,NO,,'BA',,YES
CBPAUP0C,PSB-SCHEDULED-MORE-THAN-ONCE,CONDITION,N/A,DISPLAY,88,0,Condition: PSB scheduled more than once (VALUE 'TC'),IMS-RETURN-CODE,N/A,0,0,NO,DISPLAY,,,,,WS-IMS-VARIABLES,11,NO,,NO,,'TC',,YES
CBPAUP0C,COULD-NOT-SCHEDULE-PSB,CONDITION,N/A,DISPLAY,88,0,Condition: PSB could not be scheduled (VALUE 'TE'),IMS-RETURN-CODE,N/A,0,0,NO,DISPLAY,,,,,WS-IMS-VARIABLES,11,NO,,NO,,'TE',,YES
CBPAUP0C,RETRY-CONDITION,CONDITION,N/A,DISPLAY,88,0,"Condition: IMS operation should be retried (VALUE 'BA', 'FH', 'TE')",IMS-RETURN-CODE,N/A,0,0,NO,DISPLAY,,,,,WS-IMS-VARIABLES,11,NO,,NO,,"'BA', 'FH', 'TE'",,YES
CBPAUP0C,WS-IMS-PSB-SCHD-FLG,FIELD,X(1),ALPHANUMERIC,5,1,IMS PSB scheduling flag (PIC X(1)),WS-IMS-VARIABLES,X,1,0,NO,DISPLAY,,,,,WS-IMS-VARIABLES,13,NO,,NO,,,,YES
CBPAUP0C,IMS-PSB-SCHD,CONDITION,N/A,DISPLAY,88,0,Condition: IMS PSB is scheduled (VALUE 'Y'),WS-IMS-PSB-SCHD-FLG,N/A,0,0,NO,DISPLAY,,,,,WS-IMS-VARIABLES,13,NO,,NO,,'Y',,YES
CBPAUP0C,IMS-PSB-NOT-SCHD,CONDITION,N/A,DISPLAY,88,0,Condition: IMS PSB is not scheduled (VALUE 'N'),WS-IMS-PSB-SCHD-FLG,N/A,0,0,NO,DISPLAY,,,,,WS-IMS-VARIABLES,13,NO,,NO,,'N',,YES
CBPAUP0C,PRM-INFO,RECORD,N/A,GROUP,1,17,Parameter information group,PRM-INFO,N/A,0,0,NO,DISPLAY,,,,,PRM-INFO,1,NO,,NO,,,,YES
CBPAUP0C,P-EXPIRY-DAYS,FIELD,9(02),NUMERIC,5,2,Parameter expiry days value (PIC 9(02)),PRM-INFO,99,2,0,NO,DISPLAY,,,,,PRM-INFO,1,NO,,NO,,,,YES
CBPAUP0C,FILLER-2,FIELD,X(01),ALPHANUMERIC,5,1,"Reserved placeholder field used for data structure alignment, padding, or holding constant values",PRM-INFO,X,1,0,NO,DISPLAY,,,,,PRM-INFO,3,NO,,NO,,,,YES
CBPAUP0C,P-CHKP-FREQ,FIELD,X(05),ALPHANUMERIC,5,5,Parameter checkpoint frequency code (PIC X(05)),PRM-INFO,X(5),5,0,NO,DISPLAY,,,,,PRM-INFO,4,NO,,NO,,,,YES
CBPAUP0C,FILLER-3,FIELD,X(01),ALPHANUMERIC,5,1,"Reserved placeholder field used for data structure alignment, padding, or holding constant values",PRM-INFO,X,1,0,NO,DISPLAY,,,,,PRM-INFO,9,NO,,NO,,,,YES
CBPAUP0C,P-CHKP-DIS-FREQ,FIELD,X(05),ALPHANUMERIC,5,5,Parameter checkpoint display frequency code (PIC X(05)),PRM-INFO,X(5),5,0,NO,DISPLAY,,,,,PRM-INFO,10,NO,,NO,,,,YES
CBPAUP0C,FILLER-4,FIELD,X(01),ALPHANUMERIC,5,1,"Reserved placeholder field used for data structure alignment, padding, or holding constant values",PRM-INFO,X,1,0,NO,DISPLAY,,,,,PRM-INFO,15,NO,,NO,,,,YES
CBPAUP0C,P-DEBUG-FLAG,FIELD,X(01),ALPHANUMERIC,5,1,Parameter debug flag indicator (PIC X(01)),PRM-INFO,X,1,0,NO,DISPLAY,,,,,PRM-INFO,16,NO,,NO,,,,YES
CBPAUP0C,DEBUG-ON,CONDITION,N/A,DISPLAY,88,0,Condition: debug mode is on (VALUE 'Y'),P-DEBUG-FLAG,N/A,0,0,NO,DISPLAY,,,,,PRM-INFO,16,NO,,NO,,'Y',,YES
CBPAUP0C,DEBUG-OFF,CONDITION,N/A,DISPLAY,88,0,Condition: debug mode is off (VALUE 'N'),P-DEBUG-FLAG,N/A,0,0,NO,DISPLAY,,,,,PRM-INFO,16,NO,,NO,,'N',,YES
CBPAUP0C,FILLER-5,FIELD,X(01),ALPHANUMERIC,5,1,"Reserved placeholder field used for data structure alignment, padding, or holding constant values",PRM-INFO,X,1,0,NO,DISPLAY,,,,,PRM-INFO,17,NO,,NO,,,,YES
CBPAUP0C,PENDING-AUTH-SUMMARY,RECORD,N/A,GROUP,1,0,Pending authorization summary record group,PENDING-AUTH-SUMMARY,N/A,0,0,NO,DISPLAY,,,,,PENDING-AUTH-SUMMARY,1,NO,,NO,,,,YES
CBPAUP0C,PENDING-AUTH-DETAILS,RECORD,N/A,GROUP,1,0,Pending authorization details record group,PENDING-AUTH-DETAILS,N/A,0,0,NO,DISPLAY,,,,,PENDING-AUTH-DETAILS,1,NO,,NO,,,,YES
CBPAUP0C,IO-PCB-MASK,FIELD,X,ALPHANUMERIC,1,1,I/O PCB mask for database operations (PIC X),IO-PCB-MASK,X,1,0,NO,DISPLAY,,,,,IO-PCB-MASK,1,NO,,NO,,,,YES
CBPAUP0C,PGM-PCB-MASK,FIELD,X,ALPHANUMERIC,1,1,Program PCB mask for database operations (PIC X),PGM-PCB-MASK,X,1,0,NO,DISPLAY,,,,,PGM-PCB-MASK,1,NO,,NO,,,,YES
COPAUS0C,WS-VARIABLES,RECORD,N/A,GROUP,1,288,Working storage variables group,WS-VARIABLES,N/A,0,0,NO,DISPLAY,,,,,WS-VARIABLES,1,NO,,NO,,,,YES
COPAUS0C,WS-PGM-AUTH-SMRY,FIELD,X(08),ALPHANUMERIC,5,8,Program name for authorization summary screen (VALUE 'COPAUS0C'),WS-VARIABLES,X(8),8,0,NO,DISPLAY,,,,,WS-VARIABLES,1,NO,,NO,'COPAUS0C',,,YES
COPAUS0C,WS-PGM-AUTH-DTL,FIELD,X(08),ALPHANUMERIC,5,8,Program name for authorization details screen (VALUE 'COPAUS1C'),WS-VARIABLES,X(8),8,0,NO,DISPLAY,,,,,WS-VARIABLES,9,NO,,NO,'COPAUS1C',,,YES
COPAUS0C,WS-PGM-MENU,FIELD,X(08),ALPHANUMERIC,5,8,Program name for menu screen (VALUE 'COMEN01C'),WS-VARIABLES,X(8),8,0,NO,DISPLAY,,,,,WS-VARIABLES,17,NO,,NO,'COMEN01C',,,YES
COPAUS0C,WS-CICS-TRANID,FIELD,X(04),ALPHANUMERIC,5,4,CICS transaction identifier (VALUE 'CPVS'),WS-VARIABLES,X(4),4,0,NO,DISPLAY,,,,,WS-VARIABLES,25,NO,,NO,'CPVS',,,YES
COPAUS0C,WS-MESSAGE,FIELD,X(80),ALPHANUMERIC,5,80,Message text buffer for display (VALUE SPACES),WS-VARIABLES,X(80),80,0,NO,DISPLAY,,,,,WS-VARIABLES,29,NO,,NO,SPACES,,,YES
COPAUS0C,WS-ACCTFILENAME,FIELD,X(8),ALPHANUMERIC,5,8,Account file name for file operations (VALUE 'ACCTDAT '),WS-VARIABLES,X(8),8,0,NO,DISPLAY,,,,,WS-VARIABLES,109,NO,,NO,'ACCTDAT ',,,YES
COPAUS0C,WS-CUSTFILENAME,FIELD,X(8),ALPHANUMERIC,5,8,Customer file name for file operations (VALUE 'CUSTDAT '),WS-VARIABLES,X(8),8,0,NO,DISPLAY,,,,,WS-VARIABLES,117,NO,,NO,'CUSTDAT ',,,YES
COPAUS0C,WS-CARDFILENAME,FIELD,X(8),ALPHANUMERIC,5,8,Card file name for file operations (VALUE 'CARDDAT '),WS-VARIABLES,X(8),8,0,NO,DISPLAY,,,,,WS-VARIABLES,125,NO,,NO,'CARDDAT ',,,YES
COPAUS0C,WS-CARDXREFNAME-ACCT-PATH,FIELD,X(8),ALPHANUMERIC,5,8,Card cross-reference file name for account path (VALUE 'CXACAIX '),WS-VARIABLES,X(8),8,0,NO,DISPLAY,,,,,WS-VARIABLES,133,NO,,NO,'CXACAIX ',,,YES
COPAUS0C,WS-CCXREF-FILE,FIELD,X(08),ALPHANUMERIC,5,8,Credit card cross-reference file name (VALUE 'CCXREF  '),WS-VARIABLES,X(8),8,0,NO,DISPLAY,,,,,WS-VARIABLES,141,NO,,NO,'CCXREF  ',,,YES
COPAUS0C,WS-ACCT-ID,FIELD,X(11),ALPHANUMERIC,5,11,Account identifier,WS-VARIABLES,X(11),11,0,NO,DISPLAY,,,,,WS-VARIABLES,149,NO,,NO,,,,YES
COPAUS0C,WS-AUTH-KEY-SAVE,FIELD,X(08),ALPHANUMERIC,5,8,Saved authorization key value,WS-VARIABLES,X(8),8,0,NO,DISPLAY,,,,,WS-VARIABLES,160,NO,,NO,,,,YES
COPAUS0C,WS-AUTH-APRV-STAT,FIELD,X(01),ALPHANUMERIC,5,1,Authorization approval status indicator,WS-VARIABLES,X,1,0,NO,DISPLAY,,,,,WS-VARIABLES,168,NO,,NO,,,,YES
COPAUS0C,WS-RESP-CD,FIELD,S9(09) COMP,BINARY,5,4,Response code from system call (USAGE COMP) (VALUE ZEROS),WS-VARIABLES,'+/-999999999,10,0,YES,COMP,,,,,WS-VARIABLES,169,NO,,NO,ZEROS,,,YES
COPAUS0C,WS-REAS-CD,FIELD,S9(09) COMP,BINARY,5,4,Reason code from system call (USAGE COMP) (VALUE ZEROS),WS-VARIABLES,'+/-999999999,10,0,YES,COMP,,,,,WS-VARIABLES,173,NO,,NO,ZEROS,,,YES
COPAUS0C,WS-RESP-CD-DIS,FIELD,9(09),NUMERIC,5,9,Response code for display purposes,WS-VARIABLES,999999999,9,0,NO,DISPLAY,,,,,WS-VARIABLES,177,NO,,NO,,,,YES
COPAUS0C,WS-REAS-CD-DIS,FIELD,9(09),NUMERIC,5,9,Reason code for display purposes,WS-VARIABLES,999999999,9,0,NO,DISPLAY,,,,,WS-VARIABLES,186,NO,,NO,,,,YES
COPAUS0C,WS-REC-COUNT,FIELD,S9(04) COMP,BINARY,5,2,Record count counter (USAGE COMP) (VALUE ZEROS),WS-VARIABLES,'+/-9999,5,0,YES,COMP,,,,,WS-VARIABLES,195,NO,,NO,ZEROS,,,YES
COPAUS0C,WS-IDX,FIELD,S9(04) COMP,BINARY,5,2,Index counter for array processing (USAGE COMP) (VALUE ZEROS),WS-VARIABLES,'+/-9999,5,0,YES,COMP,,,,,WS-VARIABLES,197,NO,,NO,ZEROS,,,YES
COPAUS0C,WS-PAGE-NUM,FIELD,S9(04) COMP,BINARY,5,2,Page number for pagination (USAGE COMP) (VALUE ZEROS),WS-VARIABLES,'+/-9999,5,0,YES,COMP,,,,,WS-VARIABLES,199,NO,,NO,ZEROS,,,YES
COPAUS0C,WS-AUTH-AMT,FIELD,'-ZZZZZZZ9.99,DECIMAL,5,12,Authorization amount with sign and decimal places,WS-VARIABLES,'-ZZZZZZZ9.99,12,2,YES,DISPLAY,,,,,WS-VARIABLES,201,NO,,NO,,,,YES
COPAUS0C,WS-DISPLAY-AMT12,FIELD,'-ZZZZZZZ9.99,DECIMAL,5,12,Display amount field 12 characters with sign and decimal places,WS-VARIABLES,'-ZZZZZZZ9.99,12,2,YES,DISPLAY,,,,,WS-VARIABLES,213,NO,,NO,,,,YES
COPAUS0C,WS-DISPLAY-AMT9,FIELD,'-ZZZZ9.99,DECIMAL,5,9,Display amount field 9 characters with sign and decimal places,WS-VARIABLES,'-ZZZZ9.99,9,2,YES,DISPLAY,,,,,WS-VARIABLES,225,NO,,NO,,,,YES
COPAUS0C,WS-DISPLAY-COUNT,FIELD,9(03),NUMERIC,5,3,Display count field numeric 3 digits,WS-VARIABLES,999,3,0,NO,DISPLAY,,,,,WS-VARIABLES,234,NO,,NO,,,,YES
COPAUS0C,WS-AUTH-DATE,FIELD,X(08),ALPHANUMERIC,5,8,Authorization date in MM/DD/YY format (VALUE '00/00/00'),WS-VARIABLES,X(8),8,0,NO,DISPLAY,,,,,WS-VARIABLES,237,NO,,NO,'00/00/00',,,YES
COPAUS0C,WS-AUTH-TIME,FIELD,X(08),ALPHANUMERIC,5,8,Authorization time in HH:MM:SS format (VALUE '00:00:00'),WS-VARIABLES,X(8),8,0,NO,DISPLAY,,,,,WS-VARIABLES,245,NO,,NO,'00:00:00',,,YES
COPAUS0C,WS-XREF-RID,GROUP,N/A,GROUP,5,36,Cross-reference record identifier group,WS-VARIABLES,N/A,0,0,NO,DISPLAY,,,,,WS-VARIABLES,253,NO,,NO,,,,YES
COPAUS0C,WS-CARD-RID-CARDNUM,FIELD,X(16),ALPHANUMERIC,10,16,Card number within cross-reference record identifier,WS-XREF-RID,X(16),16,0,NO,DISPLAY,,,,,WS-VARIABLES,253,NO,,NO,,,,YES
COPAUS0C,WS-CARD-RID-CUST-ID,FIELD,9(09),NUMERIC,10,9,Customer identifier within cross-reference record identifier,WS-XREF-RID,999999999,9,0,NO,DISPLAY,,,,,WS-VARIABLES,269,NO,,NO,,,,YES
COPAUS0C,WS-CARD-RID-CUST-ID-X,FIELD,X(09),ALPHANUMERIC,10,9,Customer identifier as alphanumeric (REDEFINES WS-CARD-RID-CUST-ID),WS-XREF-RID,X(9),9,0,NO,DISPLAY,,,,WS-CARD-RID-CUST-ID,WS-VARIABLES,269,NO,,NO,,,,YES
COPAUS0C,WS-CARD-RID-ACCT-ID,FIELD,9(11),NUMERIC,10,11,Account identifier within cross-reference record identifier,WS-XREF-RID,99999999999,11,0,NO,DISPLAY,,,,,WS-VARIABLES,278,NO,,NO,,,,YES
COPAUS0C,WS-CARD-RID-ACCT-ID-X,FIELD,X(11),ALPHANUMERIC,10,11,Account identifier as alphanumeric (REDEFINES WS-CARD-RID-ACCT-ID),WS-XREF-RID,X(11),11,0,NO,DISPLAY,,,,WS-CARD-RID-ACCT-ID,WS-VARIABLES,278,NO,,NO,,,,YES
COPAUS0C,WS-IMS-VARIABLES,RECORD,N/A,GROUP,1,13,IMS database variables group,WS-IMS-VARIABLES,N/A,0,0,NO,DISPLAY,,,,,WS-IMS-VARIABLES,1,NO,,NO,,,,YES
COPAUS0C,PSB-NAME,FIELD,X(8),ALPHANUMERIC,5,8,Program specification block name for IMS (VALUE 'PSBPAUTB'),WS-IMS-VARIABLES,X(8),8,0,NO,DISPLAY,,,,,WS-IMS-VARIABLES,1,NO,,NO,'PSBPAUTB',,,YES
COPAUS0C,PCB-OFFSET,GROUP,N/A,GROUP,5,2,Program control block offset group,WS-IMS-VARIABLES,N/A,0,0,NO,DISPLAY,,,,,WS-IMS-VARIABLES,9,NO,,NO,,,,YES
COPAUS0C,PAUT-PCB-NUM,FIELD,S9(4) COMP,BINARY,10,2,Program control block number for PAUT segment (USAGE COMP) (VALUE +1),PCB-OFFSET,'+/-9999,5,0,YES,COMP,,,,,WS-IMS-VARIABLES,9,NO,,NO,'+1,,,YES
COPAUS0C,IMS-RETURN-CODE,FIELD,X(02),ALPHANUMERIC,5,2,IMS database return code,WS-IMS-VARIABLES,X(2),2,0,NO,DISPLAY,,,,,WS-IMS-VARIABLES,11,NO,,NO,,,,YES
COPAUS0C,STATUS-OK,CONDITION,N/A,DISPLAY,88,0,"Condition: IMS operation completed successfully (VALUE '  ', 'FW')",IMS-RETURN-CODE,N/A,0,0,NO,DISPLAY,,,,,WS-IMS-VARIABLES,11,NO,,NO,,"'  ', 'FW'",,YES
COPAUS0C,SEGMENT-NOT-FOUND,CONDITION,N/A,DISPLAY,88,0,Condition: requested segment not found in database (VALUE 'GE'),IMS-RETURN-CODE,N/A,0,0,NO,DISPLAY,,,,,WS-IMS-VARIABLES,11,NO,,NO,,'GE',,YES
COPAUS0C,DUPLICATE-SEGMENT-FOUND,CONDITION,N/A,DISPLAY,88,0,Condition: duplicate segment found in database (VALUE 'II'),IMS-RETURN-CODE,N/A,0,0,NO,DISPLAY,,,,,WS-IMS-VARIABLES,11,NO,,NO,,'II',,YES
COPAUS0C,WRONG-PARENTAGE,CONDITION,N/A,DISPLAY,88,0,Condition: segment has incorrect parent relationship (VALUE 'GP'),IMS-RETURN-CODE,N/A,0,0,NO,DISPLAY,,,,,WS-IMS-VARIABLES,11,NO,,NO,,'GP',,YES
COPAUS0C,END-OF-DB,CONDITION,N/A,DISPLAY,88,0,Condition: end of database reached (VALUE 'GB'),IMS-RETURN-CODE,N/A,0,0,NO,DISPLAY,,,,,WS-IMS-VARIABLES,11,NO,,NO,,'GB',,YES
COPAUS0C,DATABASE-UNAVAILABLE,CONDITION,N/A,DISPLAY,88,0,Condition: database is unavailable (VALUE 'BA'),IMS-RETURN-CODE,N/A,0,0,NO,DISPLAY,,,,,WS-IMS-VARIABLES,11,NO,,NO,,'BA',,YES
COPAUS0C,PSB-SCHEDULED-MORE-THAN-ONCE,CONDITION,N/A,DISPLAY,88,0,Condition: program specification block scheduled multiple times (VALUE 'TC'),IMS-RETURN-CODE,N/A,0,0,NO,DISPLAY,,,,,WS-IMS-VARIABLES,11,NO,,NO,,'TC',,YES
COPAUS0C,COULD-NOT-SCHEDULE-PSB,CONDITION,N/A,DISPLAY,88,0,Condition: unable to schedule program specification block (VALUE 'TE'),IMS-RETURN-CODE,N/A,0,0,NO,DISPLAY,,,,,WS-IMS-VARIABLES,11,NO,,NO,,'TE',,YES
COPAUS0C,RETRY-CONDITION,CONDITION,N/A,DISPLAY,88,0,"Condition: operation should be retried (VALUE 'BA', 'FH', 'TE')",IMS-RETURN-CODE,N/A,0,0,NO,DISPLAY,,,,,WS-IMS-VARIABLES,11,NO,,NO,,"'BA', 'FH', 'TE'",,YES
COPAUS0C,WS-IMS-PSB-SCHD-FLG,FIELD,X(1),ALPHANUMERIC,5,1,IMS program specification block schedule flag,WS-IMS-VARIABLES,X,1,0,NO,DISPLAY,,,,,WS-IMS-VARIABLES,13,NO,,NO,,,,YES
COPAUS0C,IMS-PSB-SCHD,CONDITION,N/A,DISPLAY,88,0,Condition: program specification block is scheduled (VALUE 'Y'),WS-IMS-PSB-SCHD-FLG,N/A,0,0,NO,DISPLAY,,,,,WS-IMS-VARIABLES,13,NO,,NO,,'Y',,YES
COPAUS0C,IMS-PSB-NOT-SCHD,CONDITION,N/A,DISPLAY,88,0,Condition: program specification block is not scheduled (VALUE 'N'),WS-IMS-PSB-SCHD-FLG,N/A,0,0,NO,DISPLAY,,,,,WS-IMS-VARIABLES,13,NO,,NO,,'N',,YES
COPAUS0C,WS-SWITCHES,RECORD,N/A,GROUP,1,227,Switch flags group,WS-SWITCHES,N/A,0,0,NO,DISPLAY,,,,,WS-SWITCHES,1,NO,,NO,,,,YES
COPAUS0C,WS-XREF-READ-FLG,FIELD,X(1),ALPHANUMERIC,5,1,Cross-reference file read flag,WS-SWITCHES,X,1,0,NO,DISPLAY,,,,,WS-SWITCHES,1,NO,,NO,,,,YES
COPAUS0C,ACCT-NFOUND-XREF,CONDITION,N/A,DISPLAY,88,0,Condition: account not found in cross-reference file (VALUE 'N'),WS-XREF-READ-FLG,N/A,0,0,NO,DISPLAY,,,,,WS-SWITCHES,1,NO,,NO,,'N',,YES
COPAUS0C,ACCT-FOUND-XREF,CONDITION,N/A,DISPLAY,88,0,Condition: account found in cross-reference file (VALUE 'Y'),WS-XREF-READ-FLG,N/A,0,0,NO,DISPLAY,,,,,WS-SWITCHES,1,NO,,NO,,'Y',,YES
COPAUS0C,WS-ACCT-MASTER-READ-FLG,FIELD,X(1),ALPHANUMERIC,5,1,Account master file read flag,WS-SWITCHES,X,1,0,NO,DISPLAY,,,,,WS-SWITCHES,2,NO,,NO,,,,YES
COPAUS0C,FOUND-ACCT-IN-MSTR,CONDITION,N/A,DISPLAY,88,0,Condition: account found in master file (VALUE 'Y'),WS-ACCT-MASTER-READ-FLG,N/A,0,0,NO,DISPLAY,,,,,WS-SWITCHES,2,NO,,NO,,'Y',,YES
COPAUS0C,NFOUND-ACCT-IN-MSTR,CONDITION,N/A,DISPLAY,88,0,Condition: account not found in master file (VALUE 'N'),WS-ACCT-MASTER-READ-FLG,N/A,0,0,NO,DISPLAY,,,,,WS-SWITCHES,2,NO,,NO,,'N',,YES
COPAUS0C,WS-CUST-MASTER-READ-FLG,FIELD,X(1),ALPHANUMERIC,5,1,Customer master file read flag,WS-SWITCHES,X,1,0,NO,DISPLAY,,,,,WS-SWITCHES,3,NO,,NO,,,,YES
COPAUS0C,FOUND-CUST-IN-MSTR,CONDITION,N/A,DISPLAY,88,0,Condition: customer found in master file (VALUE 'Y'),WS-CUST-MASTER-READ-FLG,N/A,0,0,NO,DISPLAY,,,,,WS-SWITCHES,3,NO,,NO,,'Y',,YES
COPAUS0C,NFOUND-CUST-IN-MSTR,CONDITION,N/A,DISPLAY,88,0,Condition: customer not found in master file (VALUE 'N'),WS-CUST-MASTER-READ-FLG,N/A,0,0,NO,DISPLAY,,,,,WS-SWITCHES,3,NO,,NO,,'N',,YES
COPAUS0C,WS-PAUT-SMRY-SEG-FLG,FIELD,X(1),ALPHANUMERIC,5,1,Pending authorization summary segment flag,WS-SWITCHES,X,1,0,NO,DISPLAY,,,,,WS-SWITCHES,4,NO,,NO,,,,YES
COPAUS0C,FOUND-PAUT-SMRY-SEG,CONDITION,N/A,DISPLAY,88,0,Condition: pending authorization summary segment found (VALUE 'Y'),WS-PAUT-SMRY-SEG-FLG,N/A,0,0,NO,DISPLAY,,,,,WS-SWITCHES,4,NO,,NO,,'Y',,YES
COPAUS0C,NFOUND-PAUT-SMRY-SEG,CONDITION,N/A,DISPLAY,88,0,Condition: pending authorization summary segment not found (VALUE 'N'),WS-PAUT-SMRY-SEG-FLG,N/A,0,0,NO,DISPLAY,,,,,WS-SWITCHES,4,NO,,NO,,'N',,YES
COPAUS0C,WS-ERR-FLG,FIELD,X(1),ALPHANUMERIC,5,1,Error flag indicator (VALUE 'N'),WS-SWITCHES,X,1,0,NO,DISPLAY,,,,,WS-SWITCHES,5,NO,,NO,'N',,,YES
COPAUS0C,ERR-FLG-ON,CONDITION,N/A,DISPLAY,88,0,Condition: error flag is on (VALUE 'Y'),WS-ERR-FLG,N/A,0,0,NO,DISPLAY,,,,,WS-SWITCHES,5,NO,,NO,,'Y',,YES
COPAUS0C,ERR-FLG-OFF,CONDITION,N/A,DISPLAY,88,0,Condition: error flag is off (VALUE 'N'),WS-ERR-FLG,N/A,0,0,NO,DISPLAY,,,,,WS-SWITCHES,5,NO,,NO,,'N',,YES
COPAUS0C,WS-AUTHS-EOF,FIELD,X(1),ALPHANUMERIC,5,1,Authorizations end-of-file flag (VALUE 'N'),WS-SWITCHES,X,1,0,NO,DISPLAY,,,,,WS-SWITCHES,6,NO,,NO,'N',,,YES
COPAUS0C,AUTHS-EOF,CONDITION,N/A,DISPLAY,88,0,Condition: end of authorizations reached (VALUE 'Y'),WS-AUTHS-EOF,N/A,0,0,NO,DISPLAY,,,,,WS-SWITCHES,6,NO,,NO,,'Y',,YES
COPAUS0C,AUTHS-NOT-EOF,CONDITION,N/A,DISPLAY,88,0,Condition: more authorizations available (VALUE 'N'),WS-AUTHS-EOF,N/A,0,0,NO,DISPLAY,,,,,WS-SWITCHES,6,NO,,NO,,'N',,YES
COPAUS0C,WS-SEND-ERASE-FLG,FIELD,X(1),ALPHANUMERIC,5,1,Send erase flag for screen display (VALUE 'Y'),WS-SWITCHES,X,1,0,NO,DISPLAY,,,,,WS-SWITCHES,7,NO,,NO,'Y',,,YES
COPAUS0C,SEND-ERASE-YES,CONDITION,N/A,DISPLAY,88,0,Condition: send erase command to screen (VALUE 'Y'),WS-SEND-ERASE-FLG,N/A,0,0,NO,DISPLAY,,,,,WS-SWITCHES,7,NO,,NO,,'Y',,YES
COPAUS0C,SEND-ERASE-NO,CONDITION,N/A,DISPLAY,88,0,Condition: do not send erase command to screen (VALUE 'N'),WS-SEND-ERASE-FLG,N/A,0,0,NO,DISPLAY,,,,,WS-SWITCHES,7,NO,,NO,,'N',,YES
COPAUS0C,CDEMO-CPVS-INFO,GROUP,N/A,GROUP,5,220,CPVS demo information group,WS-SWITCHES,N/A,0,0,NO,DISPLAY,,,,,WS-SWITCHES,8,NO,,NO,,,,YES
COPAUS0C,CDEMO-CPVS-PAU-SEL-FLG,FIELD,X(01),ALPHANUMERIC,10,1,Pending authorization unit selection flag,CDEMO-CPVS-INFO,X,1,0,NO,DISPLAY,,,,,WS-SWITCHES,8,NO,,NO,,,,YES
COPAUS0C,CDEMO-CPVS-PAU-SELECTED,FIELD,X(08),ALPHANUMERIC,10,8,Selected pending authorization unit identifier,CDEMO-CPVS-INFO,X(8),8,0,NO,DISPLAY,,,,,WS-SWITCHES,9,NO,,NO,,,,YES
COPAUS0C,CDEMO-CPVS-PAUKEY-PREV-PG,FIELD,X(08),ALPHANUMERIC,10,8,Previous page pending authorization unit keys (OCCURS 20),CDEMO-CPVS-INFO,X(8),8,0,NO,DISPLAY,20,20,,,WS-SWITCHES,17,NO,,NO,,,,YES
COPAUS0C,CDEMO-CPVS-PAUKEY-LAST,FIELD,X(08),ALPHANUMERIC,10,8,Last pending authorization unit key,CDEMO-CPVS-INFO,X(8),8,0,NO,DISPLAY,,,,,WS-SWITCHES,177,NO,,NO,,,,YES
COPAUS0C,CDEMO-CPVS-PAGE-NUM,FIELD,S9(04) COMP,BINARY,10,2,Current page number (USAGE COMP),CDEMO-CPVS-INFO,'+/-9999,5,0,YES,COMP,,,,,WS-SWITCHES,185,NO,,NO,,,,YES
COPAUS0C,CDEMO-CPVS-NEXT-PAGE-FLG,FIELD,X(01),ALPHANUMERIC,10,1,Next page available flag (VALUE 'N'),CDEMO-CPVS-INFO,X,1,0,NO,DISPLAY,,,,,WS-SWITCHES,187,NO,,NO,'N',,,YES
COPAUS0C,NEXT-PAGE-YES,CONDITION,N/A,DISPLAY,88,0,Condition: next page is available (VALUE 'Y'),CDEMO-CPVS-NEXT-PAGE-FLG,N/A,0,0,NO,DISPLAY,,,,,WS-SWITCHES,187,NO,,NO,,'Y',,YES
COPAUS0C,NEXT-PAGE-NO,CONDITION,N/A,DISPLAY,88,0,Condition: next page is not available (VALUE 'N'),CDEMO-CPVS-NEXT-PAGE-FLG,N/A,0,0,NO,DISPLAY,,,,,WS-SWITCHES,187,NO,,NO,,'N',,YES
COPAUS0C,CDEMO-CPVS-AUTH-KEYS,FIELD,X(08),ALPHANUMERIC,10,8,Authorization keys array (OCCURS 5),CDEMO-CPVS-INFO,X(8),8,0,NO,DISPLAY,5,5,,,WS-SWITCHES,188,NO,,NO,,,,YES
COPAUS0C,PENDING-AUTH-SUMMARY,RECORD,N/A,GROUP,1,0,Pending authorization summary record,PENDING-AUTH-SUMMARY,N/A,0,0,NO,DISPLAY,,,,,PENDING-AUTH-SUMMARY,1,NO,,NO,,,,YES
COPAUS0C,PENDING-AUTH-DETAILS,RECORD,N/A,GROUP,1,0,Pending authorization details record,PENDING-AUTH-DETAILS,N/A,0,0,NO,DISPLAY,,,,,PENDING-AUTH-DETAILS,1,NO,,NO,,,,YES
COPAUS0C,DFHCOMMAREA,RECORD,N/A,GROUP,1,32767,CICS communication area,DFHCOMMAREA,N/A,0,0,NO,DISPLAY,,,,,DFHCOMMAREA,1,NO,,NO,,,,YES
COPAUS0C,LK-COMMAREA,FIELD,X(01),ALPHANUMERIC,5,1,Communication area data buffer (OCCURS 32767),DFHCOMMAREA,X,1,0,NO,DISPLAY,1,32767,,,DFHCOMMAREA,1,NO,,NO,,,,YES
COPAUS1C,WS-VARIABLES,RECORD,N/A,GROUP,1,166,Working storage variables group,WS-VARIABLES,N/A,0,0,NO,DISPLAY,,,,,WS-VARIABLES,1,NO,,NO,,,,YES
COPAUS1C,WS-PGM-AUTH-DTL,FIELD,X(08),ALPHANUMERIC,5,8,Program authorization detail module name (VALUE 'COPAUS1C'),WS-VARIABLES,X(8),8,0,NO,DISPLAY,,,,,WS-VARIABLES,1,NO,,NO,'COPAUS1C',,,YES
COPAUS1C,WS-PGM-AUTH-SMRY,FIELD,X(08),ALPHANUMERIC,5,8,Program authorization summary module name (VALUE 'COPAUS0C'),WS-VARIABLES,X(8),8,0,NO,DISPLAY,,,,,WS-VARIABLES,9,NO,,NO,'COPAUS0C',,,YES
COPAUS1C,WS-PGM-AUTH-FRAUD,FIELD,X(08),ALPHANUMERIC,5,8,Program authorization fraud module name (VALUE 'COPAUS2C'),WS-VARIABLES,X(8),8,0,NO,DISPLAY,,,,,WS-VARIABLES,17,NO,,NO,'COPAUS2C',,,YES
COPAUS1C,WS-CICS-TRANID,FIELD,X(04),ALPHANUMERIC,5,4,CICS transaction identifier (VALUE 'CPVD'),WS-VARIABLES,X(4),4,0,NO,DISPLAY,,,,,WS-VARIABLES,25,NO,,NO,'CPVD',,,YES
COPAUS1C,WS-MESSAGE,FIELD,X(80),ALPHANUMERIC,5,80,Message text buffer 80 characters (VALUE SPACES),WS-VARIABLES,X(80),80,0,NO,DISPLAY,,,,,WS-VARIABLES,29,NO,,NO,SPACES,,,YES
COPAUS1C,WS-ERR-FLG,FIELD,X(01),ALPHANUMERIC,5,1,Error flag indicator (VALUE 'N'),WS-VARIABLES,X,1,0,NO,DISPLAY,,,,,WS-VARIABLES,109,NO,,NO,'N',,,YES
COPAUS1C,ERR-FLG-ON,CONDITION,N/A,DISPLAY,88,0,Condition: error flag is on (VALUE 'Y'),WS-ERR-FLG,N/A,0,0,NO,DISPLAY,,,,,WS-VARIABLES,109,NO,,NO,,'Y',,YES
COPAUS1C,ERR-FLG-OFF,CONDITION,N/A,DISPLAY,88,0,Condition: error flag is off (VALUE 'N'),WS-ERR-FLG,N/A,0,0,NO,DISPLAY,,,,,WS-VARIABLES,109,NO,,NO,,'N',,YES
COPAUS1C,WS-AUTHS-EOF,FIELD,X(01),ALPHANUMERIC,5,1,Authorization records end-of-file flag (VALUE 'N'),WS-VARIABLES,X,1,0,NO,DISPLAY,,,,,WS-VARIABLES,110,NO,,NO,'N',,,YES
COPAUS1C,AUTHS-EOF,CONDITION,N/A,DISPLAY,88,0,Condition: authorization records at end-of-file (VALUE 'Y'),WS-AUTHS-EOF,N/A,0,0,NO,DISPLAY,,,,,WS-VARIABLES,110,NO,,NO,,'Y',,YES
COPAUS1C,AUTHS-NOT-EOF,CONDITION,N/A,DISPLAY,88,0,Condition: authorization records not at end-of-file (VALUE 'N'),WS-AUTHS-EOF,N/A,0,0,NO,DISPLAY,,,,,WS-VARIABLES,110,NO,,NO,,'N',,YES
COPAUS1C,WS-SEND-ERASE-FLG,FIELD,X(01),ALPHANUMERIC,5,1,Screen erase flag for CICS send operation (VALUE 'Y'),WS-VARIABLES,X,1,0,NO,DISPLAY,,,,,WS-VARIABLES,111,NO,,NO,'Y',,,YES
COPAUS1C,SEND-ERASE-YES,CONDITION,N/A,DISPLAY,88,0,Condition: send with erase screen (VALUE 'Y'),WS-SEND-ERASE-FLG,N/A,0,0,NO,DISPLAY,,,,,WS-VARIABLES,111,NO,,NO,,'Y',,YES
COPAUS1C,SEND-ERASE-NO,CONDITION,N/A,DISPLAY,88,0,Condition: send without erase screen (VALUE 'N'),WS-SEND-ERASE-FLG,N/A,0,0,NO,DISPLAY,,,,,WS-VARIABLES,111,NO,,NO,,'N',,YES
COPAUS1C,WS-RESP-CD,FIELD,S9(09) COMP,BINARY,5,4,CICS response code signed 9 digits (USAGE COMP),WS-VARIABLES,'+/-999999999,10,0,YES,COMP,,,,,WS-VARIABLES,112,NO,,NO,ZEROS,,,YES
COPAUS1C,WS-REAS-CD,FIELD,S9(09) COMP,BINARY,5,4,CICS reason code signed 9 digits (USAGE COMP),WS-VARIABLES,'+/-999999999,10,0,YES,COMP,,,,,WS-VARIABLES,116,NO,,NO,ZEROS,,,YES
COPAUS1C,WS-ACCT-ID,FIELD,9(11),NUMERIC,5,11,Account identifier 11 digits numeric,WS-VARIABLES,99999999999,11,0,NO,DISPLAY,,,,,WS-VARIABLES,120,NO,,NO,,,,YES
COPAUS1C,WS-AUTH-KEY,FIELD,X(08),ALPHANUMERIC,5,8,Authorization key 8 characters,WS-VARIABLES,X(8),8,0,NO,DISPLAY,,,,,WS-VARIABLES,131,NO,,NO,,,,YES
COPAUS1C,WS-AUTH-AMT,FIELD,'-ZZZZZZZ9.99,DECIMAL,5,12,Authorization amount with sign and decimal places (PIC -ZZZZZZZ9.99),WS-VARIABLES,'-ZZZZZZZ9.99,12,2,YES,DISPLAY,,,,,WS-VARIABLES,139,NO,,NO,,,,YES
COPAUS1C,WS-AUTH-DATE,FIELD,X(08),ALPHANUMERIC,5,8,Authorization date in MM/DD/YY format (VALUE '00/00/00'),WS-VARIABLES,X(8),8,0,NO,DISPLAY,,,,,WS-VARIABLES,151,NO,,NO,'00/00/00',,,YES
COPAUS1C,WS-AUTH-TIME,FIELD,X(08),ALPHANUMERIC,5,8,Authorization time in HH:MM:SS format (VALUE '00:00:00'),WS-VARIABLES,X(8),8,0,NO,DISPLAY,,,,,WS-VARIABLES,159,NO,,NO,'00:00:00',,,YES
COPAUS1C,WS-TABLES,RECORD,N/A,GROUP,1,200,Working storage tables group,WS-TABLES,N/A,0,0,NO,DISPLAY,,,,,WS-TABLES,1,NO,,NO,,,,YES
COPAUS1C,WS-DECLINE-REASON-TABLE,GROUP,N/A,GROUP,5,0,Decline reason table container group,WS-TABLES,N/A,0,0,NO,DISPLAY,,,,,WS-TABLES,1,NO,,NO,,,,YES
COPAUS1C,WS-DECLINE-REASON-TAB,GROUP,N/A,GROUP,5,20,Decline reason table array (OCCURS 10),WS-TABLES,N/A,0,0,NO,DISPLAY,10,10,,WS-DECLINE-REASON-TABLE,WS-TABLES,1,NO,,NO,,,,YES
COPAUS1C,DECL-CODE,FIELD,X(4),ALPHANUMERIC,10,4,Decline reason code 4 characters,WS-DECLINE-REASON-TAB,X(4),4,0,NO,DISPLAY,,,,,WS-TABLES,1,NO,,NO,,,,YES
COPAUS1C,DECL-DESC,FIELD,X(16),ALPHANUMERIC,10,16,Decline reason description 16 characters,WS-DECLINE-REASON-TAB,X(16),16,0,NO,DISPLAY,,,,,WS-TABLES,5,NO,,NO,,,,YES
COPAUS1C,WS-IMS-VARIABLES,RECORD,N/A,GROUP,1,13,IMS database interface variables group,WS-IMS-VARIABLES,N/A,0,0,NO,DISPLAY,,,,,WS-IMS-VARIABLES,1,NO,,NO,,,,YES
COPAUS1C,PSB-NAME,FIELD,X(8),ALPHANUMERIC,5,8,IMS program specification block name (VALUE 'PSBPAUTB'),WS-IMS-VARIABLES,X(8),8,0,NO,DISPLAY,,,,,WS-IMS-VARIABLES,1,NO,,NO,'PSBPAUTB',,,YES
COPAUS1C,PCB-OFFSET,GROUP,N/A,GROUP,5,2,PCB offset container group,WS-IMS-VARIABLES,N/A,0,0,NO,DISPLAY,,,,,WS-IMS-VARIABLES,9,NO,,NO,,,,YES
COPAUS1C,PAUT-PCB-NUM,FIELD,S9(4) COMP,BINARY,10,2,PAU PCB number signed 4 digits (USAGE COMP) (VALUE +1),PCB-OFFSET,'+/-9999,5,0,YES,COMP,,,,,WS-IMS-VARIABLES,9,NO,,NO,'+1,,,YES
COPAUS1C,IMS-RETURN-CODE,FIELD,X(02),ALPHANUMERIC,5,2,IMS database return code 2 characters,WS-IMS-VARIABLES,X(2),2,0,NO,DISPLAY,,,,,WS-IMS-VARIABLES,11,NO,,NO,,,,YES
COPAUS1C,STATUS-OK,CONDITION,N/A,DISPLAY,88,0,"Condition: IMS operation successful (VALUE '  ', 'FW')",IMS-RETURN-CODE,N/A,0,0,NO,DISPLAY,,,,,WS-IMS-VARIABLES,11,NO,,NO,,"'  ', 'FW'",,YES
COPAUS1C,SEGMENT-NOT-FOUND,CONDITION,N/A,DISPLAY,88,0,Condition: IMS segment not found (VALUE 'GE'),IMS-RETURN-CODE,N/A,0,0,NO,DISPLAY,,,,,WS-IMS-VARIABLES,11,NO,,NO,,'GE',,YES
COPAUS1C,DUPLICATE-SEGMENT-FOUND,CONDITION,N/A,DISPLAY,88,0,Condition: IMS duplicate segment found (VALUE 'II'),IMS-RETURN-CODE,N/A,0,0,NO,DISPLAY,,,,,WS-IMS-VARIABLES,11,NO,,NO,,'II',,YES
COPAUS1C,WRONG-PARENTAGE,CONDITION,N/A,DISPLAY,88,0,Condition: IMS wrong parentage error (VALUE 'GP'),IMS-RETURN-CODE,N/A,0,0,NO,DISPLAY,,,,,WS-IMS-VARIABLES,11,NO,,NO,,'GP',,YES
COPAUS1C,END-OF-DB,CONDITION,N/A,DISPLAY,88,0,Condition: IMS end of database (VALUE 'GB'),IMS-RETURN-CODE,N/A,0,0,NO,DISPLAY,,,,,WS-IMS-VARIABLES,11,NO,,NO,,'GB',,YES
COPAUS1C,DATABASE-UNAVAILABLE,CONDITION,N/A,DISPLAY,88,0,Condition: IMS database unavailable (VALUE 'BA'),IMS-RETURN-CODE,N/A,0,0,NO,DISPLAY,,,,,WS-IMS-VARIABLES,11,NO,,NO,,'BA',,YES
COPAUS1C,PSB-SCHEDULED-MORE-THAN-ONCE,CONDITION,N/A,DISPLAY,88,0,Condition: IMS PSB scheduled more than once (VALUE 'TC'),IMS-RETURN-CODE,N/A,0,0,NO,DISPLAY,,,,,WS-IMS-VARIABLES,11,NO,,NO,,'TC',,YES
COPAUS1C,COULD-NOT-SCHEDULE-PSB,CONDITION,N/A,DISPLAY,88,0,Condition: IMS could not schedule PSB (VALUE 'TE'),IMS-RETURN-CODE,N/A,0,0,NO,DISPLAY,,,,,WS-IMS-VARIABLES,11,NO,,NO,,'TE',,YES
COPAUS1C,RETRY-CONDITION,CONDITION,N/A,DISPLAY,88,0,"Condition: IMS retry condition (VALUE 'BA', 'FH', 'TE')",IMS-RETURN-CODE,N/A,0,0,NO,DISPLAY,,,,,WS-IMS-VARIABLES,11,NO,,NO,,"'BA', 'FH', 'TE'",,YES
COPAUS1C,WS-IMS-PSB-SCHD-FLG,FIELD,X(1),ALPHANUMERIC,5,1,IMS PSB schedule flag,WS-IMS-VARIABLES,X,1,0,NO,DISPLAY,,,,,WS-IMS-VARIABLES,13,NO,,NO,,,,YES
COPAUS1C,IMS-PSB-SCHD,CONDITION,N/A,DISPLAY,88,0,Condition: IMS PSB is scheduled (VALUE 'Y'),WS-IMS-PSB-SCHD-FLG,N/A,0,0,NO,DISPLAY,,,,,WS-IMS-VARIABLES,13,NO,,NO,,'Y',,YES
COPAUS1C,IMS-PSB-NOT-SCHD,CONDITION,N/A,DISPLAY,88,0,Condition: IMS PSB is not scheduled (VALUE 'N'),WS-IMS-PSB-SCHD-FLG,N/A,0,0,NO,DISPLAY,,,,,WS-IMS-VARIABLES,13,NO,,NO,,'N',,YES
COPAUS1C,WS-FRAUD-DATA,RECORD,N/A,GROUP,1,592,Fraud data processing group,WS-FRAUD-DATA,N/A,0,0,NO,DISPLAY,,,,,WS-FRAUD-DATA,1,NO,,NO,,,,YES
COPAUS1C,WS-FRD-ACCT-ID,FIELD,9(11),NUMERIC,2,11,Fraud account identifier 11 digits numeric,WS-FRAUD-DATA,99999999999,11,0,NO,DISPLAY,,,,,WS-FRAUD-DATA,1,NO,,NO,,,,YES
COPAUS1C,WS-FRD-CUST-ID,FIELD,9(9),NUMERIC,2,9,Fraud customer identifier 9 digits numeric,WS-FRAUD-DATA,999999999,9,0,NO,DISPLAY,,,,,WS-FRAUD-DATA,12,NO,,NO,,,,YES
COPAUS1C,WS-FRAUD-AUTH-RECORD,FIELD,X(200),ALPHANUMERIC,2,200,Fraud authorization record 200 characters,WS-FRAUD-DATA,X(200),200,0,NO,DISPLAY,,,,,WS-FRAUD-DATA,21,NO,,NO,,,,YES
COPAUS1C,WS-FRAUD-STATUS-RECORD,GROUP,N/A,GROUP,2,372,Fraud status record group,WS-FRAUD-DATA,N/A,0,0,NO,DISPLAY,,,,,WS-FRAUD-DATA,221,NO,,NO,,,,YES
COPAUS1C,WS-FRD-ACTION,FIELD,X(01),ALPHANUMERIC,5,1,Fraud action code 1 character,WS-FRAUD-STATUS-RECORD,X,1,0,NO,DISPLAY,,,,,WS-FRAUD-DATA,221,NO,,NO,,,,YES
COPAUS1C,WS-REPORT-FRAUD,CONDITION,N/A,DISPLAY,88,0,Condition: report fraud action (VALUE 'F'),WS-FRD-ACTION,N/A,0,0,NO,DISPLAY,,,,,WS-FRAUD-DATA,221,NO,,NO,,'F',,YES
COPAUS1C,WS-REMOVE-FRAUD,CONDITION,N/A,DISPLAY,88,0,Condition: remove fraud action (VALUE 'R'),WS-FRD-ACTION,N/A,0,0,NO,DISPLAY,,,,,WS-FRAUD-DATA,221,NO,,NO,,'R',,YES
COPAUS1C,WS-FRD-UPDATE-STATUS,FIELD,X(01),ALPHANUMERIC,5,1,Fraud update status code 1 character,WS-FRAUD-STATUS-RECORD,X,1,0,NO,DISPLAY,,,,,WS-FRAUD-DATA,222,NO,,NO,,,,YES
COPAUS1C,WS-FRD-UPDT-SUCCESS,CONDITION,N/A,DISPLAY,88,0,Condition: fraud update successful (VALUE 'S'),WS-FRD-UPDATE-STATUS,N/A,0,0,NO,DISPLAY,,,,,WS-FRAUD-DATA,222,NO,,NO,,'S',,YES
COPAUS1C,WS-FRD-UPDT-FAILED,CONDITION,N/A,DISPLAY,88,0,Condition: fraud update failed (VALUE 'F'),WS-FRD-UPDATE-STATUS,N/A,0,0,NO,DISPLAY,,,,,WS-FRAUD-DATA,222,NO,,NO,,'F',,YES
COPAUS1C,WS-FRD-ACT-MSG,FIELD,X(50),ALPHANUMERIC,5,50,Fraud action message 50 characters,WS-FRAUD-STATUS-RECORD,X(50),50,0,NO,DISPLAY,,,,,WS-FRAUD-DATA,223,NO,,NO,,,,YES
COPAUS1C,CDEMO-CPVD-INFO,GROUP,N/A,GROUP,5,320,CPVD demo information group,WS-FRAUD-STATUS-RECORD,N/A,0,0,NO,DISPLAY,,,,,WS-FRAUD-DATA,273,NO,,NO,,,,YES
COPAUS1C,CDEMO-CPVD-PAU-SEL-FLG,FIELD,X(01),ALPHANUMERIC,10,1,CPVD PAU selection flag 1 character,CDEMO-CPVD-INFO,X,1,0,NO,DISPLAY,,,,,WS-FRAUD-DATA,273,NO,,NO,,,,YES
COPAUS1C,CDEMO-CPVD-PAU-SELECTED,FIELD,X(08),ALPHANUMERIC,10,8,CPVD PAU selected value 8 characters,CDEMO-CPVD-INFO,X(8),8,0,NO,DISPLAY,,,,,WS-FRAUD-DATA,274,NO,,NO,,,,YES
COPAUS1C,CDEMO-CPVD-PAUKEY-PREV-PG,FIELD,X(08),ALPHANUMERIC,10,8,CPVD PAU key previous page array 8 characters (OCCURS 20),CDEMO-CPVD-INFO,X(8),8,0,NO,DISPLAY,20,20,,,WS-FRAUD-DATA,282,NO,,NO,,,,YES
COPAUS1C,CDEMO-CPVD-PAUKEY-LAST,FIELD,X(08),ALPHANUMERIC,10,8,CPVD PAU key last value 8 characters,CDEMO-CPVD-INFO,X(8),8,0,NO,DISPLAY,,,,,WS-FRAUD-DATA,442,NO,,NO,,,,YES
COPAUS1C,CDEMO-CPVD-PAGE-NUM,FIELD,S9(04) COMP,BINARY,10,2,CPVD page number signed 4 digits (USAGE COMP),CDEMO-CPVD-INFO,'+/-9999,5,0,YES,COMP,,,,,WS-FRAUD-DATA,450,NO,,NO,,,,YES
COPAUS1C,CDEMO-CPVD-NEXT-PAGE-FLG,FIELD,X(01),ALPHANUMERIC,10,1,CPVD next page flag (VALUE 'N'),CDEMO-CPVD-INFO,X,1,0,NO,DISPLAY,,,,,WS-FRAUD-DATA,452,NO,,NO,'N',,,YES
COPAUS1C,NEXT-PAGE-YES,CONDITION,N/A,DISPLAY,88,0,Condition: next page exists (VALUE 'Y'),CDEMO-CPVD-NEXT-PAGE-FLG,N/A,0,0,NO,DISPLAY,,,,,WS-FRAUD-DATA,452,NO,,NO,,'Y',,YES
COPAUS1C,NEXT-PAGE-NO,CONDITION,N/A,DISPLAY,88,0,Condition: next page does not exist (VALUE 'N'),CDEMO-CPVD-NEXT-PAGE-FLG,N/A,0,0,NO,DISPLAY,,,,,WS-FRAUD-DATA,452,NO,,NO,,'N',,YES
COPAUS1C,CDEMO-CPVD-AUTH-KEYS,FIELD,X(08),ALPHANUMERIC,10,8,CPVD authorization keys array 8 characters (OCCURS 5),CDEMO-CPVD-INFO,X(8),8,0,NO,DISPLAY,5,5,,,WS-FRAUD-DATA,453,NO,,NO,,,,YES
COPAUS1C,CDEMO-CPVD-FRAUD-DATA,FIELD,X(100),ALPHANUMERIC,10,100,CPVD fraud data 100 characters,CDEMO-CPVD-INFO,X(100),100,0,NO,DISPLAY,,,,,WS-FRAUD-DATA,493,NO,,NO,,,,YES
COPAUS1C,PENDING-AUTH-SUMMARY,RECORD,N/A,GROUP,1,0,Pending authorization summary record,PENDING-AUTH-SUMMARY,N/A,0,0,NO,DISPLAY,,,,,PENDING-AUTH-SUMMARY,1,NO,,NO,,,,YES
COPAUS1C,PENDING-AUTH-DETAILS,RECORD,N/A,GROUP,1,0,Pending authorization details record,PENDING-AUTH-DETAILS,N/A,0,0,NO,DISPLAY,,,,,PENDING-AUTH-DETAILS,1,NO,,NO,,,,YES
COPAUS1C,DFHCOMMAREA,RECORD,N/A,GROUP,1,32767,CICS communication area,DFHCOMMAREA,N/A,0,0,NO,DISPLAY,,,,,DFHCOMMAREA,1,NO,,NO,,,,YES
COPAUS1C,LK-COMMAREA,FIELD,X(01),ALPHANUMERIC,5,1,CICS communication area data buffer 32767 characters (OCCURS 32767),DFHCOMMAREA,X,1,0,NO,DISPLAY,1,32767,,,DFHCOMMAREA,1,NO,,NO,,,,YES
DBUNLDGS,OPFIL1-REC,FIELD,X(100),ALPHANUMERIC,1,100,Input file record buffer (100 bytes),OPFIL1-REC,X(100),100,0,NO,DISPLAY,,,,,OPFIL1-REC,1,NO,,NO,,,,YES
DBUNLDGS,OPFIL2-REC,RECORD,N/A,GROUP,1,206,Output file record group containing root segment key and child segment data,OPFIL2-REC,N/A,0,0,NO,DISPLAY,,,,,OPFIL2-REC,1,NO,,NO,,,,YES
DBUNLDGS,ROOT-SEG-KEY,FIELD,S9(11) COMP-3,PACKED,5,6,Root segment key identifier (11-digit signed packed decimal) (USAGE COMP-3),OPFIL2-REC,'+/-99999999999,12,0,YES,COMP-3,,,,,OPFIL2-REC,1,NO,,NO,,,,YES
DBUNLDGS,CHILD-SEG-REC,FIELD,X(200),ALPHANUMERIC,5,200,Child segment record buffer (200 bytes),OPFIL2-REC,X(200),200,0,NO,DISPLAY,,,,,OPFIL2-REC,7,NO,,NO,,,,YES
DBUNLDGS,WS-VARIABLES,RECORD,N/A,GROUP,1,98,Working storage variables group for program processing,WS-VARIABLES,N/A,0,0,NO,DISPLAY,,,,,WS-VARIABLES,1,NO,,NO,,,,YES
DBUNLDGS,WS-PGMNAME,FIELD,X(08),ALPHANUMERIC,5,8,Program name identifier (VALUE 'IMSUNLOD'),WS-VARIABLES,X(8),8,0,NO,DISPLAY,,,,,WS-VARIABLES,1,NO,,NO,'IMSUNLOD',,,YES
DBUNLDGS,CURRENT-DATE,FIELD,9(06),NUMERIC,5,6,Current date in YYMMDD format (6-digit numeric),WS-VARIABLES,999999,6,0,NO,DISPLAY,,,,,WS-VARIABLES,9,NO,,NO,,,,YES
DBUNLDGS,CURRENT-YYDDD,FIELD,9(05),NUMERIC,5,5,Current date in YYDDD format (5-digit numeric),WS-VARIABLES,99999,5,0,NO,DISPLAY,,,,,WS-VARIABLES,15,NO,,NO,,,,YES
DBUNLDGS,WS-AUTH-DATE,FIELD,9(05),NUMERIC,5,5,Authorization date in YYDDD format (5-digit numeric),WS-VARIABLES,99999,5,0,NO,DISPLAY,,,,,WS-VARIABLES,20,NO,,NO,,,,YES
DBUNLDGS,WS-EXPIRY-DAYS,FIELD,S9(4) COMP,BINARY,5,2,Number of days until authorization expiry (signed 4-digit) (USAGE COMP),WS-VARIABLES,'+/-9999,5,0,YES,COMP,,,,,WS-VARIABLES,25,NO,,NO,,,,YES
DBUNLDGS,WS-DAY-DIFF,FIELD,S9(4) COMP,BINARY,5,2,Day difference calculation result (signed 4-digit) (USAGE COMP),WS-VARIABLES,'+/-9999,5,0,YES,COMP,,,,,WS-VARIABLES,27,NO,,NO,,,,YES
DBUNLDGS,IDX,FIELD,S9(4) COMP,BINARY,5,2,Array or loop index counter (signed 4-digit) (USAGE COMP),WS-VARIABLES,'+/-9999,5,0,YES,COMP,,,,,WS-VARIABLES,29,NO,,NO,,,,YES
DBUNLDGS,WS-CURR-APP-ID,FIELD,9(11),NUMERIC,5,11,Current application identifier (11-digit numeric),WS-VARIABLES,99999999999,11,0,NO,DISPLAY,,,,,WS-VARIABLES,31,NO,,NO,,,,YES
DBUNLDGS,WS-NO-CHKP,FIELD,9(8),NUMERIC,5,8,Number of checkpoints processed (8-digit numeric) (VALUE 0),WS-VARIABLES,99999999,8,0,NO,DISPLAY,,,,,WS-VARIABLES,42,NO,,NO,0,,,YES
DBUNLDGS,WS-AUTH-SMRY-PROC-CNT,FIELD,9(8),NUMERIC,5,8,Authorization summary record processing count (8-digit numeric) (VALUE 0),WS-VARIABLES,99999999,8,0,NO,DISPLAY,,,,,WS-VARIABLES,50,NO,,NO,0,,,YES
DBUNLDGS,WS-TOT-REC-WRITTEN,FIELD,S9(8) COMP,BINARY,5,4,Total records written to output (signed 8-digit) (USAGE COMP) (VALUE 0),WS-VARIABLES,'+/-99999999,9,0,YES,COMP,,,,,WS-VARIABLES,58,NO,,NO,0,,,YES
DBUNLDGS,WS-NO-SUMRY-READ,FIELD,S9(8) COMP,BINARY,5,4,Number of summary records read (signed 8-digit) (USAGE COMP) (VALUE 0),WS-VARIABLES,'+/-99999999,9,0,YES,COMP,,,,,WS-VARIABLES,62,NO,,NO,0,,,YES
DBUNLDGS,WS-NO-SUMRY-DELETED,FIELD,S9(8) COMP,BINARY,5,4,Number of summary records deleted (signed 8-digit) (USAGE COMP) (VALUE 0),WS-VARIABLES,'+/-99999999,9,0,YES,COMP,,,,,WS-VARIABLES,66,NO,,NO,0,,,YES
DBUNLDGS,WS-NO-DTL-READ,FIELD,S9(8) COMP,BINARY,5,4,Number of detail records read (signed 8-digit) (USAGE COMP) (VALUE 0),WS-VARIABLES,'+/-99999999,9,0,YES,COMP,,,,,WS-VARIABLES,70,NO,,NO,0,,,YES
DBUNLDGS,WS-NO-DTL-DELETED,FIELD,S9(8) COMP,BINARY,5,4,Number of detail records deleted (signed 8-digit) (USAGE COMP) (VALUE 0),WS-VARIABLES,'+/-99999999,9,0,YES,COMP,,,,,WS-VARIABLES,74,NO,,NO,0,,,YES
DBUNLDGS,WS-ERR-FLG,FIELD,X(01),ALPHANUMERIC,5,1,Error flag indicator (VALUE 'N'),WS-VARIABLES,X,1,0,NO,DISPLAY,,,,,WS-VARIABLES,78,NO,,NO,'N',,,YES
DBUNLDGS,ERR-FLG-ON,CONDITION,N/A,DISPLAY,88,0,Condition: error flag is on (VALUE 'Y'),WS-ERR-FLG,N/A,0,0,NO,DISPLAY,,,,,WS-VARIABLES,78,NO,,NO,,'Y',,YES
DBUNLDGS,ERR-FLG-OFF,CONDITION,N/A,DISPLAY,88,0,Condition: error flag is off (VALUE 'N'),WS-ERR-FLG,N/A,0,0,NO,DISPLAY,,,,,WS-VARIABLES,78,NO,,NO,,'N',,YES
DBUNLDGS,WS-END-OF-AUTHDB-FLAG,FIELD,X(01),ALPHANUMERIC,5,1,End of authorization database flag (VALUE 'N'),WS-VARIABLES,X,1,0,NO,DISPLAY,,,,,WS-VARIABLES,79,NO,,NO,'N',,,YES
DBUNLDGS,END-OF-AUTHDB,CONDITION,N/A,DISPLAY,88,0,Condition: end of authorization database reached (VALUE 'Y'),WS-END-OF-AUTHDB-FLAG,N/A,0,0,NO,DISPLAY,,,,,WS-VARIABLES,79,NO,,NO,,'Y',,YES
DBUNLDGS,NOT-END-OF-AUTHDB,CONDITION,N/A,DISPLAY,88,0,Condition: not at end of authorization database (VALUE 'N'),WS-END-OF-AUTHDB-FLAG,N/A,0,0,NO,DISPLAY,,,,,WS-VARIABLES,79,NO,,NO,,'N',,YES
DBUNLDGS,WS-MORE-AUTHS-FLAG,FIELD,X(01),ALPHANUMERIC,5,1,More authorizations available flag (VALUE 'N'),WS-VARIABLES,X,1,0,NO,DISPLAY,,,,,WS-VARIABLES,80,NO,,NO,'N',,,YES
DBUNLDGS,MORE-AUTHS,CONDITION,N/A,DISPLAY,88,0,Condition: more authorizations exist (VALUE 'Y'),WS-MORE-AUTHS-FLAG,N/A,0,0,NO,DISPLAY,,,,,WS-VARIABLES,80,NO,,NO,,'Y',,YES
DBUNLDGS,NO-MORE-AUTHS,CONDITION,N/A,DISPLAY,88,0,Condition: no more authorizations available (VALUE 'N'),WS-MORE-AUTHS-FLAG,N/A,0,0,NO,DISPLAY,,,,,WS-VARIABLES,80,NO,,NO,,'N',,YES
DBUNLDGS,WS-END-OF-ROOT-SEG,FIELD,X(01),ALPHANUMERIC,5,1,End of root segment indicator (VALUE SPACES),WS-VARIABLES,X,1,0,NO,DISPLAY,,,,,WS-VARIABLES,81,NO,,NO,SPACES,,,YES
DBUNLDGS,WS-END-OF-CHILD-SEG,FIELD,X(01),ALPHANUMERIC,5,1,End of child segment indicator (VALUE SPACES),WS-VARIABLES,X,1,0,NO,DISPLAY,,,,,WS-VARIABLES,82,NO,,NO,SPACES,,,YES
DBUNLDGS,WS-INFILE-STATUS,FIELD,X(02),ALPHANUMERIC,5,2,Input file I/O status code (2-character) (VALUE SPACES),WS-VARIABLES,X(2),2,0,NO,DISPLAY,,,,,WS-VARIABLES,83,NO,,NO,SPACES,,,YES
DBUNLDGS,WS-OUTFL1-STATUS,FIELD,X(02),ALPHANUMERIC,5,2,Output file 1 I/O status code (2-character) (VALUE SPACES),WS-VARIABLES,X(2),2,0,NO,DISPLAY,,,,,WS-VARIABLES,85,NO,,NO,SPACES,,,YES
DBUNLDGS,WS-OUTFL2-STATUS,FIELD,X(02),ALPHANUMERIC,5,2,Output file 2 I/O status code (2-character) (VALUE SPACES),WS-VARIABLES,X(2),2,0,NO,DISPLAY,,,,,WS-VARIABLES,87,NO,,NO,SPACES,,,YES
DBUNLDGS,WS-CUSTID-STATUS,FIELD,X(02),ALPHANUMERIC,5,2,Customer ID file I/O status code (2-character) (VALUE SPACES),WS-VARIABLES,X(2),2,0,NO,DISPLAY,,,,,WS-VARIABLES,89,NO,,NO,SPACES,,,YES
DBUNLDGS,END-OF-FILE,CONDITION,N/A,DISPLAY,88,0,Condition: end of file reached (VALUE '10'),WS-CUSTID-STATUS,N/A,0,0,NO,DISPLAY,,,,,WS-VARIABLES,89,NO,,NO,,'10',,YES
DBUNLDGS,WK-CHKPT-ID,GROUP,N/A,GROUP,5,8,Checkpoint identifier group,WS-VARIABLES,N/A,0,0,NO,DISPLAY,,,,,WS-VARIABLES,91,NO,,NO,,,,YES
DBUNLDGS,FILLER-1,FIELD,X(04),ALPHANUMERIC,10,4,"Reserved placeholder field used for data structure alignment, padding, or holding constant values",WK-CHKPT-ID,X(4),4,0,NO,DISPLAY,,,,,WS-VARIABLES,91,NO,,NO,'RMAD',,,YES
DBUNLDGS,WK-CHKPT-ID-CTR,FIELD,9(04),NUMERIC,10,4,Checkpoint identifier counter (4-digit numeric) (VALUE ZEROES),WK-CHKPT-ID,9999,4,0,NO,DISPLAY,,,,,WS-VARIABLES,95,NO,,NO,ZEROES,,,YES
DBUNLDGS,WS-IMS-VARIABLES,RECORD,N/A,GROUP,1,3,IMS database return codes and status group,WS-IMS-VARIABLES,N/A,0,0,NO,DISPLAY,,,,,WS-IMS-VARIABLES,1,NO,,NO,,,,YES
DBUNLDGS,IMS-RETURN-CODE,FIELD,X(02),ALPHANUMERIC,5,2,IMS database operation return code (2-character),WS-IMS-VARIABLES,X(2),2,0,NO,DISPLAY,,,,,WS-IMS-VARIABLES,1,NO,,NO,,,,YES
DBUNLDGS,STATUS-OK,CONDITION,N/A,DISPLAY,88,0,"Condition: IMS operation completed successfully (VALUE '  ', 'FW')",IMS-RETURN-CODE,N/A,0,0,NO,DISPLAY,,,,,WS-IMS-VARIABLES,1,NO,,NO,,"'  ', 'FW'",,YES
DBUNLDGS,SEGMENT-NOT-FOUND,CONDITION,N/A,DISPLAY,88,0,Condition: requested segment not found in database (VALUE 'GE'),IMS-RETURN-CODE,N/A,0,0,NO,DISPLAY,,,,,WS-IMS-VARIABLES,1,NO,,NO,,'GE',,YES
DBUNLDGS,DUPLICATE-SEGMENT-FOUND,CONDITION,N/A,DISPLAY,88,0,Condition: duplicate segment found in database (VALUE 'II'),IMS-RETURN-CODE,N/A,0,0,NO,DISPLAY,,,,,WS-IMS-VARIABLES,1,NO,,NO,,'II',,YES
DBUNLDGS,WRONG-PARENTAGE,CONDITION,N/A,DISPLAY,88,0,Condition: segment has incorrect parent relationship (VALUE 'GP'),IMS-RETURN-CODE,N/A,0,0,NO,DISPLAY,,,,,WS-IMS-VARIABLES,1,NO,,NO,,'GP',,YES
DBUNLDGS,END-OF-DB,CONDITION,N/A,DISPLAY,88,0,Condition: end of database reached (VALUE 'GB'),IMS-RETURN-CODE,N/A,0,0,NO,DISPLAY,,,,,WS-IMS-VARIABLES,1,NO,,NO,,'GB',,YES
DBUNLDGS,DATABASE-UNAVAILABLE,CONDITION,N/A,DISPLAY,88,0,Condition: IMS database is unavailable (VALUE 'BA'),IMS-RETURN-CODE,N/A,0,0,NO,DISPLAY,,,,,WS-IMS-VARIABLES,1,NO,,NO,,'BA',,YES
DBUNLDGS,PSB-SCHEDULED-MORE-THAN-ONCE,CONDITION,N/A,DISPLAY,88,0,Condition: PSB scheduled more than once (VALUE 'TC'),IMS-RETURN-CODE,N/A,0,0,NO,DISPLAY,,,,,WS-IMS-VARIABLES,1,NO,,NO,,'TC',,YES
DBUNLDGS,COULD-NOT-SCHEDULE-PSB,CONDITION,N/A,DISPLAY,88,0,Condition: unable to schedule PSB (VALUE 'TE'),IMS-RETURN-CODE,N/A,0,0,NO,DISPLAY,,,,,WS-IMS-VARIABLES,1,NO,,NO,,'TE',,YES
DBUNLDGS,RETRY-CONDITION,CONDITION,N/A,DISPLAY,88,0,"Condition: operation should be retried (VALUE 'BA', 'FH', 'TE')",IMS-RETURN-CODE,N/A,0,0,NO,DISPLAY,,,,,WS-IMS-VARIABLES,1,NO,,NO,,"'BA', 'FH', 'TE'",,YES
DBUNLDGS,WS-IMS-PSB-SCHD-FLG,FIELD,X(1),ALPHANUMERIC,5,1,IMS PSB scheduling status flag,WS-IMS-VARIABLES,X,1,0,NO,DISPLAY,,,,,WS-IMS-VARIABLES,3,NO,,NO,,,,YES
DBUNLDGS,IMS-PSB-SCHD,CONDITION,N/A,DISPLAY,88,0,Condition: IMS PSB is scheduled (VALUE 'Y'),WS-IMS-PSB-SCHD-FLG,N/A,0,0,NO,DISPLAY,,,,,WS-IMS-VARIABLES,3,NO,,NO,,'Y',,YES
DBUNLDGS,IMS-PSB-NOT-SCHD,CONDITION,N/A,DISPLAY,88,0,Condition: IMS PSB is not scheduled (VALUE 'N'),WS-IMS-PSB-SCHD-FLG,N/A,0,0,NO,DISPLAY,,,,,WS-IMS-VARIABLES,3,NO,,NO,,'N',,YES
DBUNLDGS,ROOT-UNQUAL-SSA,RECORD,N/A,GROUP,1,9,Root segment unqualified SSA group for IMS database access,ROOT-UNQUAL-SSA,N/A,0,0,NO,DISPLAY,,,,,ROOT-UNQUAL-SSA,1,NO,,NO,,,,YES
DBUNLDGS,FILLER-2,FIELD,X(08),ALPHANUMERIC,5,8,"Reserved placeholder field used for data structure alignment, padding, or holding constant values",ROOT-UNQUAL-SSA,X(8),8,0,NO,DISPLAY,,,,,ROOT-UNQUAL-SSA,1,NO,,NO,'PAUTSUM0',,,YES
DBUNLDGS,FILLER-3,FIELD,X(01),ALPHANUMERIC,5,1,"Reserved placeholder field used for data structure alignment, padding, or holding constant values",ROOT-UNQUAL-SSA,X,1,0,NO,DISPLAY,,,,,ROOT-UNQUAL-SSA,9,NO,,NO,' ',,,YES
DBUNLDGS,CHILD-UNQUAL-SSA,RECORD,N/A,GROUP,1,9,Child segment unqualified SSA group for IMS database access,CHILD-UNQUAL-SSA,N/A,0,0,NO,DISPLAY,,,,,CHILD-UNQUAL-SSA,1,NO,,NO,,,,YES
DBUNLDGS,FILLER-4,FIELD,X(08),ALPHANUMERIC,5,8,"Reserved placeholder field used for data structure alignment, padding, or holding constant values",CHILD-UNQUAL-SSA,X(8),8,0,NO,DISPLAY,,,,,CHILD-UNQUAL-SSA,1,NO,,NO,'PAUTDTL1',,,YES
DBUNLDGS,FILLER-5,FIELD,X(01),ALPHANUMERIC,5,1,"Reserved placeholder field used for data structure alignment, padding, or holding constant values",CHILD-UNQUAL-SSA,X,1,0,NO,DISPLAY,,,,,CHILD-UNQUAL-SSA,9,NO,,NO,' ',,,YES
DBUNLDGS,PRM-INFO,RECORD,N/A,GROUP,1,17,Parameter information group containing runtime configuration,PRM-INFO,N/A,0,0,NO,DISPLAY,,,,,PRM-INFO,1,NO,,NO,,,,YES
DBUNLDGS,P-EXPIRY-DAYS,FIELD,9(02),NUMERIC,5,2,Parameter: authorization expiry days threshold (2-digit numeric),PRM-INFO,99,2,0,NO,DISPLAY,,,,,PRM-INFO,1,NO,,NO,,,,YES
DBUNLDGS,FILLER-6,FIELD,X(01),ALPHANUMERIC,5,1,"Reserved placeholder field used for data structure alignment, padding, or holding constant values",PRM-INFO,X,1,0,NO,DISPLAY,,,,,PRM-INFO,3,NO,,NO,,,,YES
DBUNLDGS,P-CHKP-FREQ,FIELD,X(05),ALPHANUMERIC,5,5,Parameter: checkpoint frequency setting (5-character),PRM-INFO,X(5),5,0,NO,DISPLAY,,,,,PRM-INFO,4,NO,,NO,,,,YES
DBUNLDGS,FILLER-7,FIELD,X(01),ALPHANUMERIC,5,1,"Reserved placeholder field used for data structure alignment, padding, or holding constant values",PRM-INFO,X,1,0,NO,DISPLAY,,,,,PRM-INFO,9,NO,,NO,,,,YES
DBUNLDGS,P-CHKP-DIS-FREQ,FIELD,X(05),ALPHANUMERIC,5,5,Parameter: checkpoint display frequency setting (5-character),PRM-INFO,X(5),5,0,NO,DISPLAY,,,,,PRM-INFO,10,NO,,NO,,,,YES
DBUNLDGS,FILLER-8,FIELD,X(01),ALPHANUMERIC,5,1,"Reserved placeholder field used for data structure alignment, padding, or holding constant values",PRM-INFO,X,1,0,NO,DISPLAY,,,,,PRM-INFO,15,NO,,NO,,,,YES
DBUNLDGS,P-DEBUG-FLAG,FIELD,X(01),ALPHANUMERIC,5,1,Parameter: debug mode flag,PRM-INFO,X,1,0,NO,DISPLAY,,,,,PRM-INFO,16,NO,,NO,,,,YES
DBUNLDGS,DEBUG-ON,CONDITION,N/A,DISPLAY,88,0,Condition: debug mode is enabled (VALUE 'Y'),P-DEBUG-FLAG,N/A,0,0,NO,DISPLAY,,,,,PRM-INFO,16,NO,,NO,,'Y',,YES
DBUNLDGS,DEBUG-OFF,CONDITION,N/A,DISPLAY,88,0,Condition: debug mode is disabled (VALUE 'N'),P-DEBUG-FLAG,N/A,0,0,NO,DISPLAY,,,,,PRM-INFO,16,NO,,NO,,'N',,YES
DBUNLDGS,FILLER-9,FIELD,X(01),ALPHANUMERIC,5,1,"Reserved placeholder field used for data structure alignment, padding, or holding constant values",PRM-INFO,X,1,0,NO,DISPLAY,,,,,PRM-INFO,17,NO,,NO,,,,YES
DBUNLDGS,PENDING-AUTH-SUMMARY,RECORD,N/A,GROUP,1,0,Pending authorization summary record group,PENDING-AUTH-SUMMARY,N/A,0,0,NO,DISPLAY,,,,,PENDING-AUTH-SUMMARY,1,NO,,NO,,,,YES
DBUNLDGS,PENDING-AUTH-DETAILS,RECORD,N/A,GROUP,1,0,Pending authorization details record group,PENDING-AUTH-DETAILS,N/A,0,0,NO,DISPLAY,,,,,PENDING-AUTH-DETAILS,1,NO,,NO,,,,YES
PAUDBUNL,OPFIL1-REC,FIELD,X(100),ALPHANUMERIC,1,100,Input file record buffer (100 bytes),OPFIL1-REC,X(100),100,0,NO,DISPLAY,,,,,OPFIL1-REC,1,NO,,NO,,,,YES
PAUDBUNL,OPFIL2-REC,RECORD,N/A,GROUP,1,206,Output file record group containing root segment key and child segment data,OPFIL2-REC,N/A,0,0,NO,DISPLAY,,,,,OPFIL2-REC,1,NO,,NO,,,,YES
PAUDBUNL,ROOT-SEG-KEY,FIELD,S9(11) COMP-3,PACKED,5,6,Root segment key identifier (11-digit signed packed decimal) (USAGE COMP-3),OPFIL2-REC,'+/-99999999999,12,0,YES,COMP-3,,,,,OPFIL2-REC,1,NO,,NO,,,,YES
PAUDBUNL,CHILD-SEG-REC,FIELD,X(200),ALPHANUMERIC,5,200,Child segment record buffer (200 bytes),OPFIL2-REC,X(200),200,0,NO,DISPLAY,,,,,OPFIL2-REC,7,NO,,NO,,,,YES
PAUDBUNL,WS-VARIABLES,RECORD,N/A,GROUP,1,98,Working storage variables group for program processing,WS-VARIABLES,N/A,0,0,NO,DISPLAY,,,,,WS-VARIABLES,1,NO,,NO,,,,YES
PAUDBUNL,WS-PGMNAME,FIELD,X(08),ALPHANUMERIC,5,8,Program name identifier (VALUE 'IMSUNLOD'),WS-VARIABLES,X(8),8,0,NO,DISPLAY,,,,,WS-VARIABLES,1,NO,,NO,'IMSUNLOD',,,YES
PAUDBUNL,CURRENT-DATE,FIELD,9(06),NUMERIC,5,6,Current date in YYMMDD format (6-digit numeric),WS-VARIABLES,999999,6,0,NO,DISPLAY,,,,,WS-VARIABLES,9,NO,,NO,,,,YES
PAUDBUNL,CURRENT-YYDDD,FIELD,9(05),NUMERIC,5,5,Current date in YYDDD format (5-digit numeric),WS-VARIABLES,99999,5,0,NO,DISPLAY,,,,,WS-VARIABLES,15,NO,,NO,,,,YES
PAUDBUNL,WS-AUTH-DATE,FIELD,9(05),NUMERIC,5,5,Authorization date in YYDDD format (5-digit numeric),WS-VARIABLES,99999,5,0,NO,DISPLAY,,,,,WS-VARIABLES,20,NO,,NO,,,,YES
PAUDBUNL,WS-EXPIRY-DAYS,FIELD,S9(4) COMP,BINARY,5,2,Number of days until authorization expiry (signed 4-digit) (USAGE COMP),WS-VARIABLES,'+/-9999,5,0,YES,COMP,,,,,WS-VARIABLES,25,NO,,NO,,,,YES
PAUDBUNL,WS-DAY-DIFF,FIELD,S9(4) COMP,BINARY,5,2,Day difference calculation result (signed 4-digit) (USAGE COMP),WS-VARIABLES,'+/-9999,5,0,YES,COMP,,,,,WS-VARIABLES,27,NO,,NO,,,,YES
PAUDBUNL,IDX,FIELD,S9(4) COMP,BINARY,5,2,Array or loop index counter (signed 4-digit) (USAGE COMP),WS-VARIABLES,'+/-9999,5,0,YES,COMP,,,,,WS-VARIABLES,29,NO,,NO,,,,YES
PAUDBUNL,WS-CURR-APP-ID,FIELD,9(11),NUMERIC,5,11,Current application identifier (11-digit numeric),WS-VARIABLES,99999999999,11,0,NO,DISPLAY,,,,,WS-VARIABLES,31,NO,,NO,,,,YES
PAUDBUNL,WS-NO-CHKP,FIELD,9(8),NUMERIC,5,8,Checkpoint record count (8-digit numeric) (VALUE 0),WS-VARIABLES,99999999,8,0,NO,DISPLAY,,,,,WS-VARIABLES,42,NO,,NO,0,,,YES
PAUDBUNL,WS-AUTH-SMRY-PROC-CNT,FIELD,9(8),NUMERIC,5,8,Authorization summary records processed count (8-digit numeric) (VALUE 0),WS-VARIABLES,99999999,8,0,NO,DISPLAY,,,,,WS-VARIABLES,50,NO,,NO,0,,,YES
PAUDBUNL,WS-TOT-REC-WRITTEN,FIELD,S9(8) COMP,BINARY,5,4,Total records written to output (signed 8-digit) (USAGE COMP) (VALUE 0),WS-VARIABLES,'+/-99999999,9,0,YES,COMP,,,,,WS-VARIABLES,58,NO,,NO,0,,,YES
PAUDBUNL,WS-NO-SUMRY-READ,FIELD,S9(8) COMP,BINARY,5,4,Summary records read count (signed 8-digit) (USAGE COMP) (VALUE 0),WS-VARIABLES,'+/-99999999,9,0,YES,COMP,,,,,WS-VARIABLES,62,NO,,NO,0,,,YES
PAUDBUNL,WS-NO-SUMRY-DELETED,FIELD,S9(8) COMP,BINARY,5,4,Summary records deleted count (signed 8-digit) (USAGE COMP) (VALUE 0),WS-VARIABLES,'+/-99999999,9,0,YES,COMP,,,,,WS-VARIABLES,66,NO,,NO,0,,,YES
PAUDBUNL,WS-NO-DTL-READ,FIELD,S9(8) COMP,BINARY,5,4,Detail records read count (signed 8-digit) (USAGE COMP) (VALUE 0),WS-VARIABLES,'+/-99999999,9,0,YES,COMP,,,,,WS-VARIABLES,70,NO,,NO,0,,,YES
PAUDBUNL,WS-NO-DTL-DELETED,FIELD,S9(8) COMP,BINARY,5,4,Detail records deleted count (signed 8-digit) (USAGE COMP) (VALUE 0),WS-VARIABLES,'+/-99999999,9,0,YES,COMP,,,,,WS-VARIABLES,74,NO,,NO,0,,,YES
PAUDBUNL,WS-ERR-FLG,FIELD,X(01),ALPHANUMERIC,5,1,Error flag indicator (VALUE 'N'),WS-VARIABLES,X,1,0,NO,DISPLAY,,,,,WS-VARIABLES,78,NO,,NO,'N',,,YES
PAUDBUNL,ERR-FLG-ON,CONDITION,N/A,DISPLAY,88,0,Condition: error flag is on (VALUE 'Y'),WS-ERR-FLG,N/A,0,0,NO,DISPLAY,,,,,WS-VARIABLES,78,NO,,NO,,'Y',,YES
PAUDBUNL,ERR-FLG-OFF,CONDITION,N/A,DISPLAY,88,0,Condition: error flag is off (VALUE 'N'),WS-ERR-FLG,N/A,0,0,NO,DISPLAY,,,,,WS-VARIABLES,78,NO,,NO,,'N',,YES
PAUDBUNL,WS-END-OF-AUTHDB-FLAG,FIELD,X(01),ALPHANUMERIC,5,1,End of authorization database flag indicator (VALUE 'N'),WS-VARIABLES,X,1,0,NO,DISPLAY,,,,,WS-VARIABLES,79,NO,,NO,'N',,,YES
PAUDBUNL,END-OF-AUTHDB,CONDITION,N/A,DISPLAY,88,0,Condition: end of authorization database reached (VALUE 'Y'),WS-END-OF-AUTHDB-FLAG,N/A,0,0,NO,DISPLAY,,,,,WS-VARIABLES,79,NO,,NO,,'Y',,YES
PAUDBUNL,NOT-END-OF-AUTHDB,CONDITION,N/A,DISPLAY,88,0,Condition: not at end of authorization database (VALUE 'N'),WS-END-OF-AUTHDB-FLAG,N/A,0,0,NO,DISPLAY,,,,,WS-VARIABLES,79,NO,,NO,,'N',,YES
PAUDBUNL,WS-MORE-AUTHS-FLAG,FIELD,X(01),ALPHANUMERIC,5,1,More authorizations available flag indicator (VALUE 'N'),WS-VARIABLES,X,1,0,NO,DISPLAY,,,,,WS-VARIABLES,80,NO,,NO,'N',,,YES
PAUDBUNL,MORE-AUTHS,CONDITION,N/A,DISPLAY,88,0,Condition: more authorizations available (VALUE 'Y'),WS-MORE-AUTHS-FLAG,N/A,0,0,NO,DISPLAY,,,,,WS-VARIABLES,80,NO,,NO,,'Y',,YES
PAUDBUNL,NO-MORE-AUTHS,CONDITION,N/A,DISPLAY,88,0,Condition: no more authorizations available (VALUE 'N'),WS-MORE-AUTHS-FLAG,N/A,0,0,NO,DISPLAY,,,,,WS-VARIABLES,80,NO,,NO,,'N',,YES
PAUDBUNL,WS-END-OF-ROOT-SEG,FIELD,X(01),ALPHANUMERIC,5,1,End of root segment flag indicator (VALUE SPACES),WS-VARIABLES,X,1,0,NO,DISPLAY,,,,,WS-VARIABLES,81,NO,,NO,SPACES,,,YES
PAUDBUNL,WS-END-OF-CHILD-SEG,FIELD,X(01),ALPHANUMERIC,5,1,End of child segment flag indicator (VALUE SPACES),WS-VARIABLES,X,1,0,NO,DISPLAY,,,,,WS-VARIABLES,82,NO,,NO,SPACES,,,YES
PAUDBUNL,WS-INFILE-STATUS,FIELD,X(02),ALPHANUMERIC,5,2,Input file I/O status code (2-character) (VALUE SPACES),WS-VARIABLES,X(2),2,0,NO,DISPLAY,,,,,WS-VARIABLES,83,NO,,NO,SPACES,,,YES
PAUDBUNL,WS-OUTFL1-STATUS,FIELD,X(02),ALPHANUMERIC,5,2,Output file 1 I/O status code (2-character) (VALUE SPACES),WS-VARIABLES,X(2),2,0,NO,DISPLAY,,,,,WS-VARIABLES,85,NO,,NO,SPACES,,,YES
PAUDBUNL,WS-OUTFL2-STATUS,FIELD,X(02),ALPHANUMERIC,5,2,Output file 2 I/O status code (2-character) (VALUE SPACES),WS-VARIABLES,X(2),2,0,NO,DISPLAY,,,,,WS-VARIABLES,87,NO,,NO,SPACES,,,YES
PAUDBUNL,WS-CUSTID-STATUS,FIELD,X(02),ALPHANUMERIC,5,2,Customer ID file I/O status code (2-character) (VALUE SPACES),WS-VARIABLES,X(2),2,0,NO,DISPLAY,,,,,WS-VARIABLES,89,NO,,NO,SPACES,,,YES
PAUDBUNL,END-OF-FILE,CONDITION,N/A,DISPLAY,88,0,Condition: end of file reached (VALUE '10'),WS-CUSTID-STATUS,N/A,0,0,NO,DISPLAY,,,,,WS-VARIABLES,89,NO,,NO,,'10',,YES
PAUDBUNL,WK-CHKPT-ID,GROUP,N/A,GROUP,5,8,Checkpoint identifier group,WS-VARIABLES,N/A,0,0,NO,DISPLAY,,,,,WS-VARIABLES,91,NO,,NO,,,,YES
PAUDBUNL,FILLER-1,FIELD,X(04),ALPHANUMERIC,10,4,"Reserved placeholder field used for data structure alignment, padding, or holding constant values",WK-CHKPT-ID,X(4),4,0,NO,DISPLAY,,,,,WS-VARIABLES,91,NO,,NO,'RMAD',,,YES
PAUDBUNL,WK-CHKPT-ID-CTR,FIELD,9(04),NUMERIC,10,4,Checkpoint identifier counter (4-digit numeric) (VALUE ZEROES),WK-CHKPT-ID,9999,4,0,NO,DISPLAY,,,,,WS-VARIABLES,95,NO,,NO,ZEROES,,,YES
PAUDBUNL,WS-IMS-VARIABLES,RECORD,N/A,GROUP,1,3,IMS database return codes and status group,WS-IMS-VARIABLES,N/A,0,0,NO,DISPLAY,,,,,WS-IMS-VARIABLES,1,NO,,NO,,,,YES
PAUDBUNL,IMS-RETURN-CODE,FIELD,X(02),ALPHANUMERIC,5,2,IMS database operation return code (2-character),WS-IMS-VARIABLES,X(2),2,0,NO,DISPLAY,,,,,WS-IMS-VARIABLES,1,NO,,NO,,,,YES
PAUDBUNL,STATUS-OK,CONDITION,N/A,DISPLAY,88,0,"Condition: IMS operation completed successfully (VALUE '  ', 'FW')",IMS-RETURN-CODE,N/A,0,0,NO,DISPLAY,,,,,WS-IMS-VARIABLES,1,NO,,NO,,"'  ', 'FW'",,YES
PAUDBUNL,SEGMENT-NOT-FOUND,CONDITION,N/A,DISPLAY,88,0,Condition: requested segment not found in database (VALUE 'GE'),IMS-RETURN-CODE,N/A,0,0,NO,DISPLAY,,,,,WS-IMS-VARIABLES,1,NO,,NO,,'GE',,YES
PAUDBUNL,DUPLICATE-SEGMENT-FOUND,CONDITION,N/A,DISPLAY,88,0,Condition: duplicate segment found in database (VALUE 'II'),IMS-RETURN-CODE,N/A,0,0,NO,DISPLAY,,,,,WS-IMS-VARIABLES,1,NO,,NO,,'II',,YES
PAUDBUNL,WRONG-PARENTAGE,CONDITION,N/A,DISPLAY,88,0,Condition: segment has incorrect parent relationship (VALUE 'GP'),IMS-RETURN-CODE,N/A,0,0,NO,DISPLAY,,,,,WS-IMS-VARIABLES,1,NO,,NO,,'GP',,YES
PAUDBUNL,END-OF-DB,CONDITION,N/A,DISPLAY,88,0,Condition: end of database reached (VALUE 'GB'),IMS-RETURN-CODE,N/A,0,0,NO,DISPLAY,,,,,WS-IMS-VARIABLES,1,NO,,NO,,'GB',,YES
PAUDBUNL,DATABASE-UNAVAILABLE,CONDITION,N/A,DISPLAY,88,0,Condition: IMS database is unavailable (VALUE 'BA'),IMS-RETURN-CODE,N/A,0,0,NO,DISPLAY,,,,,WS-IMS-VARIABLES,1,NO,,NO,,'BA',,YES
PAUDBUNL,PSB-SCHEDULED-MORE-THAN-ONCE,CONDITION,N/A,DISPLAY,88,0,Condition: PSB scheduled more than once (VALUE 'TC'),IMS-RETURN-CODE,N/A,0,0,NO,DISPLAY,,,,,WS-IMS-VARIABLES,1,NO,,NO,,'TC',,YES
PAUDBUNL,COULD-NOT-SCHEDULE-PSB,CONDITION,N/A,DISPLAY,88,0,Condition: unable to schedule PSB (VALUE 'TE'),IMS-RETURN-CODE,N/A,0,0,NO,DISPLAY,,,,,WS-IMS-VARIABLES,1,NO,,NO,,'TE',,YES
PAUDBUNL,RETRY-CONDITION,CONDITION,N/A,DISPLAY,88,0,"Condition: operation should be retried (VALUE 'BA', 'FH', 'TE')",IMS-RETURN-CODE,N/A,0,0,NO,DISPLAY,,,,,WS-IMS-VARIABLES,1,NO,,NO,,"'BA', 'FH', 'TE'",,YES
PAUDBUNL,WS-IMS-PSB-SCHD-FLG,FIELD,X(1),ALPHANUMERIC,5,1,IMS PSB scheduling status flag indicator,WS-IMS-VARIABLES,X,1,0,NO,DISPLAY,,,,,WS-IMS-VARIABLES,3,NO,,NO,,,,YES
PAUDBUNL,IMS-PSB-SCHD,CONDITION,N/A,DISPLAY,88,0,Condition: IMS PSB is scheduled (VALUE 'Y'),WS-IMS-PSB-SCHD-FLG,N/A,0,0,NO,DISPLAY,,,,,WS-IMS-VARIABLES,3,NO,,NO,,'Y',,YES
PAUDBUNL,IMS-PSB-NOT-SCHD,CONDITION,N/A,DISPLAY,88,0,Condition: IMS PSB is not scheduled (VALUE 'N'),WS-IMS-PSB-SCHD-FLG,N/A,0,0,NO,DISPLAY,,,,,WS-IMS-VARIABLES,3,NO,,NO,,'N',,YES
PAUDBUNL,ROOT-UNQUAL-SSA,RECORD,N/A,GROUP,1,9,Root segment unqualified SSA group for IMS database access,ROOT-UNQUAL-SSA,N/A,0,0,NO,DISPLAY,,,,,ROOT-UNQUAL-SSA,1,NO,,NO,,,,YES
PAUDBUNL,FILLER-2,FIELD,X(08),ALPHANUMERIC,5,8,"Reserved placeholder field used for data structure alignment, padding, or holding constant values",ROOT-UNQUAL-SSA,X(8),8,0,NO,DISPLAY,,,,,ROOT-UNQUAL-SSA,1,NO,,NO,'PAUTSUM0',,,YES
PAUDBUNL,FILLER-3,FIELD,X(01),ALPHANUMERIC,5,1,"Reserved placeholder field used for data structure alignment, padding, or holding constant values",ROOT-UNQUAL-SSA,X,1,0,NO,DISPLAY,,,,,ROOT-UNQUAL-SSA,9,NO,,NO,' ',,,YES
PAUDBUNL,CHILD-UNQUAL-SSA,RECORD,N/A,GROUP,1,9,Child segment unqualified SSA group for IMS database access,CHILD-UNQUAL-SSA,N/A,0,0,NO,DISPLAY,,,,,CHILD-UNQUAL-SSA,1,NO,,NO,,,,YES
PAUDBUNL,FILLER-4,FIELD,X(08),ALPHANUMERIC,5,8,"Reserved placeholder field used for data structure alignment, padding, or holding constant values",CHILD-UNQUAL-SSA,X(8),8,0,NO,DISPLAY,,,,,CHILD-UNQUAL-SSA,1,NO,,NO,'PAUTDTL1',,,YES
PAUDBUNL,FILLER-5,FIELD,X(01),ALPHANUMERIC,5,1,"Reserved placeholder field used for data structure alignment, padding, or holding constant values",CHILD-UNQUAL-SSA,X,1,0,NO,DISPLAY,,,,,CHILD-UNQUAL-SSA,9,NO,,NO,' ',,,YES
PAUDBUNL,PRM-INFO,RECORD,N/A,GROUP,1,17,Parameter information group containing runtime configuration,PRM-INFO,N/A,0,0,NO,DISPLAY,,,,,PRM-INFO,1,NO,,NO,,,,YES
PAUDBUNL,P-EXPIRY-DAYS,FIELD,9(02),NUMERIC,5,2,Parameter: authorization expiry days threshold (2-digit numeric),PRM-INFO,99,2,0,NO,DISPLAY,,,,,PRM-INFO,1,NO,,NO,,,,YES
PAUDBUNL,FILLER-6,FIELD,X(01),ALPHANUMERIC,5,1,"Reserved placeholder field used for data structure alignment, padding, or holding constant values",PRM-INFO,X,1,0,NO,DISPLAY,,,,,PRM-INFO,3,NO,,NO,,,,YES
PAUDBUNL,P-CHKP-FREQ,FIELD,X(05),ALPHANUMERIC,5,5,Parameter: checkpoint frequency setting (5-character),PRM-INFO,X(5),5,0,NO,DISPLAY,,,,,PRM-INFO,4,NO,,NO,,,,YES
PAUDBUNL,FILLER-7,FIELD,X(01),ALPHANUMERIC,5,1,"Reserved placeholder field used for data structure alignment, padding, or holding constant values",PRM-INFO,X,1,0,NO,DISPLAY,,,,,PRM-INFO,9,NO,,NO,,,,YES
PAUDBUNL,P-CHKP-DIS-FREQ,FIELD,X(05),ALPHANUMERIC,5,5,Parameter: checkpoint display frequency setting (5-character),PRM-INFO,X(5),5,0,NO,DISPLAY,,,,,PRM-INFO,10,NO,,NO,,,,YES
PAUDBUNL,FILLER-8,FIELD,X(01),ALPHANUMERIC,5,1,"Reserved placeholder field used for data structure alignment, padding, or holding constant values",PRM-INFO,X,1,0,NO,DISPLAY,,,,,PRM-INFO,15,NO,,NO,,,,YES
PAUDBUNL,P-DEBUG-FLAG,FIELD,X(01),ALPHANUMERIC,5,1,Parameter: debug mode flag indicator,PRM-INFO,X,1,0,NO,DISPLAY,,,,,PRM-INFO,16,NO,,NO,,,,YES
PAUDBUNL,DEBUG-ON,CONDITION,N/A,DISPLAY,88,0,Condition: debug mode is enabled (VALUE 'Y'),P-DEBUG-FLAG,N/A,0,0,NO,DISPLAY,,,,,PRM-INFO,16,NO,,NO,,'Y',,YES
PAUDBUNL,DEBUG-OFF,CONDITION,N/A,DISPLAY,88,0,Condition: debug mode is disabled (VALUE 'N'),P-DEBUG-FLAG,N/A,0,0,NO,DISPLAY,,,,,PRM-INFO,16,NO,,NO,,'N',,YES
PAUDBUNL,FILLER-9,FIELD,X(01),ALPHANUMERIC,5,1,"Reserved placeholder field used for data structure alignment, padding, or holding constant values",PRM-INFO,X,1,0,NO,DISPLAY,,,,,PRM-INFO,17,NO,,NO,,,,YES
PAUDBUNL,PENDING-AUTH-SUMMARY,RECORD,N/A,GROUP,1,0,Pending authorization summary record group,PENDING-AUTH-SUMMARY,N/A,0,0,NO,DISPLAY,,,,,PENDING-AUTH-SUMMARY,1,NO,,NO,,,,YES
PAUDBUNL,PENDING-AUTH-DETAILS,RECORD,N/A,GROUP,1,0,Pending authorization details record group,PENDING-AUTH-DETAILS,N/A,0,0,NO,DISPLAY,,,,,PENDING-AUTH-DETAILS,1,NO,,NO,,,,YES
COPAUS2C,WS-VARIABLES,RECORD,N/A,GROUP,1,67,Working storage variables group,WS-VARIABLES,N/A,0,0,NO,DISPLAY,,,,,WS-VARIABLES,1,NO,,NO,,,,YES
COPAUS2C,WS-PGMNAME,FIELD,X(08),ALPHANUMERIC,5,8,Program name identifier (VALUE 'COPAUS2C'),WS-VARIABLES,X(8),8,0,NO,DISPLAY,,,,,WS-VARIABLES,1,NO,,NO,'COPAUS2C',,,YES
COPAUS2C,WS-LENGTH,FIELD,S9(4) COMP,BINARY,5,2,Signed numeric length value in binary format (USAGE COMP) (VALUE ZERO),WS-VARIABLES,'+/-9999,5,0,YES,COMP,,,,,WS-VARIABLES,9,NO,,NO,ZERO,,,YES
COPAUS2C,WS-AUTH-TIME,FIELD,9(09),NUMERIC,5,9,Authorization timestamp as 9-digit numeric value,WS-VARIABLES,999999999,9,0,NO,DISPLAY,,,,,WS-VARIABLES,11,NO,,NO,,,,YES
COPAUS2C,WS-AUTH-TIME-AN,FIELD,X(09),ALPHANUMERIC,5,9,Authorization timestamp as 9-character alphanumeric value (REDEFINES WS-AUTH-TIME),WS-VARIABLES,X(9),9,0,NO,DISPLAY,,,,WS-AUTH-TIME,WS-VARIABLES,11,NO,,NO,,,,YES
COPAUS2C,WS-AUTH-TS,GROUP,N/A,GROUP,5,23,Authorization timestamp formatted group (YY-MM-DD HH.MI.SS.SSS000),WS-VARIABLES,N/A,0,0,NO,DISPLAY,,,,,WS-VARIABLES,20,NO,,NO,,,,YES
COPAUS2C,WS-AUTH-YY,FIELD,X(02),ALPHANUMERIC,10,2,Authorization year component (2 digits),WS-AUTH-TS,X(2),2,0,NO,DISPLAY,,,,,WS-VARIABLES,20,NO,,NO,,,,YES
COPAUS2C,FILLER-1,FIELD,X(01),ALPHANUMERIC,10,1,"Reserved placeholder field used for data structure alignment, padding, or holding constant values",WS-AUTH-TS,X,1,0,NO,DISPLAY,,,,,WS-VARIABLES,22,NO,,NO,'-',,,YES
COPAUS2C,WS-AUTH-MM,FIELD,X(02),ALPHANUMERIC,10,2,Authorization month component (2 digits),WS-AUTH-TS,X(2),2,0,NO,DISPLAY,,,,,WS-VARIABLES,23,NO,,NO,,,,YES
COPAUS2C,FILLER-2,FIELD,X(01),ALPHANUMERIC,10,1,"Reserved placeholder field used for data structure alignment, padding, or holding constant values",WS-AUTH-TS,X,1,0,NO,DISPLAY,,,,,WS-VARIABLES,25,NO,,NO,'-',,,YES
COPAUS2C,WS-AUTH-DD,FIELD,X(02),ALPHANUMERIC,10,2,Authorization day component (2 digits),WS-AUTH-TS,X(2),2,0,NO,DISPLAY,,,,,WS-VARIABLES,26,NO,,NO,,,,YES
COPAUS2C,FILLER-3,FIELD,X(01),ALPHANUMERIC,10,1,"Reserved placeholder field used for data structure alignment, padding, or holding constant values",WS-AUTH-TS,X,1,0,NO,DISPLAY,,,,,WS-VARIABLES,28,NO,,NO,' ',,,YES
COPAUS2C,WS-AUTH-HH,FIELD,X(02),ALPHANUMERIC,10,2,Authorization hour component (2 digits),WS-AUTH-TS,X(2),2,0,NO,DISPLAY,,,,,WS-VARIABLES,29,NO,,NO,,,,YES
COPAUS2C,FILLER-4,FIELD,X(01),ALPHANUMERIC,10,1,"Reserved placeholder field used for data structure alignment, padding, or holding constant values",WS-AUTH-TS,X,1,0,NO,DISPLAY,,,,,WS-VARIABLES,31,NO,,NO,'.',,,YES
COPAUS2C,WS-AUTH-MI,FIELD,X(02),ALPHANUMERIC,10,2,Authorization minute component (2 digits),WS-AUTH-TS,X(2),2,0,NO,DISPLAY,,,,,WS-VARIABLES,32,NO,,NO,,,,YES
COPAUS2C,FILLER-5,FIELD,X(01),ALPHANUMERIC,10,1,"Reserved placeholder field used for data structure alignment, padding, or holding constant values",WS-AUTH-TS,X,1,0,NO,DISPLAY,,,,,WS-VARIABLES,34,NO,,NO,'.',,,YES
COPAUS2C,WS-AUTH-SS,FIELD,X(02),ALPHANUMERIC,10,2,Authorization second component (2 digits),WS-AUTH-TS,X(2),2,0,NO,DISPLAY,,,,,WS-VARIABLES,35,NO,,NO,,,,YES
COPAUS2C,WS-AUTH-SSS,FIELD,X(03),ALPHANUMERIC,10,3,Authorization millisecond component (3 digits),WS-AUTH-TS,X(3),3,0,NO,DISPLAY,,,,,WS-VARIABLES,37,NO,,NO,,,,YES
COPAUS2C,FILLER-6,FIELD,X(03),ALPHANUMERIC,10,3,"Reserved placeholder field used for data structure alignment, padding, or holding constant values",WS-AUTH-TS,X(3),3,0,NO,DISPLAY,,,,,WS-VARIABLES,40,NO,,NO,'000',,,YES
COPAUS2C,WS-ERR-FLG,FIELD,X(01),ALPHANUMERIC,5,1,Error flag indicator (VALUE 'N'),WS-VARIABLES,X,1,0,NO,DISPLAY,,,,,WS-VARIABLES,43,NO,,NO,'N',,,YES
COPAUS2C,ERR-FLG-ON,CONDITION,N/A,DISPLAY,88,0,Condition: error flag is on (VALUE 'Y'),WS-ERR-FLG,N/A,0,0,NO,DISPLAY,,,,,WS-VARIABLES,43,NO,,NO,,'Y',,YES
COPAUS2C,ERR-FLG-OF,CONDITION,N/A,DISPLAY,88,0,Condition: error flag is off (VALUE 'N'),WS-ERR-FLG,N/A,0,0,NO,DISPLAY,,,,,WS-VARIABLES,43,NO,,NO,,'N',,YES
COPAUS2C,WS-SQLCODE,FIELD,'+9(06),NUMERIC,5,4,SQL return code as signed 6-digit numeric value,WS-VARIABLES,'+9(06),4,0,YES,DISPLAY,,,,,WS-VARIABLES,44,NO,,NO,,,,YES
COPAUS2C,WS-SQLSTATE,FIELD,'+9(09),NUMERIC,5,4,SQL state code as signed 9-digit numeric value,WS-VARIABLES,'+9(09),4,0,YES,DISPLAY,,,,,WS-VARIABLES,48,NO,,NO,,,,YES
COPAUS2C,WS-ABS-TIME,FIELD,S9(15) COMP-3,PACKED,5,8,Absolute system time value in packed decimal format (USAGE COMP-3) (VALUE 0),WS-VARIABLES,'+/-999999999999999,16,0,YES,COMP-3,,,,,WS-VARIABLES,52,NO,,NO,0,,,YES
COPAUS2C,WS-CUR-DATE,FIELD,X(08),ALPHANUMERIC,5,8,Current date as 8-character alphanumeric value (VALUE SPACES),WS-VARIABLES,X(8),8,0,NO,DISPLAY,,,,,WS-VARIABLES,60,NO,,NO,SPACES,,,YES
COPAUS2C,DFHCOMMAREA,RECORD,N/A,GROUP,1,72,CICS communication area record,DFHCOMMAREA,N/A,0,0,NO,DISPLAY,,,,,DFHCOMMAREA,1,NO,,NO,,,,YES
COPAUS2C,WS-ACCT-ID,FIELD,9(11),NUMERIC,2,11,Account identifier as 11-digit numeric value,DFHCOMMAREA,99999999999,11,0,NO,DISPLAY,,,,,DFHCOMMAREA,1,NO,,NO,,,,YES
COPAUS2C,WS-CUST-ID,FIELD,9(9),NUMERIC,2,9,Customer identifier as 9-digit numeric value,DFHCOMMAREA,999999999,9,0,NO,DISPLAY,,,,,DFHCOMMAREA,12,NO,,NO,,,,YES
COPAUS2C,WS-FRAUD-AUTH-RECORD,GROUP,N/A,GROUP,2,0,Fraud authorization record group,DFHCOMMAREA,N/A,0,0,NO,DISPLAY,,,,,DFHCOMMAREA,21,NO,,NO,,,,YES
COPAUS2C,WS-FRAUD-STATUS-RECORD,GROUP,N/A,GROUP,2,52,Fraud status record group,DFHCOMMAREA,N/A,0,0,NO,DISPLAY,,,,,DFHCOMMAREA,21,NO,,NO,,,,YES
COPAUS2C,WS-FRD-ACTION,FIELD,X(01),ALPHANUMERIC,5,1,Fraud action code (1 character),WS-FRAUD-STATUS-RECORD,X,1,0,NO,DISPLAY,,,,,DFHCOMMAREA,21,NO,,NO,,,,YES
COPAUS2C,WS-REPORT-FRAUD,CONDITION,N/A,DISPLAY,88,0,Condition: report fraud action (VALUE 'F'),WS-FRD-ACTION,N/A,0,0,NO,DISPLAY,,,,,DFHCOMMAREA,21,NO,,NO,,'F',,YES
COPAUS2C,WS-REMOVE-FRAUD,CONDITION,N/A,DISPLAY,88,0,Condition: remove fraud action (VALUE 'R'),WS-FRD-ACTION,N/A,0,0,NO,DISPLAY,,,,,DFHCOMMAREA,21,NO,,NO,,'R',,YES
COPAUS2C,WS-FRD-UPDATE-STATUS,FIELD,X(01),ALPHANUMERIC,5,1,Fraud update status indicator (1 character),WS-FRAUD-STATUS-RECORD,X,1,0,NO,DISPLAY,,,,,DFHCOMMAREA,22,NO,,NO,,,,YES
COPAUS2C,WS-FRD-UPDT-SUCCESS,CONDITION,N/A,DISPLAY,88,0,Condition: fraud update successful (VALUE 'S'),WS-FRD-UPDATE-STATUS,N/A,0,0,NO,DISPLAY,,,,,DFHCOMMAREA,22,NO,,NO,,'S',,YES
COPAUS2C,WS-FRD-UPDT-FAILED,CONDITION,N/A,DISPLAY,88,0,Condition: fraud update failed (VALUE 'F'),WS-FRD-UPDATE-STATUS,N/A,0,0,NO,DISPLAY,,,,,DFHCOMMAREA,22,NO,,NO,,'F',,YES
COPAUS2C,WS-FRD-ACT-MSG,FIELD,X(50),ALPHANUMERIC,5,50,Fraud action message text (50 characters),WS-FRAUD-STATUS-RECORD,X(50),50,0,NO,DISPLAY,,,,,DFHCOMMAREA,23,NO,,NO,,,,YES
COTRTLIC,WS-CONSTANTS,RECORD,N/A,GROUP,1,181,Constants group containing program identifiers and literal values,WS-CONSTANTS,N/A,0,0,NO,DISPLAY,,,,,WS-CONSTANTS,1,NO,,NO,,,,YES
COTRTLIC,LIT-THISPGM,FIELD,X(8),ALPHANUMERIC,5,8,Program name constant for COTRTLIC (VALUE 'COTRTLIC'),WS-CONSTANTS,X(8),8,0,NO,DISPLAY,,,,,WS-CONSTANTS,1,NO,,NO,'COTRTLIC',,,YES
COTRTLIC,LIT-THISTRANID,FIELD,X(4),ALPHANUMERIC,5,4,Transaction ID constant for CTLI (VALUE 'CTLI'),WS-CONSTANTS,X(4),4,0,NO,DISPLAY,,,,,WS-CONSTANTS,9,NO,,NO,'CTLI',,,YES
COTRTLIC,LIT-THISMAPSET,FIELD,X(7),ALPHANUMERIC,5,7,Mapset name constant for COTRTLI (VALUE 'COTRTLI'),WS-CONSTANTS,X(7),7,0,NO,DISPLAY,,,,,WS-CONSTANTS,13,NO,,NO,'COTRTLI',,,YES
COTRTLIC,LIT-THISMAP,FIELD,X(7),ALPHANUMERIC,5,7,Map name constant for CTRTLIA (VALUE 'CTRTLIA'),WS-CONSTANTS,X(7),7,0,NO,DISPLAY,,,,,WS-CONSTANTS,20,NO,,NO,'CTRTLIA',,,YES
COTRTLIC,LIT-ADMINPGM,FIELD,X(8),ALPHANUMERIC,5,8,Program name constant for COADM01C (VALUE 'COADM01C'),WS-CONSTANTS,X(8),8,0,NO,DISPLAY,,,,,WS-CONSTANTS,27,NO,,NO,'COADM01C',,,YES
COTRTLIC,LIT-ADMINTRANID,FIELD,X(4),ALPHANUMERIC,5,4,Transaction ID constant for CA00 (VALUE 'CA00'),WS-CONSTANTS,X(4),4,0,NO,DISPLAY,,,,,WS-CONSTANTS,35,NO,,NO,'CA00',,,YES
COTRTLIC,LIT-ADMINMAPSET,FIELD,X(7),ALPHANUMERIC,5,7,Mapset name constant for COADM01 (VALUE 'COADM01'),WS-CONSTANTS,X(7),7,0,NO,DISPLAY,,,,,WS-CONSTANTS,39,NO,,NO,'COADM01',,,YES
COTRTLIC,LIT-ADDTPGM,FIELD,X(8),ALPHANUMERIC,5,8,Program name constant for COTRTUPC (VALUE 'COTRTUPC'),WS-CONSTANTS,X(8),8,0,NO,DISPLAY,,,,,WS-CONSTANTS,46,NO,,NO,'COTRTUPC',,,YES
COTRTLIC,LIT-ADDTTRANID,FIELD,X(4),ALPHANUMERIC,5,4,Transaction ID constant for CTTU (VALUE 'CTTU'),WS-CONSTANTS,X(4),4,0,NO,DISPLAY,,,,,WS-CONSTANTS,54,NO,,NO,'CTTU',,,YES
COTRTLIC,LIT-ADDTMAPSET,FIELD,X(7),ALPHANUMERIC,5,7,Mapset name constant for COTRTUP (VALUE 'COTRTUP'),WS-CONSTANTS,X(7),7,0,NO,DISPLAY,,,,,WS-CONSTANTS,58,NO,,NO,'COTRTUP',,,YES
COTRTLIC,LIT-ADDTMAP,FIELD,X(7),ALPHANUMERIC,5,7,Map name constant for CTRTUPA (VALUE 'CTRTUPA'),WS-CONSTANTS,X(7),7,0,NO,DISPLAY,,,,,WS-CONSTANTS,65,NO,,NO,'CTRTUPA',,,YES
COTRTLIC,LIT-DSNTIAC,FIELD,X(7),ALPHANUMERIC,5,7,DSNTIAC constant (VALUE 'DSNTIAC'),WS-CONSTANTS,X(7),7,0,NO,DISPLAY,,,,,WS-CONSTANTS,72,NO,,NO,'DSNTIAC',,,YES
COTRTLIC,LIT-ASTERISK,FIELD,X(7),ALPHANUMERIC,5,7,Asterisk character constant (VALUE '*'),WS-CONSTANTS,X(7),7,0,NO,DISPLAY,,,,,WS-CONSTANTS,79,NO,,NO,'*',,,YES
COTRTLIC,LIT-TRANTYPE-TABLE,FIELD,X(30),ALPHANUMERIC,5,30,Transaction type table name constant (VALUE 'TRANSACTION_TYPE '),WS-CONSTANTS,X(30),30,0,NO,DISPLAY,,,,,WS-CONSTANTS,86,NO,,NO,'TRANSACTION_TYPE ',,,YES
COTRTLIC,LIT-DELETE-FLAG,FIELD,X(1),ALPHANUMERIC,5,1,Delete action flag constant (VALUE 'D'),WS-CONSTANTS,X,1,0,NO,DISPLAY,,,,,WS-CONSTANTS,116,NO,,NO,'D',,,YES
COTRTLIC,LIT-UPDATE-FLAG,FIELD,X(1),ALPHANUMERIC,5,1,Update action flag constant (VALUE 'U'),WS-CONSTANTS,X,1,0,NO,DISPLAY,,,,,WS-CONSTANTS,117,NO,,NO,'U',,,YES
COTRTLIC,WS-MAX-SCREEN-LINES,FIELD,S9(4) COMP,BINARY,5,2,Maximum number of screen lines for display (PIC S9(4) COMP VALUE 7),WS-CONSTANTS,'+/-9999,5,0,YES,COMP,,,,,WS-CONSTANTS,118,NO,,NO,7,,,YES
COTRTLIC,LIT-ALL-ALPHANUM-FROM-X,GROUP,N/A,GROUP,5,62,"Alphanumeric character reference group containing uppercase letters, lowercase letters, and digits",WS-CONSTANTS,N/A,0,0,NO,DISPLAY,,,,,WS-CONSTANTS,120,NO,,NO,,,,YES
COTRTLIC,LIT-ALL-ALPHA-FROM-X,GROUP,N/A,GROUP,10,52,Alphabetic character reference group containing uppercase and lowercase letters,LIT-ALL-ALPHANUM-FROM-X,N/A,0,0,NO,DISPLAY,,,,,WS-CONSTANTS,120,NO,,NO,,,,YES
COTRTLIC,LIT-UPPER,FIELD,X(26),ALPHANUMERIC,15,26,Uppercase alphabet reference string (PIC X(26) VALUE 'ABCDEFGHIJKLMNOPQRSTUVWXYZ'),LIT-ALL-ALPHA-FROM-X,X(26),26,0,NO,DISPLAY,,,,,WS-CONSTANTS,120,NO,,NO,'ABCDEFGHIJKLMNOPQRSTUVWXYZ',,,YES
COTRTLIC,LIT-LOWER,FIELD,X(26),ALPHANUMERIC,15,26,Lowercase alphabet reference string (PIC X(26) VALUE 'abcdefghijklmnopqrstuvwxyz'),LIT-ALL-ALPHA-FROM-X,X(26),26,0,NO,DISPLAY,,,,,WS-CONSTANTS,146,NO,,NO,'abcdefghijklmnopqrstuvwxyz',,,YES
COTRTLIC,LIT-NUMBERS,FIELD,X(10),ALPHANUMERIC,10,10,Numeric digit reference string (PIC X(10) VALUE '0123456789'),LIT-ALL-ALPHANUM-FROM-X,X(10),10,0,NO,DISPLAY,,,,,WS-CONSTANTS,172,NO,,NO,'0123456789',,,YES
COTRTLIC,LIT-ALL-ALPHA-FROM,FIELD,X(52),ALPHANUMERIC,1,52,Alphanumeric conversion source string for alphabetic characters (PIC X(52) VALUE SPACES),LIT-ALL-ALPHA-FROM,X(52),52,0,NO,DISPLAY,,,,,LIT-ALL-ALPHA-FROM,1,NO,,NO,SPACES,,,YES
COTRTLIC,LIT-ALL-ALPHANUM-FROM,FIELD,X(62),ALPHANUMERIC,1,62,Alphanumeric conversion source string for all alphanumeric characters (PIC X(62) VALUE SPACES),LIT-ALL-ALPHANUM-FROM,X(62),62,0,NO,DISPLAY,,,,,LIT-ALL-ALPHANUM-FROM,1,NO,,NO,SPACES,,,YES
COTRTLIC,LIT-ALL-NUM-FROM,FIELD,X(10),ALPHANUMERIC,1,10,Numeric conversion source string (PIC X(10) VALUE SPACES),LIT-ALL-NUM-FROM,X(10),10,0,NO,DISPLAY,,,,,LIT-ALL-NUM-FROM,1,NO,,NO,SPACES,,,YES
COTRTLIC,LIT-ALPHA-SPACES-TO,FIELD,X(52),ALPHANUMERIC,77,52,Alphabetic character conversion target string (PIC X(52) VALUE SPACES),LIT-ALPHA-SPACES-TO,X(52),52,0,NO,DISPLAY,,,,,LIT-ALPHA-SPACES-TO,1,NO,,NO,SPACES,,,YES
COTRTLIC,LIT-ALPHANUM-SPACES-TO,FIELD,X(62),ALPHANUMERIC,77,62,Alphanumeric character conversion target string (PIC X(62) VALUE SPACES),LIT-ALPHANUM-SPACES-TO,X(62),62,0,NO,DISPLAY,,,,,LIT-ALPHANUM-SPACES-TO,1,NO,,NO,SPACES,,,YES
COTRTLIC,LIT-NUM-SPACES-TO,FIELD,X(10),ALPHANUMERIC,77,10,Numeric character conversion target string (PIC X(10) VALUE SPACES),LIT-NUM-SPACES-TO,X(10),10,0,NO,DISPLAY,,,,,LIT-NUM-SPACES-TO,1,NO,,NO,SPACES,,,YES
COTRTLIC,WS-MISC-STORAGE,RECORD,N/A,GROUP,1,1844,Miscellaneous working storage group for processing variables and flags,WS-MISC-STORAGE,N/A,0,0,NO,DISPLAY,,,,,WS-MISC-STORAGE,1,NO,,NO,,,,YES
COTRTLIC,WS-CICS-PROCESSNG-VARS,GROUP,N/A,GROUP,5,12,CICS processing variables group containing response and reason codes,WS-MISC-STORAGE,N/A,0,0,NO,DISPLAY,,,,,WS-MISC-STORAGE,1,NO,,NO,,,,YES
COTRTLIC,WS-RESP-CD,FIELD,S9(9) COMP,BINARY,7,4,CICS response code (PIC S9(9) COMP VALUE ZEROS),WS-CICS-PROCESSNG-VARS,'+/-999999999,10,0,YES,COMP,,,,,WS-MISC-STORAGE,1,NO,,NO,ZEROS,,,YES
COTRTLIC,WS-REAS-CD,FIELD,S9(9) COMP,BINARY,7,4,CICS reason code (PIC S9(9) COMP VALUE ZEROS),WS-CICS-PROCESSNG-VARS,'+/-999999999,10,0,YES,COMP,,,,,WS-MISC-STORAGE,5,NO,,NO,ZEROS,,,YES
COTRTLIC,WS-TRANID,FIELD,X(4),ALPHANUMERIC,7,4,Transaction ID (PIC X(4) VALUE SPACES),WS-CICS-PROCESSNG-VARS,X(4),4,0,NO,DISPLAY,,,,,WS-MISC-STORAGE,9,NO,,NO,SPACES,,,YES
COTRTLIC,WS-INPUT-FLAG,FIELD,X(1),ALPHANUMERIC,5,1,Input validation flag (PIC X(1)),WS-MISC-STORAGE,X,1,0,NO,DISPLAY,,,,,WS-MISC-STORAGE,13,NO,,NO,,,,YES
COTRTLIC,INPUT-OK,CONDITION,N/A,DISPLAY,88,0,Condition: input validation successful (VALUE '0' or ' '),WS-INPUT-FLAG,N/A,0,0,NO,DISPLAY,,,,,WS-MISC-STORAGE,13,NO,,NO,,"'0', ' '",,YES
COTRTLIC,INPUT-ERROR,CONDITION,N/A,DISPLAY,88,0,Condition: input validation failed (VALUE '1'),WS-INPUT-FLAG,N/A,0,0,NO,DISPLAY,,,,,WS-MISC-STORAGE,13,NO,,NO,,'1',,YES
COTRTLIC,WS-EDIT-TYPE-FLAG,FIELD,X(1),ALPHANUMERIC,5,1,Transaction type filter validation flag (PIC X(1)),WS-MISC-STORAGE,X,1,0,NO,DISPLAY,,,,,WS-MISC-STORAGE,14,NO,,NO,,,,YES
COTRTLIC,FLG-TYPEFILTER-NOT-OK,CONDITION,N/A,DISPLAY,88,0,Condition: transaction type filter validation failed (VALUE '0'),WS-EDIT-TYPE-FLAG,N/A,0,0,NO,DISPLAY,,,,,WS-MISC-STORAGE,14,NO,,NO,,'0',,YES
COTRTLIC,FLG-TYPEFILTER-ISVALID,CONDITION,N/A,DISPLAY,88,0,Condition: transaction type filter is valid (VALUE '1'),WS-EDIT-TYPE-FLAG,N/A,0,0,NO,DISPLAY,,,,,WS-MISC-STORAGE,14,NO,,NO,,'1',,YES
COTRTLIC,FLG-TYPEFILTER-BLANK,CONDITION,N/A,DISPLAY,88,0,Condition: transaction type filter is blank (VALUE ' '),WS-EDIT-TYPE-FLAG,N/A,0,0,NO,DISPLAY,,,,,WS-MISC-STORAGE,14,NO,,NO,,' ',,YES
COTRTLIC,WS-EDIT-DESC-FLAG,FIELD,X(1),ALPHANUMERIC,5,1,Transaction description filter validation flag (PIC X(1)),WS-MISC-STORAGE,X,1,0,NO,DISPLAY,,,,,WS-MISC-STORAGE,15,NO,,NO,,,,YES
COTRTLIC,FLG-DESCFILTER-NOT-OK,CONDITION,N/A,DISPLAY,88,0,Condition: transaction description filter validation failed (VALUE '0'),WS-EDIT-DESC-FLAG,N/A,0,0,NO,DISPLAY,,,,,WS-MISC-STORAGE,15,NO,,NO,,'0',,YES
COTRTLIC,FLG-DESCFILTER-ISVALID,CONDITION,N/A,DISPLAY,88,0,Condition: transaction description filter is valid (VALUE '1'),WS-EDIT-DESC-FLAG,N/A,0,0,NO,DISPLAY,,,,,WS-MISC-STORAGE,15,NO,,NO,,'1',,YES
COTRTLIC,FLG-DESCFILTER-BLANK,CONDITION,N/A,DISPLAY,88,0,Condition: transaction description filter is blank (VALUE ' '),WS-EDIT-DESC-FLAG,N/A,0,0,NO,DISPLAY,,,,,WS-MISC-STORAGE,15,NO,,NO,,' ',,YES
COTRTLIC,WS-TYPEFILTER-CHANGED,FIELD,X(1),ALPHANUMERIC,5,1,Transaction type filter change indicator (PIC X(1)),WS-MISC-STORAGE,X,1,0,NO,DISPLAY,,,,,WS-MISC-STORAGE,16,NO,,NO,,,,YES
COTRTLIC,FLG-TYPEFILTER-CHANGED-NO,CONDITION,N/A,DISPLAY,88,0,Condition: transaction type filter has not changed (VALUE LOW-VALUES),WS-TYPEFILTER-CHANGED,N/A,0,0,NO,DISPLAY,,,,,WS-MISC-STORAGE,16,NO,,NO,,LOW-VALUES,,YES
COTRTLIC,FLG-TYPEFILTER-CHANGED-YES,CONDITION,N/A,DISPLAY,88,0,Condition: transaction type filter has changed (VALUE 'Y'),WS-TYPEFILTER-CHANGED,N/A,0,0,NO,DISPLAY,,,,,WS-MISC-STORAGE,16,NO,,NO,,'Y',,YES
COTRTLIC,WS-DESCFILTER-CHANGED,FIELD,X(1),ALPHANUMERIC,5,1,Transaction description filter change indicator (PIC X(1)),WS-MISC-STORAGE,X,1,0,NO,DISPLAY,,,,,WS-MISC-STORAGE,17,NO,,NO,,,,YES
COTRTLIC,FLG-DESCFILTER-CHANGED-NO,CONDITION,N/A,DISPLAY,88,0,Condition: transaction description filter has not changed (VALUE LOW-VALUES),WS-DESCFILTER-CHANGED,N/A,0,0,NO,DISPLAY,,,,,WS-MISC-STORAGE,17,NO,,NO,,LOW-VALUES,,YES
COTRTLIC,FLG-DESCFILTER-CHANGED-YES,CONDITION,N/A,DISPLAY,88,0,Condition: transaction description filter has changed (VALUE 'Y'),WS-DESCFILTER-CHANGED,N/A,0,0,NO,DISPLAY,,,,,WS-MISC-STORAGE,17,NO,,NO,,'Y',,YES
COTRTLIC,WS-ROW-RECORDS-CHANGED,FIELD,X(01),ALPHANUMERIC,5,1,Row record change indicator array (PIC X(01) OCCURS 7),WS-MISC-STORAGE,X,1,0,NO,DISPLAY,7,7,,,WS-MISC-STORAGE,18,NO,,NO,,,,YES
COTRTLIC,FLG-ROW-DESCR-CHANGED-NO,CONDITION,N/A,DISPLAY,88,0,Condition: row description has not changed (VALUE LOW-VALUES),WS-ROW-RECORDS-CHANGED,N/A,0,0,NO,DISPLAY,,,,,WS-MISC-STORAGE,18,NO,,NO,,LOW-VALUES,,YES
COTRTLIC,FLG-ROW-DESCR-CHANGED-YES,CONDITION,N/A,DISPLAY,88,0,Condition: row description has changed (VALUE 'Y'),WS-ROW-RECORDS-CHANGED,N/A,0,0,NO,DISPLAY,,,,,WS-MISC-STORAGE,18,NO,,NO,,'Y',,YES
COTRTLIC,WS-DELETE-STATUS,FIELD,X(1),ALPHANUMERIC,5,1,Delete operation status flag (PIC X(1)),WS-MISC-STORAGE,X,1,0,NO,DISPLAY,,,,,WS-MISC-STORAGE,25,NO,,NO,,,,YES
COTRTLIC,FLG-DELETED-NO,CONDITION,N/A,DISPLAY,88,0,Condition: record has not been deleted (VALUE LOW-VALUES),WS-DELETE-STATUS,N/A,0,0,NO,DISPLAY,,,,,WS-MISC-STORAGE,25,NO,,NO,,LOW-VALUES,,YES
COTRTLIC,FLG-DELETED-YES,CONDITION,N/A,DISPLAY,88,0,Condition: record has been deleted (VALUE 'Y'),WS-DELETE-STATUS,N/A,0,0,NO,DISPLAY,,,,,WS-MISC-STORAGE,25,NO,,NO,,'Y',,YES
COTRTLIC,WS-UPDATE-STATUS,FIELD,X(1),ALPHANUMERIC,5,1,Update operation status flag (PIC X(1)),WS-MISC-STORAGE,X,1,0,NO,DISPLAY,,,,,WS-MISC-STORAGE,26,NO,,NO,,,,YES
COTRTLIC,FLG-UPDATED-NO,CONDITION,N/A,DISPLAY,88,0,Condition: record has not been updated (VALUE LOW-VALUES),WS-UPDATE-STATUS,N/A,0,0,NO,DISPLAY,,,,,WS-MISC-STORAGE,26,NO,,NO,,LOW-VALUES,,YES
COTRTLIC,FLG-UPDATE-COMPLETED,CONDITION,N/A,DISPLAY,88,0,Condition: record update has been completed (VALUE 'Y'),WS-UPDATE-STATUS,N/A,0,0,NO,DISPLAY,,,,,WS-MISC-STORAGE,26,NO,,NO,,'Y',,YES
COTRTLIC,WS-ROW-SELECTION-CHANGED,FIELD,X(1),ALPHANUMERIC,5,1,Row selection change indicator (PIC X(1)),WS-MISC-STORAGE,X,1,0,NO,DISPLAY,,,,,WS-MISC-STORAGE,27,NO,,NO,,,,YES
COTRTLIC,FLG-ROW-SELECTION-CHANGED-NO,CONDITION,N/A,DISPLAY,88,0,Condition: row selection has not changed (VALUE LOW-VALUES),WS-ROW-SELECTION-CHANGED,N/A,0,0,NO,DISPLAY,,,,,WS-MISC-STORAGE,27,NO,,NO,,LOW-VALUES,,YES
COTRTLIC,FLG-ROW-SELECTION-CHANGED-YES,CONDITION,N/A,DISPLAY,88,0,Condition: row selection has changed (VALUE 'Y'),WS-ROW-SELECTION-CHANGED,N/A,0,0,NO,DISPLAY,,,,,WS-MISC-STORAGE,27,NO,,NO,,'Y',,YES
COTRTLIC,WS-BAD-SELECTION-ACTION,FIELD,X(1),ALPHANUMERIC,5,1,Invalid selection action indicator (PIC X(1)),WS-MISC-STORAGE,X,1,0,NO,DISPLAY,,,,,WS-MISC-STORAGE,28,NO,,NO,,,,YES
COTRTLIC,FLG-BAD-ACTIONS-SELECTED-NO,CONDITION,N/A,DISPLAY,88,0,Condition: no invalid actions have been selected (VALUE LOW-VALUES),WS-BAD-SELECTION-ACTION,N/A,0,0,NO,DISPLAY,,,,,WS-MISC-STORAGE,28,NO,,NO,,LOW-VALUES,,YES
COTRTLIC,FLG-BAD-ACTIONS-SELECTED-YES,CONDITION,N/A,DISPLAY,88,0,Condition: invalid actions have been selected (VALUE 'Y'),WS-BAD-SELECTION-ACTION,N/A,0,0,NO,DISPLAY,,,,,WS-MISC-STORAGE,28,NO,,NO,,'Y',,YES
COTRTLIC,WS-ARRAY-DESCRIPTION-FLGS,FIELD,X(1),ALPHANUMERIC,5,1,Row description validation flag (PIC X(1)),WS-MISC-STORAGE,X,1,0,NO,DISPLAY,,,,,WS-MISC-STORAGE,29,NO,,NO,,,,YES
COTRTLIC,FLG-ROW-DESCRIPTION-ISVALID,CONDITION,N/A,DISPLAY,88,0,Condition: row description is valid (VALUE LOW-VALUES or SPACES),WS-ARRAY-DESCRIPTION-FLGS,N/A,0,0,NO,DISPLAY,,,,,WS-MISC-STORAGE,29,NO,,NO,,"LOW-VALUES, SPACES",,YES
COTRTLIC,FLG-ROW-DESCRIPTION-NOT-OK,CONDITION,N/A,DISPLAY,88,0,Condition: row description validation failed (VALUE '0'),WS-ARRAY-DESCRIPTION-FLGS,N/A,0,0,NO,DISPLAY,,,,,WS-MISC-STORAGE,29,NO,,NO,,'0',,YES
COTRTLIC,FLG-ROW-DESCRIPTION-BLANK,CONDITION,N/A,DISPLAY,88,0,Condition: row description is blank (VALUE 'B'),WS-ARRAY-DESCRIPTION-FLGS,N/A,0,0,NO,DISPLAY,,,,,WS-MISC-STORAGE,29,NO,,NO,,'B',,YES
COTRTLIC,WS-DATACHANGED-FLAG,FIELD,X(1),ALPHANUMERIC,5,1,Data change detection flag (PIC X(1)),WS-MISC-STORAGE,X,1,0,NO,DISPLAY,,,,,WS-MISC-STORAGE,30,NO,,NO,,,,YES
COTRTLIC,NO-CHANGES-FOUND,CONDITION,N/A,DISPLAY,88,0,Condition: no data changes have been detected (VALUE '0'),WS-DATACHANGED-FLAG,N/A,0,0,NO,DISPLAY,,,,,WS-MISC-STORAGE,30,NO,,NO,,'0',,YES
COTRTLIC,CHANGES-HAVE-OCCURRED,CONDITION,N/A,DISPLAY,88,0,Condition: data changes have been detected (VALUE '1'),WS-DATACHANGED-FLAG,N/A,0,0,NO,DISPLAY,,,,,WS-MISC-STORAGE,30,NO,,NO,,'1',,YES
COTRTLIC,WS-GENERIC-EDITS,GROUP,N/A,GROUP,5,285,Generic edit validation variables group,WS-MISC-STORAGE,N/A,0,0,NO,DISPLAY,,,,,WS-MISC-STORAGE,31,NO,,NO,,,,YES
COTRTLIC,WS-EDIT-VARIABLE-NAME,FIELD,X(25),ALPHANUMERIC,10,25,Name of the variable being edited (PIC X(25)),WS-GENERIC-EDITS,X(25),25,0,NO,DISPLAY,,,,,WS-MISC-STORAGE,31,NO,,NO,,,,YES
COTRTLIC,WS-EDIT-ALPHANUM-ONLY,FIELD,X(256),ALPHANUMERIC,10,256,Alphanumeric-only edit validation string (PIC X(256)),WS-GENERIC-EDITS,X(256),256,0,NO,DISPLAY,,,,,WS-MISC-STORAGE,56,NO,,NO,,,,YES
COTRTLIC,WS-EDIT-ALPHANUM-LENGTH,FIELD,S9(4) COMP-3,PACKED,10,3,Length of alphanumeric edit validation string (PIC S9(4) COMP-3),WS-GENERIC-EDITS,'+/-9999,5,0,YES,COMP-3,,,,,WS-MISC-STORAGE,312,NO,,NO,,,,YES
COTRTLIC,WS-EDIT-ALPHANUM-ONLY-FLAGS,FIELD,X(1),ALPHANUMERIC,10,1,Alphanumeric-only validation flag (PIC X(1)),WS-GENERIC-EDITS,X,1,0,NO,DISPLAY,,,,,WS-MISC-STORAGE,315,NO,,NO,,,,YES
COTRTLIC,FLG-ALPHNANUM-ISVALID,CONDITION,N/A,DISPLAY,88,0,Condition: alphanumeric validation is valid (VALUE LOW-VALUES),WS-EDIT-ALPHANUM-ONLY-FLAGS,N/A,0,0,NO,DISPLAY,,,,,WS-MISC-STORAGE,315,NO,,NO,,LOW-VALUES,,YES
COTRTLIC,FLG-ALPHNANUM-NOT-OK,CONDITION,N/A,DISPLAY,88,0,Condition: alphanumeric validation failed (VALUE '0'),WS-EDIT-ALPHANUM-ONLY-FLAGS,N/A,0,0,NO,DISPLAY,,,,,WS-MISC-STORAGE,315,NO,,NO,,'0',,YES
COTRTLIC,FLG-ALPHNANUM-BLANK,CONDITION,N/A,DISPLAY,88,0,Condition: alphanumeric field is blank (VALUE 'B'),WS-EDIT-ALPHANUM-ONLY-FLAGS,N/A,0,0,NO,DISPLAY,,,,,WS-MISC-STORAGE,315,NO,,NO,,'B',,YES
COTRTLIC,WS-OTHER-EDIT-VARS,GROUP,N/A,GROUP,5,3,Other edit validation variables group,WS-MISC-STORAGE,N/A,0,0,NO,DISPLAY,,,,,WS-MISC-STORAGE,316,NO,,NO,,,,YES
COTRTLIC,WS-RECORDS-COUNT,FIELD,S9(4) COMP-3,PACKED,10,3,Count of records retrieved (PIC S9(4) COMP-3 VALUE 0),WS-OTHER-EDIT-VARS,'+/-9999,5,0,YES,COMP-3,,,,,WS-MISC-STORAGE,316,NO,,NO,0,,,YES
COTRTLIC,WS-SCREEN-DATA-IN,GROUP,N/A,GROUP,5,364,Screen input data group containing all rows,WS-MISC-STORAGE,N/A,0,0,NO,DISPLAY,,,,,WS-MISC-STORAGE,319,NO,,NO,,,,YES
COTRTLIC,WS-ALL-ROWS-IN,FIELD,X(364),ALPHANUMERIC,10,364,All screen rows input data (PIC X(364)),WS-SCREEN-DATA-IN,X(364),364,0,NO,DISPLAY,,,,,WS-MISC-STORAGE,319,NO,,NO,,,,YES
COTRTLIC,FILLER-1,GROUP,N/A,GROUP,10,364,"Reserved placeholder field used for data structure alignment, padding, or holding constant values",WS-SCREEN-DATA-IN,N/A,0,0,NO,DISPLAY,,,,WS-ALL-ROWS-IN,WS-MISC-STORAGE,319,NO,,NO,,,,YES
COTRTLIC,WS-SCREEN-ROWS-IN,GROUP,N/A,GROUP,15,52,Screen rows input data array (OCCURS 7),FILLER-1,N/A,0,0,NO,DISPLAY,7,7,,,WS-MISC-STORAGE,319,NO,,NO,,,,YES
COTRTLIC,WS-EACH-ROW-IN,GROUP,N/A,GROUP,20,52,Individual row input data,WS-SCREEN-ROWS-IN,N/A,0,0,NO,DISPLAY,,,,,WS-MISC-STORAGE,319,NO,,NO,,,,YES
COTRTLIC,WS-EACH-TTYP-IN,GROUP,N/A,GROUP,25,52,Transaction type input data for each row,WS-EACH-ROW-IN,N/A,0,0,NO,DISPLAY,,,,,WS-MISC-STORAGE,319,NO,,NO,,,,YES
COTRTLIC,WS-ROW-TR-CODE-IN,FIELD,X(02),ALPHANUMERIC,30,2,Transaction type code input (PIC X(02)),WS-EACH-TTYP-IN,X(2),2,0,NO,DISPLAY,,,,,WS-MISC-STORAGE,319,NO,,NO,,,,YES
COTRTLIC,WS-ROW-TR-DESC-IN,FIELD,X(50),ALPHANUMERIC,30,50,Transaction type description input (PIC X(50)),WS-EACH-TTYP-IN,X(50),50,0,NO,DISPLAY,,,,,WS-MISC-STORAGE,321,NO,,NO,,,,YES
COTRTLIC,WS-EDIT-SELECT-COUNTER,FIELD,S9(04) COMP-3,PACKED,5,3,Counter for selected rows (PIC S9(04) COMP-3 VALUE 0),WS-MISC-STORAGE,'+/-9999,5,0,YES,COMP-3,,,,,WS-MISC-STORAGE,683,NO,,NO,0,,,YES
COTRTLIC,WS-EDIT-SELECT-FLAGS,FIELD,X(7),ALPHANUMERIC,5,7,Selection action flags array (PIC X(7) VALUE LOW-S),WS-MISC-STORAGE,X(7),7,0,NO,DISPLAY,,,,,WS-MISC-STORAGE,686,NO,,NO,LOW-S,,,YES
COTRTLIC,FILLER-2,GROUP,N/A,GROUP,5,7,"Reserved placeholder field used for data structure alignment, padding, or holding constant values",WS-MISC-STORAGE,N/A,0,0,NO,DISPLAY,,,,WS-EDIT-SELECT-FLAGS,WS-MISC-STORAGE,686,NO,,NO,,,,YES
COTRTLIC,WS-EDIT-SELECT,FIELD,X(1),ALPHANUMERIC,10,1,Individual row selection action flag (PIC X(1) OCCURS 7),FILLER-2,X,1,0,NO,DISPLAY,7,7,,,WS-MISC-STORAGE,686,NO,,NO,,,,YES
COTRTLIC,SELECT-OK,CONDITION,N/A,DISPLAY,88,0,Condition: selection action is valid delete or update (VALUE 'D' or 'U'),WS-EDIT-SELECT,N/A,0,0,NO,DISPLAY,,,,,WS-MISC-STORAGE,686,NO,,NO,,"'D', 'U'",,YES
COTRTLIC,DELETE-REQUESTED-ON,CONDITION,N/A,DISPLAY,88,0,Condition: delete action has been requested (VALUE 'D'),WS-EDIT-SELECT,N/A,0,0,NO,DISPLAY,,,,,WS-MISC-STORAGE,686,NO,,NO,,'D',,YES
COTRTLIC,UPDATE-REQUESTED-ON,CONDITION,N/A,DISPLAY,88,0,Condition: update action has been requested (VALUE 'U'),WS-EDIT-SELECT,N/A,0,0,NO,DISPLAY,,,,,WS-MISC-STORAGE,686,NO,,NO,,'U',,YES
COTRTLIC,SELECT-BLANK,CONDITION,N/A,DISPLAY,88,0,Condition: selection action is blank (VALUE ' '),WS-EDIT-SELECT,N/A,0,0,NO,DISPLAY,,,,,WS-MISC-STORAGE,686,NO,,NO,,' ',,YES
COTRTLIC,WS-EDIT-SELECT-ERROR-FLAGS,FIELD,X(7),ALPHANUMERIC,5,7,Selection action error flags array (PIC X(7) VALUE LOW-S),WS-MISC-STORAGE,X(7),7,0,NO,DISPLAY,,,,,WS-MISC-STORAGE,693,NO,,NO,LOW-S,,,YES
COTRTLIC,FILLER-3,GROUP,N/A,GROUP,5,7,"Reserved placeholder field used for data structure alignment, padding, or holding constant values",WS-MISC-STORAGE,N/A,0,0,NO,DISPLAY,,,,WS-EDIT-SELECT-ERROR-FLAGS,WS-MISC-STORAGE,693,NO,,NO,,,,YES
COTRTLIC,WS-EDIT-SELECT-ERRORS,GROUP,N/A,GROUP,10,1,Selection action error flags group (OCCURS 7),FILLER-3,N/A,0,0,NO,DISPLAY,7,7,,,WS-MISC-STORAGE,693,NO,,NO,,,,YES
COTRTLIC,WS-ROW-TRTSELECT-ERROR,FIELD,X(1),ALPHANUMERIC,20,1,Row selection error flag (PIC X(1)),WS-EDIT-SELECT-ERRORS,X,1,0,NO,DISPLAY,,,,,WS-MISC-STORAGE,693,NO,,NO,,,,YES
COTRTLIC,WS-ROW-SELECT-ERROR,CONDITION,N/A,DISPLAY,88,0,Condition: row selection error detected (VALUE '1'),WS-ROW-TRTSELECT-ERROR,N/A,0,0,NO,DISPLAY,,,,,WS-MISC-STORAGE,693,NO,,NO,,'1',,YES
COTRTLIC,WS-SUBSCRIPT-VARS,GROUP,N/A,GROUP,5,4,Subscript variables group for array indexing,WS-MISC-STORAGE,N/A,0,0,NO,DISPLAY,,,,,WS-MISC-STORAGE,700,NO,,NO,,,,YES
COTRTLIC,I,FIELD,S9(4) COMP,BINARY,10,2,Loop counter subscript (PIC S9(4) COMP VALUE 0),WS-SUBSCRIPT-VARS,'+/-9999,5,0,YES,COMP,,,,,WS-MISC-STORAGE,700,NO,,NO,0,,,YES
COTRTLIC,I-SELECTED,FIELD,S9(4) COMP,BINARY,10,2,Selected row subscript (PIC S9(4) COMP VALUE 0),WS-SUBSCRIPT-VARS,'+/-9999,5,0,YES,COMP,,,,,WS-MISC-STORAGE,702,NO,,NO,0,,,YES
COTRTLIC,WS-ACTIONS-SELECTED,GROUP,N/A,GROUP,5,12,Actions selected counters group,WS-MISC-STORAGE,N/A,0,0,NO,DISPLAY,,,,,WS-MISC-STORAGE,704,NO,,NO,,,,YES
COTRTLIC,WS-ACTIONS-REQUESTED,FIELD,S9(04) COMP-3,PACKED,7,3,Total number of actions requested (PIC S9(04) COMP-3 VALUE 0),WS-ACTIONS-SELECTED,'+/-9999,5,0,YES,COMP-3,,,,,WS-MISC-STORAGE,704,NO,,NO,0,,,YES
COTRTLIC,WS-ONLY-1-ACTION,CONDITION,N/A,DISPLAY,88,0,Condition: exactly one action has been requested (VALUE 1),WS-ACTIONS-REQUESTED,N/A,0,0,NO,DISPLAY,,,,,WS-MISC-STORAGE,704,NO,,NO,,1,,YES
COTRTLIC,WS-MORETHAN1ACTION,CONDITION,N/A,DISPLAY,88,0,Condition: more than one action has been requested,WS-ACTIONS-REQUESTED,N/A,0,0,NO,DISPLAY,,,,,WS-MISC-STORAGE,704,NO,,NO,,,2 THROUGH 7,YES
COTRTLIC,WS-DELETES-REQUESTED,FIELD,S9(04) COMP-3,PACKED,7,3,Number of delete actions requested (PIC S9(04) COMP-3 VALUE 0),WS-ACTIONS-SELECTED,'+/-9999,5,0,YES,COMP-3,,,,,WS-MISC-STORAGE,707,NO,,NO,0,,,YES
COTRTLIC,WS-UPDATES-REQUESTED,FIELD,S9(04) COMP-3,PACKED,7,3,Number of update actions requested (PIC S9(04) COMP-3 VALUE 0),WS-ACTIONS-SELECTED,'+/-9999,5,0,YES,COMP-3,,,,,WS-MISC-STORAGE,710,NO,,NO,0,,,YES
COTRTLIC,WS-NO-ACTIONS-SELECTED,FIELD,S9(04) COMP-3,PACKED,7,3,Number of rows with no action selected (PIC S9(04) COMP-3 VALUE 0),WS-ACTIONS-SELECTED,'+/-9999,5,0,YES,COMP-3,,,,,WS-MISC-STORAGE,713,NO,,NO,0,,,YES
COTRTLIC,WS-VALID-ACTIONS-SELECTED,FIELD,S9(04) COMP-3,PACKED,5,3,Count of valid actions selected (PIC S9(04) COMP-3 VALUE 0),WS-MISC-STORAGE,'+/-9999,5,0,YES,COMP-3,,,,,WS-MISC-STORAGE,716,NO,,NO,0,,,YES
COTRTLIC,WS-ONLY-1-VALID-ACTION,CONDITION,N/A,DISPLAY,88,0,Condition: exactly one valid action has been selected (VALUE 1),WS-VALID-ACTIONS-SELECTED,N/A,0,0,NO,DISPLAY,,,,,WS-MISC-STORAGE,716,NO,,NO,,1,,YES
COTRTLIC,CICS-OUTPUT-EDIT-VARS,GROUP,N/A,GROUP,5,3,CICS output edit variables group,WS-MISC-STORAGE,N/A,0,0,NO,DISPLAY,,,,,WS-MISC-STORAGE,719,NO,,NO,,,,YES
COTRTLIC,TRAN-TYPE-CD-X,FIELD,X(02),ALPHANUMERIC,10,2,Transaction type code as character (PIC X(02)),CICS-OUTPUT-EDIT-VARS,X(2),2,0,NO,DISPLAY,,,,,WS-MISC-STORAGE,719,NO,,NO,,,,YES
COTRTLIC,TRAN-TYPE-CD-N,FIELD,9(02),NUMERIC,10,2,Transaction type code as numeric (REDEFINES TRAN-TYPE-CD-X PIC 9(02)),CICS-OUTPUT-EDIT-VARS,99,2,0,NO,DISPLAY,,,,TRAN-TYPE-CD-X,WS-MISC-STORAGE,719,NO,,NO,,,,YES
COTRTLIC,FLG-PROTECT-SELECT-ROWS,FIELD,X(1),ALPHANUMERIC,10,1,Row selection protection flag (PIC X(1)),CICS-OUTPUT-EDIT-VARS,X,1,0,NO,DISPLAY,,,,,WS-MISC-STORAGE,721,NO,,NO,,,,YES
COTRTLIC,FLG-PROTECT-SELECT-ROWS-NO,CONDITION,N/A,DISPLAY,88,0,Condition: row selection is not protected (VALUE '0'),FLG-PROTECT-SELECT-ROWS,N/A,0,0,NO,DISPLAY,,,,,WS-MISC-STORAGE,721,NO,,NO,,'0',,YES
COTRTLIC,FLG-PROTECT-SELECT-ROWS-YES,CONDITION,N/A,DISPLAY,88,0,Condition: row selection is protected (VALUE '1'),FLG-PROTECT-SELECT-ROWS,N/A,0,0,NO,DISPLAY,,,,,WS-MISC-STORAGE,721,NO,,NO,,'1',,YES
COTRTLIC,WS-LONG-MSG,FIELD,X(800),ALPHANUMERIC,5,800,Long message text buffer (PIC X(800)),WS-MISC-STORAGE,X(800),800,0,NO,DISPLAY,,,,,WS-MISC-STORAGE,722,NO,,NO,,,,YES
COTRTLIC,WS-INFO-MSG,FIELD,X(45),ALPHANUMERIC,5,45,Information message text (PIC X(45)),WS-MISC-STORAGE,X(45),45,0,NO,DISPLAY,,,,,WS-MISC-STORAGE,1522,NO,,NO,,,,YES
COTRTLIC,WS-NO-INFO-MESSAGE,CONDITION,N/A,DISPLAY,88,0,Condition: no information message to display (VALUE SPACES or LOW-VALUES),WS-INFO-MSG,N/A,0,0,NO,DISPLAY,,,,,WS-MISC-STORAGE,1522,NO,,NO,,"SPACES, LOW-VALUES",,YES
COTRTLIC,WS-INFORM-REC-ACTIONS,CONDITION,N/A,DISPLAY,88,0,"Condition: instruction message for record actions (VALUE 'Type U to update, D to delete any record')",WS-INFO-MSG,N/A,0,0,NO,DISPLAY,,,,,WS-MISC-STORAGE,1522,NO,,NO,,"'Type U to update, D to delete any record'",,YES
COTRTLIC,WS-INFORM-DELETE,CONDITION,N/A,DISPLAY,88,0,Condition: instruction message for delete confirmation (VALUE 'Delete HIGHLIGHTED row ? Press F10 to confirm'),WS-INFO-MSG,N/A,0,0,NO,DISPLAY,,,,,WS-MISC-STORAGE,1522,NO,,NO,,'Delete HIGHLIGHTED row ? Press F10 to confirm',,YES
COTRTLIC,WS-INFORM-UPDATE,CONDITION,N/A,DISPLAY,88,0,Condition: instruction message for update action (VALUE 'Update HIGHLIGHTED row. Press F10 to save'),WS-INFO-MSG,N/A,0,0,NO,DISPLAY,,,,,WS-MISC-STORAGE,1522,NO,,NO,,'Update HIGHLIGHTED row. Press F10 to save',,YES
COTRTLIC,WS-INFORM-DELETE-SUCCESS,CONDITION,N/A,DISPLAY,88,0,Condition: success message for delete operation (VALUE 'HIGHLIGHTED row deleted.Hit Enter to continue'),WS-INFO-MSG,N/A,0,0,NO,DISPLAY,,,,,WS-MISC-STORAGE,1522,NO,,NO,,'HIGHLIGHTED row deleted.Hit Enter to continue',,YES
COTRTLIC,WS-INFORM-UPDATE-SUCCESS,CONDITION,N/A,DISPLAY,88,0,Condition: success message for update operation (VALUE 'HIGHLIGHTED row was updated'),WS-INFO-MSG,N/A,0,0,NO,DISPLAY,,,,,WS-MISC-STORAGE,1522,NO,,NO,,'HIGHLIGHTED row was updated',,YES
COTRTLIC,WS-RETURN-MSG,FIELD,X(75),ALPHANUMERIC,5,75,Return message text (PIC X(75)),WS-MISC-STORAGE,X(75),75,0,NO,DISPLAY,,,,,WS-MISC-STORAGE,1567,NO,,NO,,,,YES
COTRTLIC,WS-RETURN-MSG-OFF,CONDITION,N/A,DISPLAY,88,0,Condition: return message is off (VALUE SPACES),WS-RETURN-MSG,N/A,0,0,NO,DISPLAY,,,,,WS-MISC-STORAGE,1567,NO,,NO,,SPACES,,YES
COTRTLIC,WS-EXIT-MESSAGE,CONDITION,N/A,DISPLAY,88,0,Condition: exit message for PF03 key press (VALUE 'PF03 pressed. Exiting'),WS-RETURN-MSG,N/A,0,0,NO,DISPLAY,,,,,WS-MISC-STORAGE,1567,NO,,NO,,'PF03 pressed. Exiting',,YES
COTRTLIC,WS-MESG-NO-RECORDS-FOUND,CONDITION,N/A,DISPLAY,88,0,Condition: message indicating no records found (VALUE 'No records found for this search condition.'),WS-RETURN-MSG,N/A,0,0,NO,DISPLAY,,,,,WS-MISC-STORAGE,1567,NO,,NO,,'No records found for this search condition.',,YES
COTRTLIC,WS-MESG-NO-MORE-RECORDS,CONDITION,N/A,DISPLAY,88,0,Condition: message indicating no more pages available (VALUE 'No more pages for these search conditions'),WS-RETURN-MSG,N/A,0,0,NO,DISPLAY,,,,,WS-MISC-STORAGE,1567,NO,,NO,,'No more pages for these search conditions',,YES
COTRTLIC,WS-MESG-MORE-THAN-1-ACTION,CONDITION,N/A,DISPLAY,88,0,Condition: message for multiple actions selected (VALUE 'Please select only 1 action'),WS-RETURN-MSG,N/A,0,0,NO,DISPLAY,,,,,WS-MISC-STORAGE,1567,NO,,NO,,'Please select only 1 action',,YES
COTRTLIC,WS-MESG-INVALID-ACTION-CODE,CONDITION,N/A,DISPLAY,88,0,Condition: message for invalid action code (VALUE 'Action code selected is invalid'),WS-RETURN-MSG,N/A,0,0,NO,DISPLAY,,,,,WS-MISC-STORAGE,1567,NO,,NO,,'Action code selected is invalid',,YES
COTRTLIC,WS-MESG-NO-CHANGES-DETECTED,CONDITION,N/A,DISPLAY,88,0,Condition: message for no changes detected (VALUE 'No change detected with respect to database values.'),WS-RETURN-MSG,N/A,0,0,NO,DISPLAY,,,,,WS-MISC-STORAGE,1567,NO,,NO,,'No change detected with respect to database values.',,YES
COTRTLIC,WS-PFK-FLAG,FIELD,X(1),ALPHANUMERIC,5,1,Program function key validation flag (PIC X(1)),WS-MISC-STORAGE,X,1,0,NO,DISPLAY,,,,,WS-MISC-STORAGE,1642,NO,,NO,,,,YES
COTRTLIC,PFK-VALID,CONDITION,N/A,DISPLAY,88,0,Condition: program function key is valid (VALUE '0'),WS-PFK-FLAG,N/A,0,0,NO,DISPLAY,,,,,WS-MISC-STORAGE,1642,NO,,NO,,'0',,YES
COTRTLIC,PFK-INVALID,CONDITION,N/A,DISPLAY,88,0,Condition: program function key is invalid (VALUE '1'),WS-PFK-FLAG,N/A,0,0,NO,DISPLAY,,,,,WS-MISC-STORAGE,1642,NO,,NO,,'1',,YES
COTRTLIC,WS-STRING-FORMAT-VARS,GROUP,N/A,GROUP,5,51,String formatting variables group,WS-MISC-STORAGE,N/A,0,0,NO,DISPLAY,,,,,WS-MISC-STORAGE,1643,NO,,NO,,,,YES
COTRTLIC,WS-STRING-MID,FIELD,9(3),NUMERIC,10,3,String middle position for formatting (PIC 9(3) VALUE 0),WS-STRING-FORMAT-VARS,999,3,0,NO,DISPLAY,,,,,WS-MISC-STORAGE,1643,NO,,NO,0,,,YES
COTRTLIC,WS-STRING-LEN,FIELD,9(3),NUMERIC,10,3,String length for formatting (PIC 9(3) VALUE 0),WS-STRING-FORMAT-VARS,999,3,0,NO,DISPLAY,,,,,WS-MISC-STORAGE,1646,NO,,NO,0,,,YES
COTRTLIC,WS-STRING-OUT,FIELD,X(45),ALPHANUMERIC,10,45,Formatted string output (PIC X(45)),WS-STRING-FORMAT-VARS,X(45),45,0,NO,DISPLAY,,,,,WS-MISC-STORAGE,1649,NO,,NO,,,,YES
COTRTLIC,WS-DATA-FILTERS,GROUP,N/A,GROUP,5,96,Data filter criteria group,WS-MISC-STORAGE,N/A,0,0,NO,DISPLAY,,,,,WS-MISC-STORAGE,1694,NO,,NO,,,,YES
COTRTLIC,WS-START-KEY,FIELD,X(02),ALPHANUMERIC,10,2,Starting key for database search (PIC X(02)),WS-DATA-FILTERS,X(2),2,0,NO,DISPLAY,,,,,WS-MISC-STORAGE,1694,NO,,NO,,,,YES
COTRTLIC,WS-TYPE-CD-FILTER,FIELD,X(02),ALPHANUMERIC,10,2,Transaction type code filter (PIC X(02) VALUE SPACES),WS-DATA-FILTERS,X(2),2,0,NO,DISPLAY,,,,,WS-MISC-STORAGE,1696,NO,,NO,SPACES,,,YES
COTRTLIC,WS-TYPE-DESC-FILTER,FIELD,X(52),ALPHANUMERIC,10,52,Transaction type description filter (PIC X(52)),WS-DATA-FILTERS,X(52),52,0,NO,DISPLAY,,,,,WS-MISC-STORAGE,1698,NO,,NO,,,,YES
COTRTLIC,WS-TYPE-CD-DELETE-FILTER,GROUP,N/A,GROUP,10,40,Delete filter criteria group containing transaction type codes to exclude,WS-DATA-FILTERS,N/A,0,0,NO,DISPLAY,,,,,WS-MISC-STORAGE,1750,NO,,NO,,,,YES
COTRTLIC,FILLER-4,FIELD,X(01),ALPHANUMERIC,15,1,"Reserved placeholder field used for data structure alignment, padding, or holding constant values",WS-TYPE-CD-DELETE-FILTER,X,1,0,NO,DISPLAY,,,,,WS-MISC-STORAGE,1750,NO,,NO,'(',,,YES
COTRTLIC,WS-TYPE-CD-DELETE-FILTER-X,GROUP,N/A,GROUP,15,38,Delete filter transaction type codes array,WS-TYPE-CD-DELETE-FILTER,N/A,0,0,NO,DISPLAY,,,,,WS-MISC-STORAGE,1751,NO,,NO,,,,YES
COTRTLIC,WS-TYPE-CD-DELETE-KEYS,GROUP,N/A,GROUP,20,5,Delete filter transaction type code entries (OCCURS 7),WS-TYPE-CD-DELETE-FILTER-X,N/A,0,0,NO,DISPLAY,7,7,,,WS-MISC-STORAGE,1751,NO,,NO,,,,YES
COTRTLIC,FILLER-5,FIELD,X(01),ALPHANUMERIC,25,1,"Reserved placeholder field used for data structure alignment, padding, or holding constant values",WS-TYPE-CD-DELETE-KEYS,X,1,0,NO,DISPLAY,,,,,WS-MISC-STORAGE,1751,NO,,NO,QUOTE,,,YES
COTRTLIC,WS-TYPE-CD-DELETE-KEY,FIELD,X(02),ALPHANUMERIC,25,2,Individual delete filter transaction type code (PIC X(02) VALUE SPACES),WS-TYPE-CD-DELETE-KEYS,X(2),2,0,NO,DISPLAY,,,,,WS-MISC-STORAGE,1752,NO,,NO,SPACES,,,YES
COTRTLIC,FILLER-6,FIELD,X(01),ALPHANUMERIC,25,1,"Reserved placeholder field used for data structure alignment, padding, or holding constant values",WS-TYPE-CD-DELETE-KEYS,X,1,0,NO,DISPLAY,,,,,WS-MISC-STORAGE,1754,NO,,NO,QUOTE,,,YES
COTRTLIC,FILLER-7,FIELD,X(01),ALPHANUMERIC,25,1,"Reserved placeholder field used for data structure alignment, padding, or holding constant values",WS-TYPE-CD-DELETE-KEYS,X,1,0,NO,DISPLAY,,,,,WS-MISC-STORAGE,1755,NO,,NO,"','",,,YES
COTRTLIC,WS-DUMMY,GROUP,N/A,GROUP,20,3,Dummy entry for delete filter array termination,WS-TYPE-CD-DELETE-FILTER-X,N/A,0,0,NO,DISPLAY,,,,,WS-MISC-STORAGE,1786,NO,,NO,,,,YES
COTRTLIC,FILLER-8,FIELD,X(01),ALPHANUMERIC,25,1,"Reserved placeholder field used for data structure alignment, padding, or holding constant values",WS-DUMMY,X,1,0,NO,DISPLAY,,,,,WS-MISC-STORAGE,1786,NO,,NO,QUOTE,,,YES
COTRTLIC,FILLER-9,FIELD,X(01),ALPHANUMERIC,25,1,"Reserved placeholder field used for data structure alignment, padding, or holding constant values",WS-DUMMY,X,1,0,NO,DISPLAY,,,,,WS-MISC-STORAGE,1787,NO,,NO,SPACE,,,YES
COTRTLIC,FILLER-10,FIELD,X(01),ALPHANUMERIC,25,1,"Reserved placeholder field used for data structure alignment, padding, or holding constant values",WS-DUMMY,X,1,0,NO,DISPLAY,,,,,WS-MISC-STORAGE,1788,NO,,NO,QUOTE,,,YES
COTRTLIC,FILLER-11,FIELD,X(1),ALPHANUMERIC,15,1,"Reserved placeholder field used for data structure alignment, padding, or holding constant values",WS-TYPE-CD-DELETE-FILTER,X,1,0,NO,DISPLAY,,,,,WS-MISC-STORAGE,1789,NO,,NO,')',,,YES
COTRTLIC,WS-SCREEN-EDIT-VARS,GROUP,N/A,GROUP,5,52,Screen edit variables group,WS-MISC-STORAGE,N/A,0,0,NO,DISPLAY,,,,,WS-MISC-STORAGE,1790,NO,,NO,,,,YES
COTRTLIC,WS-IN-TYPE-CD,FIELD,X(02),ALPHANUMERIC,10,2,Input transaction type code (PIC X(02) VALUE SPACES),WS-SCREEN-EDIT-VARS,X(2),2,0,NO,DISPLAY,,,,,WS-MISC-STORAGE,1790,NO,,NO,SPACES,,,YES
COTRTLIC,WS-IN-TYPE-CD-N,FIELD,9(02),NUMERIC,10,2,Input transaction type code as numeric (REDEFINES WS-IN-TYPE-CD PIC 9(02)),WS-SCREEN-EDIT-VARS,99,2,0,NO,DISPLAY,,,,WS-IN-TYPE-CD,WS-MISC-STORAGE,1790,NO,,NO,,,,YES
COTRTLIC,WS-IN-TYPE-DESC,FIELD,X(50),ALPHANUMERIC,10,50,Input transaction type description (PIC X(50)),WS-SCREEN-EDIT-VARS,X(50),50,0,NO,DISPLAY,,,,,WS-MISC-STORAGE,1792,NO,,NO,,,,YES
COTRTLIC,WS-ROW-NUMBER,FIELD,S9(4) COMP,BINARY,5,2,Current row number being processed (PIC S9(4) COMP VALUE 0),WS-MISC-STORAGE,'+/-9999,5,0,YES,COMP,,,,,WS-MISC-STORAGE,1842,NO,,NO,0,,,YES
COTRTLIC,WS-RECORDS-TO-PROCESS-FLAG,FIELD,X(1),ALPHANUMERIC,5,1,Records processing loop control flag (PIC X(1)),WS-MISC-STORAGE,X,1,0,NO,DISPLAY,,,,,WS-MISC-STORAGE,1844,NO,,NO,,,,YES
COTRTLIC,READ-LOOP-EXIT,CONDITION,N/A,DISPLAY,88,0,Condition: exit records processing loop (VALUE '0'),WS-RECORDS-TO-PROCESS-FLAG,N/A,0,0,NO,DISPLAY,,,,,WS-MISC-STORAGE,1844,NO,,NO,,'0',,YES
COTRTLIC,MORE-RECORDS-TO-READ,CONDITION,N/A,DISPLAY,88,0,Condition: more records available to read (VALUE '1'),WS-RECORDS-TO-PROCESS-FLAG,N/A,0,0,NO,DISPLAY,,,,,WS-MISC-STORAGE,1844,NO,,NO,,'1',,YES
COTRTLIC,WS-THIS-PROGCOMMAREA,RECORD,N/A,GROUP,1,427,Program communication area group for inter-program data passing,WS-THIS-PROGCOMMAREA,N/A,0,0,NO,DISPLAY,,,,,WS-THIS-PROGCOMMAREA,1,NO,,NO,,,,YES
COTRTLIC,WS-CA-TYPE-CD,FIELD,X(02),ALPHANUMERIC,10,2,Communication area transaction type code (PIC X(02) VALUE SPACES),WS-THIS-PROGCOMMAREA,X(2),2,0,NO,DISPLAY,,,,,WS-THIS-PROGCOMMAREA,1,NO,,NO,SPACES,,,YES
COTRTLIC,WS-CA-TYPE-CD-N,FIELD,9(02),NUMERIC,10,2,Communication area transaction type code as numeric (REDEFINES WS-CA-TYPE-CD PIC 9(02)),WS-THIS-PROGCOMMAREA,99,2,0,NO,DISPLAY,,,,WS-CA-TYPE-CD,WS-THIS-PROGCOMMAREA,1,NO,,NO,,,,YES
COTRTLIC,WS-CA-TYPE-DESC,FIELD,X(50),ALPHANUMERIC,10,50,Communication area transaction type description (PIC X(50)),WS-THIS-PROGCOMMAREA,X(50),50,0,NO,DISPLAY,,,,,WS-THIS-PROGCOMMAREA,3,NO,,NO,,,,YES
COTRTLIC,FILLER-12,GROUP,N/A,GROUP,10,364,"Reserved placeholder field used for data structure alignment, padding, or holding constant values",WS-THIS-PROGCOMMAREA,N/A,0,0,NO,DISPLAY,,,,,WS-THIS-PROGCOMMAREA,53,NO,,NO,,,,YES
COTRTLIC,WS-CA-ALL-ROWS-OUT,FIELD,X(364),ALPHANUMERIC,15,364,Communication area all screen rows output data (PIC X(364)),FILLER-12,X(364),364,0,NO,DISPLAY,,,,,WS-THIS-PROGCOMMAREA,53,NO,,NO,,,,YES
COTRTLIC,FILLER-13,GROUP,N/A,GROUP,15,364,"Reserved placeholder field used for data structure alignment, padding, or holding constant values",FILLER-12,N/A,0,0,NO,DISPLAY,,,,WS-CA-ALL-ROWS-OUT,WS-THIS-PROGCOMMAREA,53,NO,,NO,,,,YES
COTRTLIC,WS-CA-SCREEN-ROWS-OUT,GROUP,N/A,GROUP,20,52,Communication area screen rows output data array (OCCURS 7),FILLER-13,N/A,0,0,NO,DISPLAY,7,7,,,WS-THIS-PROGCOMMAREA,53,NO,,NO,,,,YES
COTRTLIC,WS-CA-EACH-ROW-OUT,GROUP,N/A,GROUP,30,52,Communication area individual row output data,WS-CA-SCREEN-ROWS-OUT,N/A,0,0,NO,DISPLAY,,,,,WS-THIS-PROGCOMMAREA,53,NO,,NO,,,,YES
COTRTLIC,WS-CA-ROW-TR-CODE-OUT,FIELD,X(02),ALPHANUMERIC,35,2,Communication area transaction type code output (PIC X(02)),WS-CA-EACH-ROW-OUT,X(2),2,0,NO,DISPLAY,,,,,WS-THIS-PROGCOMMAREA,53,NO,,NO,,,,YES
COTRTLIC,WS-CA-ROW-TR-DESC-OUT,FIELD,X(50),ALPHANUMERIC,35,50,Communication area transaction type description output (PIC X(50)),WS-CA-EACH-ROW-OUT,X(50),50,0,NO,DISPLAY,,,,,WS-THIS-PROGCOMMAREA,55,NO,,NO,,,,YES
COTRTLIC,WS-CA-ROW-SELECTED,FIELD,S9(4) COMP,BINARY,10,2,Communication area selected row number (PIC S9(4) COMP VALUE 0),WS-THIS-PROGCOMMAREA,'+/-9999,5,0,YES,COMP,,,,,WS-THIS-PROGCOMMAREA,417,NO,,NO,0,,,YES
COTRTLIC,WS-CA-PAGING-VARIABLES,GROUP,N/A,GROUP,10,7,Communication area paging control variables group,WS-THIS-PROGCOMMAREA,N/A,0,0,NO,DISPLAY,,,,,WS-THIS-PROGCOMMAREA,419,NO,,NO,,,,YES
COTRTLIC,WS-CA-LAST-TTYPEKEY,GROUP,N/A,GROUP,15,2,Communication area last transaction type key group,WS-CA-PAGING-VARIABLES,N/A,0,0,NO,DISPLAY,,,,,WS-THIS-PROGCOMMAREA,419,NO,,NO,,,,YES
COTRTLIC,WS-CA-LAST-TR-CODE,FIELD,X(02),ALPHANUMERIC,20,2,Communication area last transaction type code (PIC X(02)),WS-CA-LAST-TTYPEKEY,X(2),2,0,NO,DISPLAY,,,,,WS-THIS-PROGCOMMAREA,419,NO,,NO,,,,YES
COTRTLIC,WS-CA-FIRST-TTYPEKEY,GROUP,N/A,GROUP,15,2,Communication area first transaction type key group,WS-CA-PAGING-VARIABLES,N/A,0,0,NO,DISPLAY,,,,,WS-THIS-PROGCOMMAREA,421,NO,,NO,,,,YES
COTRTLIC,WS-CA-FIRST-TR-CODE,FIELD,X(02),ALPHANUMERIC,20,2,Communication area first transaction type code (PIC X(02)),WS-CA-FIRST-TTYPEKEY,X(2),2,0,NO,DISPLAY,,,,,WS-THIS-PROGCOMMAREA,421,NO,,NO,,,,YES
COTRTLIC,WS-CA-SCREEN-NUM,FIELD,9(1),NUMERIC,15,1,Communication area current screen number (PIC 9(1)),WS-CA-PAGING-VARIABLES,9,1,0,NO,DISPLAY,,,,,WS-THIS-PROGCOMMAREA,423,NO,,NO,,,,YES
COTRTLIC,CA-FIRST-PAGE,CONDITION,N/A,DISPLAY,88,0,Condition: first page is being displayed (VALUE 1),WS-CA-SCREEN-NUM,N/A,0,0,NO,DISPLAY,,,,,WS-THIS-PROGCOMMAREA,423,NO,,NO,,1,,YES
COTRTLIC,WS-CA-LAST-PAGE-DISPLAYED,FIELD,9(1),NUMERIC,15,1,Communication area last page display indicator (PIC 9(1)),WS-CA-PAGING-VARIABLES,9,1,0,NO,DISPLAY,,,,,WS-THIS-PROGCOMMAREA,424,NO,,NO,,,,YES
COTRTLIC,CA-LAST-PAGE-SHOWN,CONDITION,N/A,DISPLAY,88,0,Condition: last page has been displayed (VALUE 0),WS-CA-LAST-PAGE-DISPLAYED,N/A,0,0,NO,DISPLAY,,,,,WS-THIS-PROGCOMMAREA,424,NO,,NO,,0,,YES
COTRTLIC,CA-LAST-PAGE-NOT-SHOWN,CONDITION,N/A,DISPLAY,88,0,Condition: last page has not been displayed (VALUE 9),WS-CA-LAST-PAGE-DISPLAYED,N/A,0,0,NO,DISPLAY,,,,,WS-THIS-PROGCOMMAREA,424,NO,,NO,,9,,YES
COTRTLIC,WS-CA-NEXT-PAGE-IND,FIELD,X(1),ALPHANUMERIC,15,1,Communication area next page existence indicator (PIC X(1)),WS-CA-PAGING-VARIABLES,X,1,0,NO,DISPLAY,,,,,WS-THIS-PROGCOMMAREA,425,NO,,NO,,,,YES
COTRTLIC,CA-NEXT-PAGE-NOT-EXISTS,CONDITION,N/A,DISPLAY,88,0,Condition: next page does not exist (VALUE LOW-VALUES),WS-CA-NEXT-PAGE-IND,N/A,0,0,NO,DISPLAY,,,,,WS-THIS-PROGCOMMAREA,425,NO,,NO,,LOW-VALUES,,YES
COTRTLIC,CA-NEXT-PAGE-EXISTS,CONDITION,N/A,DISPLAY,88,0,Condition: next page exists (VALUE 'Y'),WS-CA-NEXT-PAGE-IND,N/A,0,0,NO,DISPLAY,,,,,WS-THIS-PROGCOMMAREA,425,NO,,NO,,'Y',,YES
COTRTLIC,WS-CA-DELETE-FLAG,FIELD,X,ALPHANUMERIC,10,1,Communication area delete operation flag (PIC X),WS-THIS-PROGCOMMAREA,X,1,0,NO,DISPLAY,,,,,WS-THIS-PROGCOMMAREA,426,NO,,NO,,,,YES
COTRTLIC,CA-DELETE-NOT-REQUESTED,CONDITION,N/A,DISPLAY,88,0,Condition: delete operation has not been requested (VALUE LOW-VALUES),WS-CA-DELETE-FLAG,N/A,0,0,NO,DISPLAY,,,,,WS-THIS-PROGCOMMAREA,426,NO,,NO,,LOW-VALUES,,YES
COTRTLIC,CA-DELETE-REQUESTED,CONDITION,N/A,DISPLAY,88,0,Condition: delete operation has been requested (VALUE 'Y'),WS-CA-DELETE-FLAG,N/A,0,0,NO,DISPLAY,,,,,WS-THIS-PROGCOMMAREA,426,NO,,NO,,'Y',,YES
COTRTLIC,CA-DELETE-SUCCEEDED,CONDITION,N/A,DISPLAY,88,0,Condition: delete operation has succeeded (VALUE LOW-VALUES),WS-CA-DELETE-FLAG,N/A,0,0,NO,DISPLAY,,,,,WS-THIS-PROGCOMMAREA,426,NO,,NO,,LOW-VALUES,,YES
COTRTLIC,WS-CA-UPDATE-FLAG,FIELD,X,ALPHANUMERIC,10,1,Communication area update operation flag (PIC X),WS-THIS-PROGCOMMAREA,X,1,0,NO,DISPLAY,,,,,WS-THIS-PROGCOMMAREA,427,NO,,NO,,,,YES
COTRTLIC,CA-UPDATE-NOT-REQUESTED,CONDITION,N/A,DISPLAY,88,0,Condition: update not requested (VALUE LOW-VALUES),WS-CA-UPDATE-FLAG,N/A,0,0,NO,DISPLAY,,,,,WS-THIS-PROGCOMMAREA,427,NO,,NO,,LOW-VALUES,,YES
COTRTLIC,CA-UPDATE-REQUESTED,CONDITION,N/A,DISPLAY,88,0,Condition: update requested (VALUE 'Y'),WS-CA-UPDATE-FLAG,N/A,0,0,NO,DISPLAY,,,,,WS-THIS-PROGCOMMAREA,427,NO,,NO,,'Y',,YES
COTRTLIC,CA-UPDATE-SUCCEEDED,CONDITION,N/A,DISPLAY,88,0,Condition: update succeeded (VALUE LOW-VALUES),WS-CA-UPDATE-FLAG,N/A,0,0,NO,DISPLAY,,,,,WS-THIS-PROGCOMMAREA,427,NO,,NO,,LOW-VALUES,,YES
COTRTLIC,WS-COMMAREA,FIELD,X(2000),ALPHANUMERIC,1,2000,Communication area buffer for inter-program data exchange (PIC X(2000)),WS-COMMAREA,X(2000),2000,0,NO,DISPLAY,,,,,WS-COMMAREA,1,NO,,NO,,,,YES
COTRTLIC,FILLER-14,RECORD,N/A,GROUP,1,893,"Reserved placeholder field used for data structure alignment, padding, or holding constant values",FILLER-14,N/A,0,0,NO,DISPLAY,,,,CTRTLIAI,FILLER-14,1,NO,,NO,,,,YES
COTRTLIC,FILLER-15,FIELD,X(238),ALPHANUMERIC,5,238,"Reserved placeholder field used for data structure alignment, padding, or holding constant values",FILLER-14,X(238),238,0,NO,DISPLAY,,,,,FILLER-14,1,NO,,NO,,,,YES
COTRTLIC,WS-ROW-DATAI,GROUP,N/A,GROUP,5,518,Input row data group containing treatment selection and type information (OCCURS 7),FILLER-14,N/A,0,0,NO,DISPLAY,,,,,FILLER-14,239,NO,,NO,,,,YES
COTRTLIC,EACH-ROWI,GROUP,N/A,GROUP,6,74,Individual input row occurrence for treatment data (OCCURS 7),WS-ROW-DATAI,N/A,0,0,NO,DISPLAY,7,7,,,FILLER-14,239,NO,,NO,,,,YES
COTRTLIC,TRTSELL,FIELD,S9(4) COMP,BINARY,7,2,Treatment selection length indicator (PIC S9(4) COMP),EACH-ROWI,'+/-9999,5,0,YES,COMP,,,,,FILLER-14,239,NO,,NO,,,,YES
COTRTLIC,TRTSELF,FIELD,X,ALPHANUMERIC,7,1,Treatment selection field attribute byte (PIC X),EACH-ROWI,X,1,0,NO,DISPLAY,,,,,FILLER-14,241,NO,,NO,,,,YES
COTRTLIC,FILLER-16,GROUP,N/A,GROUP,7,1,"Reserved placeholder field used for data structure alignment, padding, or holding constant values",EACH-ROWI,N/A,0,0,NO,DISPLAY,,,,TRTSELF,FILLER-14,241,NO,,NO,,,,YES
COTRTLIC,TRTSELA,FIELD,X,ALPHANUMERIC,10,1,Treatment selection attribute character (PIC X) (REDEFINES TRTSELF),FILLER-16,X,1,0,NO,DISPLAY,,,,,FILLER-14,241,NO,,NO,,,,YES
COTRTLIC,FILLER-17,FIELD,X(4),ALPHANUMERIC,7,4,"Reserved placeholder field used for data structure alignment, padding, or holding constant values",EACH-ROWI,X(4),4,0,NO,DISPLAY,,,,,FILLER-14,242,NO,,NO,,,,YES
COTRTLIC,TRTSELI,FIELD,X(1),ALPHANUMERIC,7,1,Treatment selection input field (PIC X(1)),EACH-ROWI,X,1,0,NO,DISPLAY,,,,,FILLER-14,246,NO,,NO,,,,YES
COTRTLIC,TRTTYPL,FIELD,S9(4) COMP,BINARY,7,2,Treatment type length indicator (PIC S9(4) COMP),EACH-ROWI,'+/-9999,5,0,YES,COMP,,,,,FILLER-14,247,NO,,NO,,,,YES
COTRTLIC,TRTTYPF,FIELD,X,ALPHANUMERIC,7,1,Treatment type field attribute byte (PIC X),EACH-ROWI,X,1,0,NO,DISPLAY,,,,,FILLER-14,249,NO,,NO,,,,YES
COTRTLIC,FILLER-18,GROUP,N/A,GROUP,7,1,"Reserved placeholder field used for data structure alignment, padding, or holding constant values",EACH-ROWI,N/A,0,0,NO,DISPLAY,,,,TRTTYPF,FILLER-14,249,NO,,NO,,,,YES
COTRTLIC,TRTTYPA,FIELD,X,ALPHANUMERIC,10,1,Treatment type attribute character (PIC X) (REDEFINES TRTTYPF),FILLER-18,X,1,0,NO,DISPLAY,,,,,FILLER-14,249,NO,,NO,,,,YES
COTRTLIC,FILLER-19,FIELD,X(4),ALPHANUMERIC,7,4,"Reserved placeholder field used for data structure alignment, padding, or holding constant values",EACH-ROWI,X(4),4,0,NO,DISPLAY,,,,,FILLER-14,250,NO,,NO,,,,YES
COTRTLIC,TRTTYPI,FIELD,X(2),ALPHANUMERIC,7,2,Treatment type input field (PIC X(2)),EACH-ROWI,X(2),2,0,NO,DISPLAY,,,,,FILLER-14,254,NO,,NO,,,,YES
COTRTLIC,TRTYPDL,FIELD,S9(4) COMP,BINARY,7,2,Treatment type description length indicator (PIC S9(4) COMP),EACH-ROWI,'+/-9999,5,0,YES,COMP,,,,,FILLER-14,256,NO,,NO,,,,YES
COTRTLIC,TRTYPDF,FIELD,X,ALPHANUMERIC,7,1,Treatment type description field attribute byte (PIC X),EACH-ROWI,X,1,0,NO,DISPLAY,,,,,FILLER-14,258,NO,,NO,,,,YES
COTRTLIC,FILLER-20,GROUP,N/A,GROUP,7,1,"Reserved placeholder field used for data structure alignment, padding, or holding constant values",EACH-ROWI,N/A,0,0,NO,DISPLAY,,,,TRTYPDF,FILLER-14,258,NO,,NO,,,,YES
COTRTLIC,TRTYPDA,FIELD,X,ALPHANUMERIC,10,1,Treatment type description attribute character (PIC X) (REDEFINES TRTYPDF),FILLER-20,X,1,0,NO,DISPLAY,,,,,FILLER-14,258,NO,,NO,,,,YES
COTRTLIC,FILLER-21,FIELD,X(4),ALPHANUMERIC,7,4,"Reserved placeholder field used for data structure alignment, padding, or holding constant values",EACH-ROWI,X(4),4,0,NO,DISPLAY,,,,,FILLER-14,259,NO,,NO,,,,YES
COTRTLIC,TRTYPDI,FIELD,X(50),ALPHANUMERIC,7,50,Treatment type description input field (PIC X(50)),EACH-ROWI,X(50),50,0,NO,DISPLAY,,,,,FILLER-14,263,NO,,NO,,,,YES
COTRTLIC,FILLER-22,FIELD,X(137),ALPHANUMERIC,5,137,"Reserved placeholder field used for data structure alignment, padding, or holding constant values",FILLER-14,X(137),137,0,NO,DISPLAY,,,,,FILLER-14,757,NO,,NO,,,,YES
COTRTLIC,FILLER-23,RECORD,N/A,GROUP,1,893,"Reserved placeholder field used for data structure alignment, padding, or holding constant values",FILLER-23,N/A,0,0,NO,DISPLAY,,,,CTRTLIAO,FILLER-23,1,NO,,NO,,,,YES
COTRTLIC,FILLER-24,FIELD,X(238),ALPHANUMERIC,5,238,"Reserved placeholder field used for data structure alignment, padding, or holding constant values",FILLER-23,X(238),238,0,NO,DISPLAY,,,,,FILLER-23,1,NO,,NO,,,,YES
COTRTLIC,EACH-ROWO,GROUP,N/A,GROUP,5,74,Individual output row occurrence for treatment display data (OCCURS 7),FILLER-23,N/A,0,0,NO,DISPLAY,7,7,,,FILLER-23,239,NO,,NO,,,,YES
COTRTLIC,FILLER-25,FIELD,X(3),ALPHANUMERIC,7,3,"Reserved placeholder field used for data structure alignment, padding, or holding constant values",EACH-ROWO,X(3),3,0,NO,DISPLAY,,,,,FILLER-23,239,NO,,NO,,,,YES
COTRTLIC,TRTSELC,FIELD,X,ALPHANUMERIC,7,1,Treatment selection cursor position attribute (PIC X),EACH-ROWO,X,1,0,NO,DISPLAY,,,,,FILLER-23,242,NO,,NO,,,,YES
COTRTLIC,TRTSELP,FIELD,X,ALPHANUMERIC,7,1,Treatment selection protected attribute (PIC X),EACH-ROWO,X,1,0,NO,DISPLAY,,,,,FILLER-23,243,NO,,NO,,,,YES
COTRTLIC,TRTSELH,FIELD,X,ALPHANUMERIC,7,1,Treatment selection hidden attribute (PIC X),EACH-ROWO,X,1,0,NO,DISPLAY,,,,,FILLER-23,244,NO,,NO,,,,YES
COTRTLIC,TRTSELV,FIELD,X,ALPHANUMERIC,7,1,Treatment selection video attribute (PIC X),EACH-ROWO,X,1,0,NO,DISPLAY,,,,,FILLER-23,245,NO,,NO,,,,YES
COTRTLIC,TRTSELO,FIELD,X(1),ALPHANUMERIC,7,1,Treatment selection output field (PIC X(1)),EACH-ROWO,X,1,0,NO,DISPLAY,,,,,FILLER-23,246,NO,,NO,,,,YES
COTRTLIC,FILLER-26,FIELD,X(3),ALPHANUMERIC,7,3,"Reserved placeholder field used for data structure alignment, padding, or holding constant values",EACH-ROWO,X(3),3,0,NO,DISPLAY,,,,,FILLER-23,247,NO,,NO,,,,YES
COTRTLIC,TRTTYPC,FIELD,X,ALPHANUMERIC,7,1,Treatment type cursor position attribute (PIC X),EACH-ROWO,X,1,0,NO,DISPLAY,,,,,FILLER-23,250,NO,,NO,,,,YES
COTRTLIC,TRTTYPP,FIELD,X,ALPHANUMERIC,7,1,Treatment type protected attribute (PIC X),EACH-ROWO,X,1,0,NO,DISPLAY,,,,,FILLER-23,251,NO,,NO,,,,YES
COTRTLIC,TRTTYPH,FIELD,X,ALPHANUMERIC,7,1,Treatment type hidden attribute (PIC X),EACH-ROWO,X,1,0,NO,DISPLAY,,,,,FILLER-23,252,NO,,NO,,,,YES
COTRTLIC,TRTTYPV,FIELD,X,ALPHANUMERIC,7,1,Treatment type video attribute (PIC X),EACH-ROWO,X,1,0,NO,DISPLAY,,,,,FILLER-23,253,NO,,NO,,,,YES
COTRTLIC,TRTTYPO,FIELD,X(2),ALPHANUMERIC,7,2,Treatment type output field (PIC X(2)),EACH-ROWO,X(2),2,0,NO,DISPLAY,,,,,FILLER-23,254,NO,,NO,,,,YES
COTRTLIC,FILLER-27,FIELD,X(3),ALPHANUMERIC,7,3,"Reserved placeholder field used for data structure alignment, padding, or holding constant values",EACH-ROWO,X(3),3,0,NO,DISPLAY,,,,,FILLER-23,256,NO,,NO,,,,YES
COTRTLIC,TRTYPDC,FIELD,X,ALPHANUMERIC,7,1,Treatment type description cursor position attribute (PIC X),EACH-ROWO,X,1,0,NO,DISPLAY,,,,,FILLER-23,259,NO,,NO,,,,YES
COTRTLIC,TRTYPDP,FIELD,X,ALPHANUMERIC,7,1,Treatment type description protected attribute (PIC X),EACH-ROWO,X,1,0,NO,DISPLAY,,,,,FILLER-23,260,NO,,NO,,,,YES
COTRTLIC,TRTYPDH,FIELD,X,ALPHANUMERIC,7,1,Treatment type description hidden attribute (PIC X),EACH-ROWO,X,1,0,NO,DISPLAY,,,,,FILLER-23,261,NO,,NO,,,,YES
COTRTLIC,TRTYPDV,FIELD,X,ALPHANUMERIC,7,1,Treatment type description video attribute (PIC X),EACH-ROWO,X,1,0,NO,DISPLAY,,,,,FILLER-23,262,NO,,NO,,,,YES
COTRTLIC,TRTYPDO,FIELD,X(50),ALPHANUMERIC,7,50,Treatment type description output field (PIC X(50)),EACH-ROWO,X(50),50,0,NO,DISPLAY,,,,,FILLER-23,263,NO,,NO,,,,YES
COTRTLIC,FILLER-28,FIELD,X(137),ALPHANUMERIC,5,137,"Reserved placeholder field used for data structure alignment, padding, or holding constant values",FILLER-23,X(137),137,0,NO,DISPLAY,,,,,FILLER-23,757,NO,,NO,,,,YES
COTRTLIC,DFHCOMMAREA,RECORD,N/A,GROUP,1,32767,CICS communication area for inter-program data exchange (OCCURS 32767),DFHCOMMAREA,N/A,0,0,NO,DISPLAY,,,,,DFHCOMMAREA,1,NO,,NO,,,,YES
COTRTLIC,FILLER-29,FIELD,X(1),ALPHANUMERIC,5,1,"Reserved placeholder field used for data structure alignment, padding, or holding constant values",DFHCOMMAREA,X,1,0,NO,DISPLAY,1,32767,,,DFHCOMMAREA,1,NO,,NO,,,,YES
COTRTUPC,WS-MISC-STORAGE,RECORD,N/A,GROUP,1,578,Miscellaneous working storage variables group,WS-MISC-STORAGE,N/A,0,0,NO,DISPLAY,,,,,WS-MISC-STORAGE,1,NO,,NO,,,,YES
COTRTUPC,WS-CICS-PROCESSNG-VARS,GROUP,N/A,GROUP,5,16,CICS processing variables group,WS-MISC-STORAGE,N/A,0,0,NO,DISPLAY,,,,,WS-MISC-STORAGE,1,NO,,NO,,,,YES
COTRTUPC,WS-RESP-CD,FIELD,S9(09) COMP,BINARY,7,4,"CICS response code (USAGE COMP, VALUE ZEROS)",WS-CICS-PROCESSNG-VARS,'+/-999999999,10,0,YES,COMP,,,,,WS-MISC-STORAGE,1,NO,,NO,ZEROS,,,YES
COTRTUPC,WS-REAS-CD,FIELD,S9(09) COMP,BINARY,7,4,"CICS reason code (USAGE COMP, VALUE ZEROS)",WS-CICS-PROCESSNG-VARS,'+/-999999999,10,0,YES,COMP,,,,,WS-MISC-STORAGE,5,NO,,NO,ZEROS,,,YES
COTRTUPC,WS-TRANID,FIELD,X(4),ALPHANUMERIC,7,4,Transaction identifier (VALUE SPACES),WS-CICS-PROCESSNG-VARS,X(4),4,0,NO,DISPLAY,,,,,WS-MISC-STORAGE,9,NO,,NO,SPACES,,,YES
COTRTUPC,WS-UCTRANS,FIELD,X(4),ALPHANUMERIC,7,4,Uppercase transaction identifier (VALUE SPACES),WS-CICS-PROCESSNG-VARS,X(4),4,0,NO,DISPLAY,,,,,WS-MISC-STORAGE,13,NO,,NO,SPACES,,,YES
COTRTUPC,WS-GENERIC-EDITS,GROUP,N/A,GROUP,5,285,Generic edit validation variables group,WS-MISC-STORAGE,N/A,0,0,NO,DISPLAY,,,,,WS-MISC-STORAGE,17,NO,,NO,,,,YES
COTRTUPC,WS-EDIT-VARIABLE-NAME,FIELD,X(25),ALPHANUMERIC,10,25,Name of the variable being edited,WS-GENERIC-EDITS,X(25),25,0,NO,DISPLAY,,,,,WS-MISC-STORAGE,17,NO,,NO,,,,YES
COTRTUPC,WS-EDIT-ALPHANUM-ONLY,FIELD,X(256),ALPHANUMERIC,10,256,Alphanumeric-only edit validation string,WS-GENERIC-EDITS,X(256),256,0,NO,DISPLAY,,,,,WS-MISC-STORAGE,42,NO,,NO,,,,YES
COTRTUPC,WS-EDIT-ALPHANUM-LENGTH,FIELD,S9(4) COMP-3,PACKED,10,3,Length of alphanumeric edit string (USAGE COMP-3),WS-GENERIC-EDITS,'+/-9999,5,0,YES,COMP-3,,,,,WS-MISC-STORAGE,298,NO,,NO,,,,YES
COTRTUPC,WS-EDIT-ALPHANUM-ONLY-FLAGS,FIELD,X(1),ALPHANUMERIC,10,1,Flag indicating alphanumeric-only validation status,WS-GENERIC-EDITS,X,1,0,NO,DISPLAY,,,,,WS-MISC-STORAGE,301,NO,,NO,,,,YES
COTRTUPC,FLG-ALPHNANUM-ISVALID,CONDITION,N/A,DISPLAY,88,0,Condition: alphanumeric validation is valid (VALUE LOW-VALUES),WS-EDIT-ALPHANUM-ONLY-FLAGS,N/A,0,0,NO,DISPLAY,,,,,WS-MISC-STORAGE,301,NO,,NO,,LOW-VALUES,,YES
COTRTUPC,FLG-ALPHNANUM-NOT-OK,CONDITION,N/A,DISPLAY,88,0,Condition: alphanumeric validation failed (VALUE '0'),WS-EDIT-ALPHANUM-ONLY-FLAGS,N/A,0,0,NO,DISPLAY,,,,,WS-MISC-STORAGE,301,NO,,NO,,'0',,YES
COTRTUPC,FLG-ALPHNANUM-BLANK,CONDITION,N/A,DISPLAY,88,0,Condition: alphanumeric field is blank (VALUE 'B'),WS-EDIT-ALPHANUM-ONLY-FLAGS,N/A,0,0,NO,DISPLAY,,,,,WS-MISC-STORAGE,301,NO,,NO,,'B',,YES
COTRTUPC,WS-MISC-VARS,GROUP,N/A,GROUP,5,51,Miscellaneous working variables group,WS-MISC-STORAGE,N/A,0,0,NO,DISPLAY,,,,,WS-MISC-STORAGE,302,NO,,NO,,,,YES
COTRTUPC,WS-DISP-SQLCODE,FIELD,'----9,NUMERIC,10,5,Displayable SQL code with formatting,WS-MISC-VARS,'----9,5,0,YES,DISPLAY,,,,,WS-MISC-STORAGE,302,NO,,NO,,,,YES
COTRTUPC,WS-STRING-MID,FIELD,9(3),NUMERIC,10,3,String middle position index,WS-MISC-VARS,999,3,0,NO,DISPLAY,,,,,WS-MISC-STORAGE,307,NO,,NO,0,,,YES
COTRTUPC,WS-STRING-LEN,FIELD,9(3),NUMERIC,10,3,String length counter,WS-MISC-VARS,999,3,0,NO,DISPLAY,,,,,WS-MISC-STORAGE,310,NO,,NO,0,,,YES
COTRTUPC,WS-STRING-OUT,FIELD,X(40),ALPHANUMERIC,10,40,String output buffer,WS-MISC-VARS,X(40),40,0,NO,DISPLAY,,,,,WS-MISC-STORAGE,313,NO,,NO,,,,YES
COTRTUPC,WS-DATACHANGED-FLAG,FIELD,X(1),ALPHANUMERIC,5,1,Flag indicating whether data has been modified,WS-MISC-STORAGE,X,1,0,NO,DISPLAY,,,,,WS-MISC-STORAGE,353,NO,,NO,,,,YES
COTRTUPC,NO-CHANGES-FOUND,CONDITION,N/A,DISPLAY,88,0,Condition: no data changes detected (VALUE '0'),WS-DATACHANGED-FLAG,N/A,0,0,NO,DISPLAY,,,,,WS-MISC-STORAGE,353,NO,,NO,,'0',,YES
COTRTUPC,CHANGE-HAS-OCCURRED,CONDITION,N/A,DISPLAY,88,0,Condition: data change has occurred (VALUE '1'),WS-DATACHANGED-FLAG,N/A,0,0,NO,DISPLAY,,,,,WS-MISC-STORAGE,353,NO,,NO,,'1',,YES
COTRTUPC,WS-INPUT-FLAG,FIELD,X(1),ALPHANUMERIC,5,1,Flag indicating input validation status,WS-MISC-STORAGE,X,1,0,NO,DISPLAY,,,,,WS-MISC-STORAGE,354,NO,,NO,,,,YES
COTRTUPC,INPUT-OK,CONDITION,N/A,DISPLAY,88,0,Condition: input validation successful (VALUE '0'),WS-INPUT-FLAG,N/A,0,0,NO,DISPLAY,,,,,WS-MISC-STORAGE,354,NO,,NO,,'0',,YES
COTRTUPC,INPUT-ERROR,CONDITION,N/A,DISPLAY,88,0,Condition: input validation failed (VALUE '1'),WS-INPUT-FLAG,N/A,0,0,NO,DISPLAY,,,,,WS-MISC-STORAGE,354,NO,,NO,,'1',,YES
COTRTUPC,INPUT-PENDING,CONDITION,N/A,DISPLAY,88,0,Condition: input validation pending (VALUE LOW-VALUES),WS-INPUT-FLAG,N/A,0,0,NO,DISPLAY,,,,,WS-MISC-STORAGE,354,NO,,NO,,LOW-VALUES,,YES
COTRTUPC,WS-RETURN-FLAG,FIELD,X(1),ALPHANUMERIC,5,1,Flag controlling return processing,WS-MISC-STORAGE,X,1,0,NO,DISPLAY,,,,,WS-MISC-STORAGE,355,NO,,NO,,,,YES
COTRTUPC,WS-RETURN-FLAG-OFF,CONDITION,N/A,DISPLAY,88,0,Condition: return flag is off (VALUE LOW-VALUES),WS-RETURN-FLAG,N/A,0,0,NO,DISPLAY,,,,,WS-MISC-STORAGE,355,NO,,NO,,LOW-VALUES,,YES
COTRTUPC,WS-RETURN-FLAG-ON,CONDITION,N/A,DISPLAY,88,0,Condition: return flag is on (VALUE '1'),WS-RETURN-FLAG,N/A,0,0,NO,DISPLAY,,,,,WS-MISC-STORAGE,355,NO,,NO,,'1',,YES
COTRTUPC,WS-PFK-FLAG,FIELD,X(1),ALPHANUMERIC,5,1,Flag indicating program function key validity,WS-MISC-STORAGE,X,1,0,NO,DISPLAY,,,,,WS-MISC-STORAGE,356,NO,,NO,,,,YES
COTRTUPC,PFK-VALID,CONDITION,N/A,DISPLAY,88,0,Condition: program function key is valid (VALUE '0'),WS-PFK-FLAG,N/A,0,0,NO,DISPLAY,,,,,WS-MISC-STORAGE,356,NO,,NO,,'0',,YES
COTRTUPC,PFK-INVALID,CONDITION,N/A,DISPLAY,88,0,Condition: program function key is invalid (VALUE '1'),WS-PFK-FLAG,N/A,0,0,NO,DISPLAY,,,,,WS-MISC-STORAGE,356,NO,,NO,,'1',,YES
COTRTUPC,WS-EDIT-TTYP-FLAG,FIELD,X(1),ALPHANUMERIC,5,1,Flag indicating transaction type filter validation status,WS-MISC-STORAGE,X,1,0,NO,DISPLAY,,,,,WS-MISC-STORAGE,357,NO,,NO,,,,YES
COTRTUPC,FLG-TRANFILTER-ISVALID,CONDITION,N/A,DISPLAY,88,0,Condition: transaction type filter is valid (VALUE LOW-VALUES),WS-EDIT-TTYP-FLAG,N/A,0,0,NO,DISPLAY,,,,,WS-MISC-STORAGE,357,NO,,NO,,LOW-VALUES,,YES
COTRTUPC,FLG-TRANFILTER-NOT-OK,CONDITION,N/A,DISPLAY,88,0,Condition: transaction type filter validation failed (VALUE '0'),WS-EDIT-TTYP-FLAG,N/A,0,0,NO,DISPLAY,,,,,WS-MISC-STORAGE,357,NO,,NO,,'0',,YES
COTRTUPC,FLG-TRANFILTER-BLANK,CONDITION,N/A,DISPLAY,88,0,Condition: transaction type filter field is blank (VALUE 'B'),WS-EDIT-TTYP-FLAG,N/A,0,0,NO,DISPLAY,,,,,WS-MISC-STORAGE,357,NO,,NO,,'B',,YES
COTRTUPC,WS-NON-KEY-FLAGS,GROUP,N/A,GROUP,5,1,Non-key field validation flags group,WS-MISC-STORAGE,N/A,0,0,NO,DISPLAY,,,,,WS-MISC-STORAGE,358,NO,,NO,,,,YES
COTRTUPC,WS-EDIT-DESC-FLAGS,FIELD,X(1),ALPHANUMERIC,10,1,Flag indicating description field validation status,WS-NON-KEY-FLAGS,X,1,0,NO,DISPLAY,,,,,WS-MISC-STORAGE,358,NO,,NO,,,,YES
COTRTUPC,FLG-DESCRIPTION-ISVALID,CONDITION,N/A,DISPLAY,88,0,Condition: description field is valid (VALUE LOW-VALUES),WS-EDIT-DESC-FLAGS,N/A,0,0,NO,DISPLAY,,,,,WS-MISC-STORAGE,358,NO,,NO,,LOW-VALUES,,YES
COTRTUPC,FLG-DESCRIPTION-NOT-OK,CONDITION,N/A,DISPLAY,88,0,Condition: description field validation failed (VALUE '0'),WS-EDIT-DESC-FLAGS,N/A,0,0,NO,DISPLAY,,,,,WS-MISC-STORAGE,358,NO,,NO,,'0',,YES
COTRTUPC,FLG-DESCRIPTION-BLANK,CONDITION,N/A,DISPLAY,88,0,Condition: description field is blank (VALUE 'B'),WS-EDIT-DESC-FLAGS,N/A,0,0,NO,DISPLAY,,,,,WS-MISC-STORAGE,358,NO,,NO,,'B',,YES
COTRTUPC,CICS-OUTPUT-EDIT-VARS,GROUP,N/A,GROUP,5,44,CICS output edit variables group,WS-MISC-STORAGE,N/A,0,0,NO,DISPLAY,,,,,WS-MISC-STORAGE,359,NO,,NO,,,,YES
COTRTUPC,WS-EDIT-DATE-X,FIELD,9(10),NUMERIC,10,10,Edited date field in numeric format (REDEFINES WS-EDIT-DATE-X),CICS-OUTPUT-EDIT-VARS,9999999999,10,0,NO,DISPLAY,,,,WS-EDIT-DATE-X,WS-MISC-STORAGE,359,NO,,NO,,,,YES
COTRTUPC,FILLER-1,GROUP,N/A,GROUP,10,10,"Reserved placeholder field used for data structure alignment, padding, or holding constant values",CICS-OUTPUT-EDIT-VARS,N/A,0,0,NO,DISPLAY,,,,WS-EDIT-DATE-X,WS-MISC-STORAGE,359,NO,,NO,,,,YES
COTRTUPC,WS-EDIT-DATE-X-YEAR,FIELD,X(4),ALPHANUMERIC,20,4,Edited date year component,FILLER-1,X(4),4,0,NO,DISPLAY,,,,,WS-MISC-STORAGE,359,NO,,NO,,,,YES
COTRTUPC,FILLER-2,FIELD,X(1),ALPHANUMERIC,20,1,"Reserved placeholder field used for data structure alignment, padding, or holding constant values",FILLER-1,X,1,0,NO,DISPLAY,,,,,WS-MISC-STORAGE,363,NO,,NO,,,,YES
COTRTUPC,WS-EDIT-DATE-MONTH,FIELD,X(2),ALPHANUMERIC,20,2,Edited date month component,FILLER-1,X(2),2,0,NO,DISPLAY,,,,,WS-MISC-STORAGE,364,NO,,NO,,,,YES
COTRTUPC,FILLER-3,FIELD,X(1),ALPHANUMERIC,20,1,"Reserved placeholder field used for data structure alignment, padding, or holding constant values",FILLER-1,X,1,0,NO,DISPLAY,,,,,WS-MISC-STORAGE,366,NO,,NO,,,,YES
COTRTUPC,WS-EDIT-DATE-DAY,FIELD,X(2),ALPHANUMERIC,20,2,Edited date day component,FILLER-1,X(2),2,0,NO,DISPLAY,,,,,WS-MISC-STORAGE,367,NO,,NO,,,,YES
COTRTUPC,WS-EDIT-CURRENCY-9-2,FIELD,X(15),ALPHANUMERIC,10,15,Edited currency amount with 9 digits and 2 decimal places,CICS-OUTPUT-EDIT-VARS,X(15),15,0,NO,DISPLAY,,,,,WS-MISC-STORAGE,369,NO,,NO,,,,YES
COTRTUPC,WS-EDIT-CURRENCY-9-2-F,FIELD,"'+ZZZ,ZZZ,ZZZ.99",DECIMAL,10,15,Formatted currency display with thousands separator and sign,CICS-OUTPUT-EDIT-VARS,"'+ZZZ,ZZZ,ZZZ.99",15,2,YES,DISPLAY,,,,,WS-MISC-STORAGE,384,NO,,NO,,,,YES
COTRTUPC,WS-EDIT-NUMERIC-2,FIELD,9(02),NUMERIC,10,2,Edited numeric field with 2 digits,CICS-OUTPUT-EDIT-VARS,99,2,0,NO,DISPLAY,,,,,WS-MISC-STORAGE,399,NO,,NO,,,,YES
COTRTUPC,WS-EDIT-ALPHANUMERIC-2,FIELD,X(02),ALPHANUMERIC,10,2,Edited alphanumeric field with 2 characters,CICS-OUTPUT-EDIT-VARS,X(2),2,0,NO,DISPLAY,,,,,WS-MISC-STORAGE,401,NO,,NO,,,,YES
COTRTUPC,WS-TABLE-READ-FLAGS,GROUP,N/A,GROUP,5,1,Table read operation flags group,WS-MISC-STORAGE,N/A,0,0,NO,DISPLAY,,,,,WS-MISC-STORAGE,403,NO,,NO,,,,YES
COTRTUPC,WS-TRANTYPE-MASTER-READ-FLAG,FIELD,X(1),ALPHANUMERIC,10,1,Flag indicating transaction type master table read result,WS-TABLE-READ-FLAGS,X,1,0,NO,DISPLAY,,,,,WS-MISC-STORAGE,403,NO,,NO,,,,YES
COTRTUPC,FOUND-TRANTYPE-IN-TABLE,CONDITION,N/A,DISPLAY,88,0,Condition: transaction type found in master table (VALUE '1'),WS-TRANTYPE-MASTER-READ-FLAG,N/A,0,0,NO,DISPLAY,,,,,WS-MISC-STORAGE,403,NO,,NO,,'1',,YES
COTRTUPC,TTYP-UPDATE-RECORD,GROUP,N/A,GROUP,5,60,Transaction type update record group,WS-MISC-STORAGE,N/A,0,0,NO,DISPLAY,,,,,WS-MISC-STORAGE,404,NO,,NO,,,,YES
COTRTUPC,TTUP-UPDATE-TTYP-TYPE,FIELD,X(02),ALPHANUMERIC,15,2,Transaction type code for update operation,TTYP-UPDATE-RECORD,X(2),2,0,NO,DISPLAY,,,,,WS-MISC-STORAGE,404,NO,,NO,,,,YES
COTRTUPC,TTUP-UPDATE-TTYP-TYPE-DESC,FIELD,X(50),ALPHANUMERIC,15,50,Transaction type description for update operation,TTYP-UPDATE-RECORD,X(50),50,0,NO,DISPLAY,,,,,WS-MISC-STORAGE,406,NO,,NO,,,,YES
COTRTUPC,FILLER-4,FIELD,X(08),ALPHANUMERIC,15,8,"Reserved placeholder field used for data structure alignment, padding, or holding constant values",TTYP-UPDATE-RECORD,X(8),8,0,NO,DISPLAY,,,,,WS-MISC-STORAGE,456,NO,,NO,,,,YES
COTRTUPC,WS-INFO-MSG,FIELD,X(40),ALPHANUMERIC,5,40,Informational message to display to user,WS-MISC-STORAGE,X(40),40,0,NO,DISPLAY,,,,,WS-MISC-STORAGE,464,NO,,NO,,,,YES
COTRTUPC,WS-NO-INFO-MESSAGE,CONDITION,N/A,DISPLAY,88,0,"Condition: no informational message (VALUE SPACES, LOW-VALUES)",WS-INFO-MSG,N/A,0,0,NO,DISPLAY,,,,,WS-MISC-STORAGE,464,NO,,NO,,"SPACES, LOW-VALUES",,YES
COTRTUPC,FOUND-TRANTYPE-DATA,CONDITION,N/A,DISPLAY,88,0,Condition: transaction type data found and displayed (VALUE 'Selected transaction type shown above'),WS-INFO-MSG,N/A,0,0,NO,DISPLAY,,,,,WS-MISC-STORAGE,464,NO,,NO,,'Selected transaction type shown above',,YES
COTRTUPC,PROMPT-FOR-SEARCH-KEYS,CONDITION,N/A,DISPLAY,88,0,Condition: prompt user to enter transaction type search key (VALUE 'Enter transaction type to be maintained'),WS-INFO-MSG,N/A,0,0,NO,DISPLAY,,,,,WS-MISC-STORAGE,464,NO,,NO,,'Enter transaction type to be maintained',,YES
COTRTUPC,PROMPT-CREATE-NEW-RECORD,CONDITION,N/A,DISPLAY,88,0,Condition: prompt user to create new record (VALUE 'Press F05 to add. F12 to cancel'),WS-INFO-MSG,N/A,0,0,NO,DISPLAY,,,,,WS-MISC-STORAGE,464,NO,,NO,,'Press F05 to add. F12 to cancel',,YES
COTRTUPC,PROMPT-DELETE-CONFIRM,CONDITION,N/A,DISPLAY,88,0,Condition: prompt user to confirm record deletion (VALUE 'Delete this record ? Press F4 to confirm'),WS-INFO-MSG,N/A,0,0,NO,DISPLAY,,,,,WS-MISC-STORAGE,464,NO,,NO,,'Delete this record ? Press F4 to confirm',,YES
COTRTUPC,CONFIRM-DELETE-SUCCESS,CONDITION,N/A,DISPLAY,88,0,Condition: deletion completed successfully (VALUE 'Delete successful.'),WS-INFO-MSG,N/A,0,0,NO,DISPLAY,,,,,WS-MISC-STORAGE,464,NO,,NO,,'Delete successful.',,YES
COTRTUPC,PROMPT-FOR-CHANGES,CONDITION,N/A,DISPLAY,88,0,Condition: prompt user to update transaction type details (VALUE 'Update transaction type details shown.'),WS-INFO-MSG,N/A,0,0,NO,DISPLAY,,,,,WS-MISC-STORAGE,464,NO,,NO,,'Update transaction type details shown.',,YES
COTRTUPC,PROMPT-FOR-NEWDATA,CONDITION,N/A,DISPLAY,88,0,Condition: prompt user to enter new transaction type details (VALUE 'Enter new transaction type details.'),WS-INFO-MSG,N/A,0,0,NO,DISPLAY,,,,,WS-MISC-STORAGE,464,NO,,NO,,'Enter new transaction type details.',,YES
COTRTUPC,PROMPT-FOR-CONFIRMATION,CONDITION,N/A,DISPLAY,88,0,Condition: prompt user to confirm validated changes (VALUE 'Changes validated.Press F5 to save'),WS-INFO-MSG,N/A,0,0,NO,DISPLAY,,,,,WS-MISC-STORAGE,464,NO,,NO,,'Changes validated.Press F5 to save',,YES
COTRTUPC,CONFIRM-UPDATE-SUCCESS,CONDITION,N/A,DISPLAY,88,0,Condition: update committed to database (VALUE 'Changes committed to database'),WS-INFO-MSG,N/A,0,0,NO,DISPLAY,,,,,WS-MISC-STORAGE,464,NO,,NO,,'Changes committed to database',,YES
COTRTUPC,INFORM-FAILURE,CONDITION,N/A,DISPLAY,88,0,Condition: update operation failed (VALUE 'Changes unsuccessful'),WS-INFO-MSG,N/A,0,0,NO,DISPLAY,,,,,WS-MISC-STORAGE,464,NO,,NO,,'Changes unsuccessful',,YES
COTRTUPC,WS-RETURN-MSG,FIELD,X(75),ALPHANUMERIC,5,75,Return message to communicate status to calling program,WS-MISC-STORAGE,X(75),75,0,NO,DISPLAY,,,,,WS-MISC-STORAGE,504,NO,,NO,,,,YES
COTRTUPC,WS-RETURN-MSG-OFF,CONDITION,N/A,DISPLAY,88,0,Condition: return message is off (VALUE SPACES),WS-RETURN-MSG,N/A,0,0,NO,DISPLAY,,,,,WS-MISC-STORAGE,504,NO,,NO,,SPACES,,YES
COTRTUPC,WS-EXIT-MESSAGE,CONDITION,N/A,DISPLAY,88,0,Condition: exit message for PF03 key press (VALUE 'PF03 pressed.Exiting              '),WS-RETURN-MSG,N/A,0,0,NO,DISPLAY,,,,,WS-MISC-STORAGE,504,NO,,NO,,'PF03 pressed.Exiting              ',,YES
COTRTUPC,WS-INVALID-KEY,CONDITION,N/A,DISPLAY,88,0,Condition: invalid key was pressed (VALUE 'Invalid Key pressed. '),WS-RETURN-MSG,N/A,0,0,NO,DISPLAY,,,,,WS-MISC-STORAGE,504,NO,,NO,,'Invalid Key pressed. ',,YES
COTRTUPC,WS-NAME-MUST-BE-ALPHA,CONDITION,N/A,DISPLAY,88,0,Condition: name field must contain only alphabets and spaces (VALUE 'Name can only contain alphabets and spaces'),WS-RETURN-MSG,N/A,0,0,NO,DISPLAY,,,,,WS-MISC-STORAGE,504,NO,,NO,,'Name can only contain alphabets and spaces',,YES
COTRTUPC,WS-RECORD-NOT-FOUND,CONDITION,N/A,DISPLAY,88,0,Condition: no record found in database for given key (VALUE 'No record found for this key in database'),WS-RETURN-MSG,N/A,0,0,NO,DISPLAY,,,,,WS-MISC-STORAGE,504,NO,,NO,,'No record found for this key in database',,YES
COTRTUPC,NO-SEARCH-CRITERIA-RECEIVED,CONDITION,N/A,DISPLAY,88,0,Condition: no search criteria input received (VALUE 'No input received'),WS-RETURN-MSG,N/A,0,0,NO,DISPLAY,,,,,WS-MISC-STORAGE,504,NO,,NO,,'No input received',,YES
COTRTUPC,NO-CHANGES-DETECTED,CONDITION,N/A,DISPLAY,88,0,Condition: no changes detected from fetched values (VALUE 'No change detected with respect to values fetched.'),WS-RETURN-MSG,N/A,0,0,NO,DISPLAY,,,,,WS-MISC-STORAGE,504,NO,,NO,,'No change detected with respect to values fetched.',,YES
COTRTUPC,COULD-NOT-LOCK-REC-FOR-UPDATE,CONDITION,N/A,DISPLAY,88,0,Condition: record could not be locked for update (VALUE 'Could not lock record for update'),WS-RETURN-MSG,N/A,0,0,NO,DISPLAY,,,,,WS-MISC-STORAGE,504,NO,,NO,,'Could not lock record for update',,YES
COTRTUPC,DATA-WAS-CHANGED-BEFORE-UPDATE,CONDITION,N/A,DISPLAY,88,0,Condition: record was changed by another user before update (VALUE 'Record changed by some one else. Please review'),WS-RETURN-MSG,N/A,0,0,NO,DISPLAY,,,,,WS-MISC-STORAGE,504,NO,,NO,,'Record changed by some one else. Please review',,YES
COTRTUPC,WS-UPDATE-WAS-CANCELLED,CONDITION,N/A,DISPLAY,88,0,Condition: update operation was cancelled (VALUE 'Update was cancelled'),WS-RETURN-MSG,N/A,0,0,NO,DISPLAY,,,,,WS-MISC-STORAGE,504,NO,,NO,,'Update was cancelled',,YES
COTRTUPC,TABLE-UPDATE-FAILED,CONDITION,N/A,DISPLAY,88,0,Condition: update of record in table failed (VALUE 'Update of record failed'),WS-RETURN-MSG,N/A,0,0,NO,DISPLAY,,,,,WS-MISC-STORAGE,504,NO,,NO,,'Update of record failed',,YES
COTRTUPC,RECORD-DELETE-FAILED,CONDITION,N/A,DISPLAY,88,0,Condition: deletion of record failed (VALUE 'Delete of record failed'),WS-RETURN-MSG,N/A,0,0,NO,DISPLAY,,,,,WS-MISC-STORAGE,504,NO,,NO,,'Delete of record failed',,YES
COTRTUPC,WS-DELETE-WAS-CANCELLED,CONDITION,N/A,DISPLAY,88,0,Condition: delete operation was cancelled (VALUE 'Delete was cancelled'),WS-RETURN-MSG,N/A,0,0,NO,DISPLAY,,,,,WS-MISC-STORAGE,504,NO,,NO,,'Delete was cancelled',,YES
COTRTUPC,WS-INVALID-KEY-PRESSED,CONDITION,N/A,DISPLAY,88,0,Condition: invalid key was pressed (VALUE 'Invalid key pressed'),WS-RETURN-MSG,N/A,0,0,NO,DISPLAY,,,,,WS-MISC-STORAGE,504,NO,,NO,,'Invalid key pressed',,YES
COTRTUPC,CODING-TO-BE-DONE,CONDITION,N/A,DISPLAY,88,0,Condition: placeholder message for incomplete coding (VALUE 'Looks Good.... so far'),WS-RETURN-MSG,N/A,0,0,NO,DISPLAY,,,,,WS-MISC-STORAGE,504,NO,,NO,,'Looks Good.... so far',,YES
COTRTUPC,WS-LITERALS,RECORD,N/A,GROUP,1,141,Program literal constants group,WS-LITERALS,N/A,0,0,NO,DISPLAY,,,,,WS-LITERALS,1,NO,,NO,,,,YES
COTRTUPC,LIT-THISPGM,FIELD,X(8),ALPHANUMERIC,5,8,Program name literal (VALUE 'COTRTUPC'),WS-LITERALS,X(8),8,0,NO,DISPLAY,,,,,WS-LITERALS,1,NO,,NO,'COTRTUPC',,,YES
COTRTUPC,LIT-THISTRANID,FIELD,X(4),ALPHANUMERIC,5,4,Transaction identifier literal (VALUE 'CTTU'),WS-LITERALS,X(4),4,0,NO,DISPLAY,,,,,WS-LITERALS,9,NO,,NO,'CTTU',,,YES
COTRTUPC,LIT-THISMAPSET,FIELD,X(8),ALPHANUMERIC,5,8,Map set name literal (VALUE 'COTRTUP '),WS-LITERALS,X(8),8,0,NO,DISPLAY,,,,,WS-LITERALS,13,NO,,NO,'COTRTUP ',,,YES
COTRTUPC,LIT-THISMAP,FIELD,X(7),ALPHANUMERIC,5,7,Map name literal (VALUE 'CTRTUPA'),WS-LITERALS,X(7),7,0,NO,DISPLAY,,,,,WS-LITERALS,21,NO,,NO,'CTRTUPA',,,YES
COTRTUPC,LIT-ADMINPGM,FIELD,X(8),ALPHANUMERIC,5,8,Administration program name literal (VALUE 'COADM01C'),WS-LITERALS,X(8),8,0,NO,DISPLAY,,,,,WS-LITERALS,28,NO,,NO,'COADM01C',,,YES
COTRTUPC,LIT-ADMINTRANID,FIELD,X(4),ALPHANUMERIC,5,4,Administration transaction identifier literal (VALUE 'CA00'),WS-LITERALS,X(4),4,0,NO,DISPLAY,,,,,WS-LITERALS,36,NO,,NO,'CA00',,,YES
COTRTUPC,LIT-ADMINMAPSET,FIELD,X(7),ALPHANUMERIC,5,7,Administration map set name literal (VALUE 'COADM01'),WS-LITERALS,X(7),7,0,NO,DISPLAY,,,,,WS-LITERALS,40,NO,,NO,'COADM01',,,YES
COTRTUPC,LIT-ADMINMAP,FIELD,X(7),ALPHANUMERIC,5,7,Administration map name literal (VALUE 'COADM1A'),WS-LITERALS,X(7),7,0,NO,DISPLAY,,,,,WS-LITERALS,47,NO,,NO,'COADM1A',,,YES
COTRTUPC,LIT-LISTTPGM,FIELD,X(8),ALPHANUMERIC,5,8,List program name literal (VALUE 'COTRTLIC'),WS-LITERALS,X(8),8,0,NO,DISPLAY,,,,,WS-LITERALS,54,NO,,NO,'COTRTLIC',,,YES
COTRTUPC,LIT-LISTTTRANID,FIELD,X(4),ALPHANUMERIC,5,4,List transaction identifier literal (VALUE 'CTLI'),WS-LITERALS,X(4),4,0,NO,DISPLAY,,,,,WS-LITERALS,62,NO,,NO,'CTLI',,,YES
COTRTUPC,LIT-LISTTMAPSET,FIELD,X(7),ALPHANUMERIC,5,7,List map set name literal (VALUE 'COTRTLI'),WS-LITERALS,X(7),7,0,NO,DISPLAY,,,,,WS-LITERALS,66,NO,,NO,'COTRTLI',,,YES
COTRTUPC,LIT-LISTTMAP,FIELD,X(7),ALPHANUMERIC,5,7,List map name literal (VALUE 'CTRTLIA'),WS-LITERALS,X(7),7,0,NO,DISPLAY,,,,,WS-LITERALS,73,NO,,NO,'CTRTLIA',,,YES
COTRTUPC,LIT-ALL-ALPHANUM-FROM-X,GROUP,N/A,GROUP,5,62,Alphanumeric character set reference group,WS-LITERALS,N/A,0,0,NO,DISPLAY,,,,,WS-LITERALS,80,NO,,NO,,,,YES
COTRTUPC,LIT-ALL-ALPHA-FROM-X,GROUP,N/A,GROUP,10,52,Alphabetic character set group,LIT-ALL-ALPHANUM-FROM-X,N/A,0,0,NO,DISPLAY,,,,,WS-LITERALS,80,NO,,NO,,,,YES
COTRTUPC,LIT-UPPER,FIELD,X(26),ALPHANUMERIC,15,26,Uppercase alphabet literal (VALUE 'ABCDEFGHIJKLMNOPQRSTUVWXYZ'),LIT-ALL-ALPHA-FROM-X,X(26),26,0,NO,DISPLAY,,,,,WS-LITERALS,80,NO,,NO,'ABCDEFGHIJKLMNOPQRSTUVWXYZ',,,YES
COTRTUPC,LIT-LOWER,FIELD,X(26),ALPHANUMERIC,15,26,Lowercase alphabet literal (VALUE 'abcdefghijklmnopqrstuvwxyz'),LIT-ALL-ALPHA-FROM-X,X(26),26,0,NO,DISPLAY,,,,,WS-LITERALS,106,NO,,NO,'abcdefghijklmnopqrstuvwxyz',,,YES
COTRTUPC,LIT-NUMBERS,FIELD,X(10),ALPHANUMERIC,10,10,Numeric digit literal (VALUE '0123456789'),LIT-ALL-ALPHANUM-FROM-X,X(10),10,0,NO,DISPLAY,,,,,WS-LITERALS,132,NO,,NO,'0123456789',,,YES
COTRTUPC,LIT-ALL-ALPHA-FROM,FIELD,X(52),ALPHANUMERIC,1,52,All alphabetic characters string,LIT-ALL-ALPHA-FROM,X(52),52,0,NO,DISPLAY,,,,,LIT-ALL-ALPHA-FROM,1,NO,,NO,SPACES,,,YES
COTRTUPC,LIT-ALL-ALPHANUM-FROM,FIELD,X(62),ALPHANUMERIC,1,62,All alphanumeric characters string,LIT-ALL-ALPHANUM-FROM,X(62),62,0,NO,DISPLAY,,,,,LIT-ALL-ALPHANUM-FROM,1,NO,,NO,SPACES,,,YES
COTRTUPC,LIT-ALL-NUM-FROM,FIELD,X(10),ALPHANUMERIC,1,10,All numeric characters string,LIT-ALL-NUM-FROM,X(10),10,0,NO,DISPLAY,,,,,LIT-ALL-NUM-FROM,1,NO,,NO,SPACES,,,YES
COTRTUPC,LIT-ALPHA-SPACES-TO,FIELD,X(52),ALPHANUMERIC,77,52,Alphabetic character set with spaces target,LIT-ALPHA-SPACES-TO,X(52),52,0,NO,DISPLAY,,,,,LIT-ALPHA-SPACES-TO,1,NO,,NO,SPACES,,,YES
COTRTUPC,LIT-ALPHANUM-SPACES-TO,FIELD,X(62),ALPHANUMERIC,77,62,Alphanumeric character set with spaces target,LIT-ALPHANUM-SPACES-TO,X(62),62,0,NO,DISPLAY,,,,,LIT-ALPHANUM-SPACES-TO,1,NO,,NO,SPACES,,,YES
COTRTUPC,LIT-NUM-SPACES-TO,FIELD,X(10),ALPHANUMERIC,77,10,Numeric character set with spaces target,LIT-NUM-SPACES-TO,X(10),10,0,NO,DISPLAY,,,,,LIT-NUM-SPACES-TO,1,NO,,NO,SPACES,,,YES
COTRTUPC,WS-THIS-PROGCOMMAREA,RECORD,N/A,GROUP,1,105,Program communication area for transaction type update,WS-THIS-PROGCOMMAREA,N/A,0,0,NO,DISPLAY,,,,,WS-THIS-PROGCOMMAREA,1,NO,,NO,,,,YES
COTRTUPC,TTUP-UPDATE-SCREEN-DATA,GROUP,N/A,GROUP,5,1,Transaction type update screen data group,WS-THIS-PROGCOMMAREA,N/A,0,0,NO,DISPLAY,,,,,WS-THIS-PROGCOMMAREA,1,NO,,NO,,,,YES
COTRTUPC,TTUP-CHANGE-ACTION,FIELD,X(1),ALPHANUMERIC,10,1,Action code controlling transaction type update processing (VALUE LOW-VALUES),TTUP-UPDATE-SCREEN-DATA,X,1,0,NO,DISPLAY,,,,,WS-THIS-PROGCOMMAREA,1,NO,,NO,LOW-S,,,YES
COTRTUPC,TTUP-DETAILS-NOT-FETCHED,CONDITION,N/A,DISPLAY,88,0,"Condition: transaction type details not yet fetched (VALUE LOW-VALUES, SPACES)",TTUP-CHANGE-ACTION,N/A,0,0,NO,DISPLAY,,,,,WS-THIS-PROGCOMMAREA,1,NO,,NO,,"LOW-VALUES, SPACES",,YES
COTRTUPC,TTUP-INVALID-SEARCH-KEYS,CONDITION,N/A,DISPLAY,88,0,Condition: search keys provided are invalid (VALUE 'K'),TTUP-CHANGE-ACTION,N/A,0,0,NO,DISPLAY,,,,,WS-THIS-PROGCOMMAREA,1,NO,,NO,,'K',,YES
COTRTUPC,TTUP-DETAILS-NOT-FOUND,CONDITION,N/A,DISPLAY,88,0,Condition: transaction type details not found in database (VALUE 'X'),TTUP-CHANGE-ACTION,N/A,0,0,NO,DISPLAY,,,,,WS-THIS-PROGCOMMAREA,1,NO,,NO,,'X',,YES
COTRTUPC,TTUP-SHOW-DETAILS,CONDITION,N/A,DISPLAY,88,0,Condition: show fetched transaction type details (VALUE 'S'),TTUP-CHANGE-ACTION,N/A,0,0,NO,DISPLAY,,,,,WS-THIS-PROGCOMMAREA,1,NO,,NO,,'S',,YES
COTRTUPC,TTUP-CREATE-NEW-RECORD,CONDITION,N/A,DISPLAY,88,0,Condition: create new transaction type record (VALUE 'R'),TTUP-CHANGE-ACTION,N/A,0,0,NO,DISPLAY,,,,,WS-THIS-PROGCOMMAREA,1,NO,,NO,,'R',,YES
COTRTUPC,TTUP-REVIEW-NEW-RECORD,CONDITION,N/A,DISPLAY,88,0,Condition: review new transaction type record before save (VALUE 'V'),TTUP-CHANGE-ACTION,N/A,0,0,NO,DISPLAY,,,,,WS-THIS-PROGCOMMAREA,1,NO,,NO,,'V',,YES
COTRTUPC,TTUP-DELETE-IN-PROGRESS,CONDITION,N/A,DISPLAY,88,0,"Condition: delete operation in progress (VALUE '9', '8', '7', '6')",TTUP-CHANGE-ACTION,N/A,0,0,NO,DISPLAY,,,,,WS-THIS-PROGCOMMAREA,1,NO,,NO,,"'9', '8', '7', '6'",,YES
COTRTUPC,TTUP-CONFIRM-DELETE,CONDITION,N/A,DISPLAY,88,0,Condition: confirm deletion of transaction type record (VALUE '9'),TTUP-CHANGE-ACTION,N/A,0,0,NO,DISPLAY,,,,,WS-THIS-PROGCOMMAREA,1,NO,,NO,,'9',,YES
COTRTUPC,TTUP-START-DELETE,CONDITION,N/A,DISPLAY,88,0,Condition: start deletion of transaction type record (VALUE '8'),TTUP-CHANGE-ACTION,N/A,0,0,NO,DISPLAY,,,,,WS-THIS-PROGCOMMAREA,1,NO,,NO,,'8',,YES
COTRTUPC,TTUP-DELETE-DONE,CONDITION,N/A,DISPLAY,88,0,Condition: deletion of transaction type record completed (VALUE '7'),TTUP-CHANGE-ACTION,N/A,0,0,NO,DISPLAY,,,,,WS-THIS-PROGCOMMAREA,1,NO,,NO,,'7',,YES
COTRTUPC,TTUP-DELETE-FAILED,CONDITION,N/A,DISPLAY,88,0,Condition: deletion of transaction type record failed (VALUE '6'),TTUP-CHANGE-ACTION,N/A,0,0,NO,DISPLAY,,,,,WS-THIS-PROGCOMMAREA,1,NO,,NO,,'6',,YES
COTRTUPC,TTUP-CHANGES-MADE,CONDITION,N/A,DISPLAY,88,0,"Condition: changes have been made to transaction type (VALUE 'E', 'N', 'L', 'F')",TTUP-CHANGE-ACTION,N/A,0,0,NO,DISPLAY,,,,,WS-THIS-PROGCOMMAREA,1,NO,,NO,,"'E', 'N', 'L', 'F'",,YES
COTRTUPC,TTUP-CHANGES-NOT-OK,CONDITION,N/A,DISPLAY,88,0,Condition: changes to transaction type failed validation (VALUE 'E'),TTUP-CHANGE-ACTION,N/A,0,0,NO,DISPLAY,,,,,WS-THIS-PROGCOMMAREA,1,NO,,NO,,'E',,YES
COTRTUPC,TTUP-CHANGES-OK-NOT-CONFIRMED,CONDITION,N/A,DISPLAY,88,0,Condition: changes validated but not yet confirmed (VALUE 'N'),TTUP-CHANGE-ACTION,N/A,0,0,NO,DISPLAY,,,,,WS-THIS-PROGCOMMAREA,1,NO,,NO,,'N',,YES
COTRTUPC,TTUP-CHANGES-FAILED,CONDITION,N/A,DISPLAY,88,0,"Condition: changes to transaction type failed (VALUE 'L', 'F')",TTUP-CHANGE-ACTION,N/A,0,0,NO,DISPLAY,,,,,WS-THIS-PROGCOMMAREA,1,NO,,NO,,"'L', 'F'",,YES
COTRTUPC,TTUP-CHANGES-OKAYED-LOCK-ERROR,CONDITION,N/A,DISPLAY,88,0,Condition: changes validated but record lock failed (VALUE 'L'),TTUP-CHANGE-ACTION,N/A,0,0,NO,DISPLAY,,,,,WS-THIS-PROGCOMMAREA,1,NO,,NO,,'L',,YES
COTRTUPC,TTUP-CHANGES-OKAYED-BUT-FAILED,CONDITION,N/A,DISPLAY,88,0,Condition: changes validated but update failed (VALUE 'F'),TTUP-CHANGE-ACTION,N/A,0,0,NO,DISPLAY,,,,,WS-THIS-PROGCOMMAREA,1,NO,,NO,,'F',,YES
COTRTUPC,TTUP-CHANGES-OKAYED-AND-DONE,CONDITION,N/A,DISPLAY,88,0,Condition: changes validated and successfully saved (VALUE 'C'),TTUP-CHANGE-ACTION,N/A,0,0,NO,DISPLAY,,,,,WS-THIS-PROGCOMMAREA,1,NO,,NO,,'C',,YES
COTRTUPC,TTUP-CHANGES-BACKED-OUT,CONDITION,N/A,DISPLAY,88,0,Condition: changes backed out and cancelled (VALUE 'B'),TTUP-CHANGE-ACTION,N/A,0,0,NO,DISPLAY,,,,,WS-THIS-PROGCOMMAREA,1,NO,,NO,,'B',,YES
COTRTUPC,TTUP-OLD-DETAILS,GROUP,N/A,GROUP,5,52,Original transaction type details group,WS-THIS-PROGCOMMAREA,N/A,0,0,NO,DISPLAY,,,,,WS-THIS-PROGCOMMAREA,2,NO,,NO,,,,YES
COTRTUPC,TTUP-OLD-TTYP-DATA,GROUP,N/A,GROUP,10,52,Original transaction type data group,TTUP-OLD-DETAILS,N/A,0,0,NO,DISPLAY,,,,,WS-THIS-PROGCOMMAREA,2,NO,,NO,,,,YES
COTRTUPC,TTUP-OLD-TTYP-TYPE,FIELD,X(02),ALPHANUMERIC,15,2,Original transaction type code,TTUP-OLD-TTYP-DATA,X(2),2,0,NO,DISPLAY,,,,,WS-THIS-PROGCOMMAREA,2,NO,,NO,,,,YES
COTRTUPC,TTUP-OLD-TTYP-TYPE-DESC,FIELD,X(50),ALPHANUMERIC,15,50,Original transaction type description,TTUP-OLD-TTYP-DATA,X(50),50,0,NO,DISPLAY,,,,,WS-THIS-PROGCOMMAREA,4,NO,,NO,,,,YES
COTRTUPC,TTUP-NEW-DETAILS,GROUP,N/A,GROUP,5,52,New transaction type details group,WS-THIS-PROGCOMMAREA,N/A,0,0,NO,DISPLAY,,,,,WS-THIS-PROGCOMMAREA,54,NO,,NO,,,,YES
COTRTUPC,TTUP-NEW-TTYP-DATA,GROUP,N/A,GROUP,10,52,New transaction type data group,TTUP-NEW-DETAILS,N/A,0,0,NO,DISPLAY,,,,,WS-THIS-PROGCOMMAREA,54,NO,,NO,,,,YES
COTRTUPC,TTUP-NEW-TTYP-TYPE,FIELD,X(02),ALPHANUMERIC,15,2,New transaction type code,TTUP-NEW-TTYP-DATA,X(2),2,0,NO,DISPLAY,,,,,WS-THIS-PROGCOMMAREA,54,NO,,NO,,,,YES
COTRTUPC,TTUP-NEW-TTYP-TYPE-DESC,FIELD,X(50),ALPHANUMERIC,15,50,New transaction type description,TTUP-NEW-TTYP-DATA,X(50),50,0,NO,DISPLAY,,,,,WS-THIS-PROGCOMMAREA,56,NO,,NO,,,,YES
COTRTUPC,WS-COMMAREA,FIELD,X(2000),ALPHANUMERIC,1,2000,Working storage communication area buffer,WS-COMMAREA,X(2000),2000,0,NO,DISPLAY,,,,,WS-COMMAREA,1,NO,,NO,,,,YES
COTRTUPC,DFHCOMMAREA,RECORD,N/A,GROUP,1,32767,CICS-provided communication area for inter-program data passing,DFHCOMMAREA,N/A,0,0,NO,DISPLAY,,,,,DFHCOMMAREA,1,NO,,NO,,,,YES
COTRTUPC,FILLER-5,FIELD,X(1),ALPHANUMERIC,5,1,"Reserved placeholder field used for data structure alignment, padding, or holding constant values",DFHCOMMAREA,X,1,0,NO,DISPLAY,1,32767,,,DFHCOMMAREA,1,NO,,NO,,,,YES
COBTUPDT,WS-INPUT-VARS,RECORD,N/A,GROUP,1,53,Input variables group containing transaction type and description data,WS-INPUT-VARS,N/A,0,0,NO,DISPLAY,,,,,WS-INPUT-VARS,1,NO,,NO,,,,YES
COBTUPDT,INPUT-TYPE,FIELD,X(1),ALPHANUMERIC,5,1,"Transaction type indicator - single character code (PIC X(1), VALUE SPACES)",WS-INPUT-VARS,X,1,0,NO,DISPLAY,,,,,WS-INPUT-VARS,1,NO,,NO,SPACES,,,YES
COBTUPDT,INPUT-TR-NUMBER,FIELD,X(2),ALPHANUMERIC,5,2,"Transaction reference number - two character identifier (PIC X(2), VALUE SPACES)",WS-INPUT-VARS,X(2),2,0,NO,DISPLAY,,,,,WS-INPUT-VARS,2,NO,,NO,SPACES,,,YES
COBTUPDT,INPUT-TR-DESC,FIELD,X(50),ALPHANUMERIC,5,50,"Transaction description - fifty character text field (PIC X(50), VALUE SPACES)",WS-INPUT-VARS,X(50),50,0,NO,DISPLAY,,,,,WS-INPUT-VARS,4,NO,,NO,SPACES,,,YES
COBTUPDT,FLAGS,RECORD,N/A,GROUP,1,1,Flag indicators group for record processing status,FLAGS,N/A,0,0,NO,DISPLAY,,,,,FLAGS,1,NO,,NO,,,,YES
COBTUPDT,LASTREC,FIELD,X(1),ALPHANUMERIC,5,1,"Last record indicator flag - single character code (PIC X(1), VALUE SPACES)",FLAGS,X,1,0,NO,DISPLAY,,,,,FLAGS,1,NO,,NO,SPACES,,,YES
COBTUPDT,WORKING-VARIABLES,RECORD,N/A,GROUP,1,80,Working variables group for message and status handling,WORKING-VARIABLES,N/A,0,0,NO,DISPLAY,,,,,WORKING-VARIABLES,1,NO,,NO,,,,YES
COBTUPDT,WS-RETURN-MSG,FIELD,X(80),ALPHANUMERIC,5,80,"Return message text - eighty character message field (PIC X(80), VALUE SPACES)",WORKING-VARIABLES,X(80),80,0,NO,DISPLAY,,,,,WORKING-VARIABLES,1,NO,,NO,SPACES,,,YES
COBTUPDT,WS-MISC-VARS,RECORD,N/A,GROUP,1,5,Miscellaneous variables group for SQL and system codes,WS-MISC-VARS,N/A,0,0,NO,DISPLAY,,,,,WS-MISC-VARS,1,NO,,NO,,,,YES
COBTUPDT,WS-VAR-SQLCODE,FIELD,'----9,NUMERIC,5,5,SQL return code - numeric value with sign and four decimal places (PIC ----9),WS-MISC-VARS,'----9,5,0,YES,DISPLAY,,,,,WS-MISC-VARS,1,NO,,NO,,,,YES
COBTUPDT,WS-INF-STATUS,RECORD,N/A,GROUP,1,2,Information status code group containing dual status indicators,WS-INF-STATUS,N/A,0,0,NO,DISPLAY,,,,,WS-INF-STATUS,1,NO,,NO,,,,YES
COBTUPDT,WS-INF-STAT1,FIELD,X,ALPHANUMERIC,5,1,Information status indicator 1 - single character code (PIC X),WS-INF-STATUS,X,1,0,NO,DISPLAY,,,,,WS-INF-STATUS,1,NO,,NO,,,,YES
COBTUPDT,WS-INF-STAT2,FIELD,X,ALPHANUMERIC,5,1,Information status indicator 2 - single character code (PIC X),WS-INF-STATUS,X,1,0,NO,DISPLAY,,,,,WS-INF-STATUS,2,NO,,NO,,,,YES
COBTUPDT,WS-INPUT-REC,RECORD,N/A,GROUP,1,53,Input record group containing transaction record data,WS-INPUT-REC,N/A,0,0,NO,DISPLAY,,,,,WS-INPUT-REC,1,NO,,NO,,,,YES
COBTUPDT,INPUT-REC-TYPE,FIELD,X(1),ALPHANUMERIC,5,1,"Input record type indicator - single character code (PIC X(1), VALUE SPACES)",WS-INPUT-REC,X,1,0,NO,DISPLAY,,,,,WS-INPUT-REC,1,NO,,NO,SPACES,,,YES
COBTUPDT,INPUT-REC-NUMBER,FIELD,X(2),ALPHANUMERIC,5,2,"Input record reference number - two character identifier (PIC X(2), VALUE SPACES)",WS-INPUT-REC,X(2),2,0,NO,DISPLAY,,,,,WS-INPUT-REC,2,NO,,NO,SPACES,,,YES
COBTUPDT,INPUT-REC-DESC,FIELD,X(50),ALPHANUMERIC,5,50,"Input record description - fifty character text field (PIC X(50), VALUE SPACES)",WS-INPUT-REC,X(50),50,0,NO,DISPLAY,,,,,WS-INPUT-REC,4,NO,,NO,SPACES,,,YES
